index,url,valid,domain,title,description,image,published,archive,content,quote,language,keyword
0,https://www.insurancejournal.com/magazines/mag-people/2025/12/01/848709.htm,0,www.insurancejournal.com,People,"National Carbon, headquartered in London, appointed Jeff Bright as underwriting director in its expansion into the U.S. market. Bright has over 30 years of experience in the Lloyd’s Property DUA market, where he’s developed and managed extensive U.S. property…",https://www.insurancejournal.com/app/uploads/2025/12/Jeff-Bright-scaled-e1764587107890.jpg,2025-12-01T00:00:00Z,,"National
Jeff Bright
Carbon, headquartered in London, appointed Jeff Bright as underwriting director in its expansion into the U.S. market. Bright has over 30 years of experience in the Lloyd’s Pro… [+9290 chars]",,en,'London'
1,https://news.sky.com/story/uk-weather-danger-to-life-warning-for-parts-of-uk-as-months-worth-of-rain-to-fall-in-24-hours-13477678,0,news.sky.com,Danger to life warning for parts of UK as 'month's worth of rain' to fall in 24 hours,"The warning states that ""fast flowing or deep floodwater is possible"" and landslides have been triggered by the amount of rain expected to fall in Wales, according to the British Geological Survey.",https://e3.365dm.com/25/11/1600x900/skynews-met-office-weather_7097020.jpg?20251130200257,2025-12-01T00:01:00Z,,"There could be a ""danger to life"" from heavy rain and flooding across much of Wales until Tuesday, with up to a month's worth falling within 24 hours, forecasters have warned.
An amber warning that … [+3607 chars]",,en,'England'
2,https://www.cnbc.com/2025/12/01/asia-pacific-markets-today-monday-china-pmi-ratingdog-data-fed-rate-cut.html,0,www.cnbc.com,Asia-Pacific markets set to open higher ahead of private survey of China’s manufacturing activity,Traders are increasingly expecting a rate cut in the upcoming U.S. Fed meeting on Dec. 10.,https://image.cnbcfm.com/api/v1/image/106965576-1635230287335-gettyimages-1278807926-vcg111301485879.jpeg?v=1764545921&w=1920&h=1080,2025-12-01T00:07:00Z,,"Asia-Pacific markets were set to open higher Monday as traders awaited fresh manufacturing activity figures from China and rising expectations of a U.S. Federal Reserve rate cut in December.
Traders… [+1414 chars]",,en,'Chicago'
3,https://www.hogshaven.com/washington-commanders-game-information/391101/washington-commanders-vs-denver-broncos-sunday-night-football-1st-quarter,0,www.hogshaven.com,Washington Commanders vs Denver Broncos Sunday Night Football 1st Quarter,The Washington Commanders host the Denver Broncos on Sunday Night Football,https://s.yimg.com/ny/api/res/1.2/yva1KmRDPlbb29O6Y_oTkA--/YXBwaWQ9aGlnaGxhbmRlcjt3PTEyMDA7aD04MDA7Y2Y9d2VicA--/https://media.zenfs.com/en/sb_nation_articles_115/b9e19ebe772552a7d7f8ea1444ab81d6,2025-12-01T00:30:00Z,,"The Washington Commanders are hosting the Denver Broncos on Sunday Night Football this week. Both teams had their bye week, and enter Week 13 healthier than before. The Commanders have lost their las… [+3296 chars]",,en,'Washington'
4,https://roundtable.io/eagles/opinions/nick-sirianni-s-comment-was-right-but-fans-won-t-want-to-hear-it,0,roundtable.io,"Nick Sirianni's Comment Was Right, but Fans Won't Want to Hear It","Once coaches start making specific comments, it’s only fair to suggest that things are going in as bad a direction as anybody could have imagined. For the Philadelphia Eagles, after they lost to the Chicago Bears in the Black Friday game in Week 13, it sounds…",https://s.yimg.com/ny/api/res/1.2/eabvZMphIaMkNO46pQ_rVA--/YXBwaWQ9aGlnaGxhbmRlcjt3PTEyMDA7aD04MDA7Y2Y9d2VicA--/https://media.zenfs.com/en/roundtable_sports_philadelphia_eagles_articles_691/dca3cec59f55fad4a5258f15d14d90b8,2025-12-01T01:06:00Z,,"Once coaches start making specific comments, its only fair to suggest that things are going in as bad a direction as anybody could have imagined. For the Philadelphia Eagles, after they lost to the C… [+1793 chars]",,en,'Chicago'
5,https://www.digitaljournal.com/world/thousands-march-in-zagreb-against-far-right/article,0,www.digitaljournal.com,Thousands march in Zagreb against far right,"Several thousand people rallied in Croatia’s capital on Sunday in an anti-fascist march protesting against the rise of World War II revisionism and far-right views in the country. In recent months, Croatia has been seeing right-wing nationalists increasingly …",https://www.digitaljournal.com/wp-content/uploads/2025/11/999ee5998d36ccc0b2f14b947c9cd044452f6290.jpg,2025-12-01T02:45:17Z,,"The demonstrators were protesting a rise of far-right rhetoric in Croatia - Copyright AFP Philip FONG
Several thousand people rallied in Croatia’s capital on Sunday in an anti-fascist march protesti… [+2578 chars]",,en,'Croatia'
6,https://abcnews.go.com/International/wireStory/thousands-protest-surge-croatia-incidents-127978168,0,abcnews.go.com,Thousands protest far-right surge in Croatia following incidents,Thousands of people have joined protest marches in Croatia against a surging far right following a spate of incidents targeting ethnic minorities and liberals that have fueled both ethnic and political tensions in the European Union country,https://i.abcnewsfe.com/a/4079beb3-1270-42c6-8ec4-feb8aa988b32/wirestory_4f76f067fef8ea56f682c79bb5fae61d_16x9.jpg?w=1600,2025-12-01T04:05:28Z,,"ZAGREB, Croatia -- Thousands of people on Sunday joined protest marches in Croatia against a surging far right following a spate of incidents that have fueled both ethnic and political tensions in th… [+3262 chars]",,en,'Croatia'
7,https://www.aljazeera.com/news/2025/12/1/venezuela-calls-on-opec-to-counter-us-threats,0,www.aljazeera.com,Venezuela calls on OPEC to counter US threats,Maduro asks oil-producing bloc to help protect Venezuela's oil reserves from US 'aggression'.,https://www.aljazeera.com/wp-content/uploads/2025/12/ap_692cf0917e921-1764552849_49eedf-1764561977.jpg?resize=1200%2C630&quality=80,2025-12-01T04:31:40Z,http://web.archive.org/web/20251201183104/https://www.aljazeera.com/news/2025/12/1/venezuela-calls-on-opec-to-counter-us-threats,Venezuelan President Nicolas Maduro has called on the Organization of the Petroleum Exporting Countries (OPEC) to help his country counter growing and illegal threats from the United States and its p… [+3035 chars],,en,'Kuwait'
8,https://www.israelnationalnews.com/news/418642,0,www.israelnationalnews.com,Israel needs to build cities for Olim,Israel’s Ministry of Aliyah and Integration and the National Emergency Authority recently ran a full-scale drill in Ramla simulating a sudden influx of tens of thousands of Jews fleeing exploding antisemitism and security crises abroad. But where would they g…,https://2.a7.org/files/pictures/000/1042839.jpg,2025-12-01T07:00:00Z,,"Kudos to Israels Minister of Aliyah and Klita (Immigration and Absorption), Ofir Sofer, for beginning to implement some of the projects we proposed to him some three years ago at Emergency Aliya Conf… [+4527 chars]",,en,'New York'
9,https://abcnews.go.com/Entertainment/video/bear-enjoys-fresh-snowfall-chicago-zoo-127986641,0,abcnews.go.com,WATCH: Bear enjoys fresh snowfall at Chicago zoo,"A resident bear at Brookfield Zoo Chicago took delight in the fresh snowfall over the weekend, rolling around in the snow.",https://i.abcnewsfe.com/a/1a2876e5-7b1c-4e09-b318-f29f81df9081/251130_abc_social_bear_hpMain_9x16.jpg?w=992,2025-12-01T07:10:11Z,,"<ul><li>Snow, ice cause travel chaos
</li><li>New cross-country winter storm on the move
</li><li>Hegseth faces scrutiny for lethal boat strikes
</li><li>Trump pardons former Honduran president
<… [+4143 chars]",,en,'Chicago'
10,https://www.globalsecurity.org/military/library/news/2025/11/mil-251130-presstv03.htm,0,www.globalsecurity.org,"Trump pushing US toward 'foreign war' with Venezuela, top senator warns","US Senate Minority Leader Chuck Schumer has censured President Donald Trump for pushing the United States toward a ""foreign war"" with Venezuela.",,2025-12-01T07:24:28Z,,"Iran Press TV
Sunday, 30 November 2025 11:20 AM
US Senate Minority Leader Chuck Schumer has censured President Donald Trump for pushing the United States toward a ""foreign war"" with Venezuela.
Sch… [+2863 chars]",,en,'Venezuela'
11,https://slashdot.org/firehose.pl?op=view&amp;id=180248921,0,slashdot.org,Trump allies dismiss Washington Post report on killing Venezuela boat strike survivors - Axios,Trump allies dismiss Washington Post report on killing Venezuela boat strike survivorsAxios Lawmakers Suggest Follow-Up Boat Strike Could Be a War CrimeThe New York Times Trump says Hegseth told him he didn’t order killing of boat crewThe Washington Post Lawm…,,2025-12-01T07:32:18Z,http://web.archive.org/web/20160119174443/http://slashdot.org/firehose.pl?op=view,"""I think Michael is like litmus paper - he's always trying to learn.""
-- Elizabeth Taylor, absurd non-sequitir about Michael Jackson",,en,'New York'
12,https://slashdot.org/firehose.pl?op=view&amp;id=180249043,0,slashdot.org,Hong Kong apartment fire death toll rises to 146 as city mourns victims - PBS,"Hong Kong apartment fire death toll rises to 146 as city mourns victimsPBS Police comb fire-ravaged Hong Kong apartments, death toll at 146Reuters Hong Kong’s Migrant Domestic Workers Mourn Their Losses in Deadly FireThe New York Times Anger mounts in Hong Ko…",,2025-12-01T07:52:19Z,http://web.archive.org/web/20160119174443/http://slashdot.org/firehose.pl?op=view,"""I think Michael is like litmus paper - he's always trying to learn.""
-- Elizabeth Taylor, absurd non-sequitir about Michael Jackson",,en,'New York'
13,https://www.globenewswire.com/news-release/2025/12/01/3196692/0/en/Clue-Unveils-Our-Year-In-Cycles-A-Candid-Look-at-How-We-Bled-Felt-Loved-and-Lived-in-2025.html,0,www.globenewswire.com,"Clue Unveils Our Year In Cycles: A Candid Look at How We Bled, Felt, Loved and Lived in 2025","NEW YORK, Dec. 01, 2025 (GLOBE NEWSWIRE) -- Clue
, the #1 women-led period and cycle tracker trusted by over 100 million people worldwide, today releases Our Year In Cycles - an annual analysis of how women and people with cycles tracked their lives, bodies …",https://ml-eu.globenewswire.com/Resource/Download/da6152d8-8d87-4228-b007-52eafec73444,2025-12-01T08:00:00Z,,<ul><li>Exclusive cycle tracking data reveals 280 million days of bleeding were tracked across the globe in the last 12 months</li><li>App users logged 34 million sex sessions and 4.4 million orgasms… [+8160 chars],,en,'New York'
14,https://financialpost.com/pmn/business-wire-news-releases-pmn/puma-opens-its-biggest-european-flagship-store-in-the-heart-of-london-bringing-the-best-of-the-brand-closer-to-consumers,0,financialpost.com,"PUMA Opens its Biggest European Flagship Store in the Heart of London, Bringing the Best of the Brand Closer to Consumers","PUMA has opened the doors to its largest-ever European flagship store on Oxford Street in London, which will bring the best of the company’s products and immersive storytelling closer to consumers in one of the busiest shopping destinations in Europe. PUMA op…",https://smartcdn.gprod.postmedia.digital/financialpost/wp-content/uploads/2025/12/bw20251201979895_puma_london_flagship_store_facade.jpeg,2025-12-01T08:03:50Z,,"PUMA has opened the doors to its largest-ever European flagship store on Oxford Street in London, which will bring the best of the companys products and immersive storytelling closer to consumers in … [+7026 chars]",,en,'New York'
15,https://www.israelnationalnews.com/news/418629,0,www.israelnationalnews.com,Progressive Jewish groups voice concern over US ambassador-designate to Hungary,"Progressive Jewish groups in Hungary and US warn that President Trump’s nominee for US ambassador, Ben Landa, may limit community dialogue due to his ties to Israeli far-right figures.",https://2.a7.org/files/pictures/000/1049505.jpg,2025-12-01T08:18:44Z,,"Progressive Jewish activists in Hungary and the US are raising concerns over President Trumps nominee for US ambassador to Hungary, Ben Landa, citing his longstanding ties to senior figures in Israel… [+1104 chars]",,en,'New York'
16,https://www.rt.com/africa/628719-russia-will-open-first-embassy-comoros/,0,www.rt.com,Russia to open first embassy in island nation,The Russian government has approved plans to establish an embassy in Comoros next year Read Full Article at RT.com,https://mf.b37mrtl.ru/files/2025.12/article/692d5de585f5405e6d22d057.jpg,2025-12-01T10:01:55Z,,"Moscow will open its first embassy in Moroni, the capital of the Comoros, in 2025, according to a Russian government directive released on Saturday. 
The island nation had previously indicated its r… [+1787 chars]",,en,'Russia'
17,https://www.npr.org/2025/12/01/g-s1-99886/up-first-newsletter-national-guard-immigration-venezuela-drug-boats-ukraine-negotiations,0,www.npr.org,"U.S. tightens immigration after National Guard shooting. And, latest on Ukraine talks","The White House is moving swiftly to tighten legal immigration reviews after two National Guard members were shot last week. And, Ukraine enters a new round of negotiations to end the war with Russia.",https://npr.brightspotcdn.com/dims3/default/strip/false/crop/5000x2813+0+0/resize/1400/quality/100/format/jpeg/?url=http%3A%2F%2Fnpr-brightspot.s3.amazonaws.com%2F28%2Fba%2F32637828463bbf967e19f7e864d0%2Fgettyimages-2248364883.jpg,2025-12-01T12:39:50Z,,"Good morning. You're reading the Up First newsletter. Subscribe here to get it delivered to your inbox, and listen to the Up First podcast for all the news you need to start your day.
Today's top st… [+6442 chars]",,en,'Russia'
18,https://www.yahoo.com/news/articles/south-african-radio-presenter-arrested-153433080.html,0,www.yahoo.com,A South African radio presenter is arrested on suspicion of recruiting fighters for Russia,"A South African radio presenter appeared in court on Monday accused of recruiting men to fight for Russia in the war in Ukraine.  Nonkululeko Mantula, 39...",https://s.yimg.com/ny/api/res/1.2/NerAhYDJWNhFWihsbQmmWg--/YXBwaWQ9aGlnaGxhbmRlcjt3PTEyMDA7aD04MDA7Y2Y9d2VicA--/https://media.zenfs.com/en/ap.org/ac26e959aabc3ca5169735f9c191c79e,2025-12-01T15:34:33Z,,"CAPE TOWN, South Africa (AP) A South African radio presenter appeared in court on Monday accused of recruiting men to fight for Russia in the war in Ukraine.
Nonkululeko Mantula, 39, was arrested al… [+2706 chars]",,en,'United Arab Emirates'
19,https://www.railway-technology.com/news/eib-global-afdb-mauritania-railway-upgrade/,0,www.railway-technology.com,"EIB Global, AfDB allocate $275m for Mauritania railway upgrade",The financial package consists of a $150m loan from the AfDB and $125m from EIB Global.,https://s.yimg.com/ny/api/res/1.2/iFcHV_M8uwc4AUBI2FMS1A--/YXBwaWQ9aGlnaGxhbmRlcjt3PTEyMDA7aD02NzU-/https://media.zenfs.com/en/railway_technology_356/5342f1e4fe2dc304d76deb8d7e0cf0a9,2025-12-01T15:50:05Z,,The European Investment Bank (EIB Global) and the African Development Bank (AfDB) have announced a joint financing arrangement totalling $275m for the upgrade of Mauritanias principal railway corrido… [+3127 chars],,en,'Mauritania'
20,https://gizmodo.com/russia-cut-off-from-iss-after-launch-pad-structure-collapses-2000693958,0,gizmodo.com,Russia Cut Off From ISS After Launch Pad Structure Collapses,"The Soyuz MS-28 launch destroyed a key piece of launch pad equipment, grounding Russia’s ISS missions for the foreseeable future.",https://gizmodo.com/app/uploads/2025/12/Soyuz-MS-28-roll-out-1200x675.jpg,2025-12-01T16:30:20Z,http://web.archive.org/web/20251201173703/https://gizmodo.com/russia-cut-off-from-iss-after-launch-pad-structure-collapses-2000693958,"Russias Soyuz MS-28 spacecraft launched on November 27, safely delivering two Roscosmos cosmonauts and one NASA astronaut to the International Space Station (ISS). The routine mission was a success, … [+3704 chars]",,en,'Russia'
21,https://mondediplo.com/2025/12/03ecuador,0,mondediplo.com,"Ecuador, firmly back in the US orbit","A second Trump administration has accelerated the return of the US to Latin America – and with the war on drugs and fears of China providing cover, Ecuador has proved very willing to cooperate.

-
2025/12

/ 
article, 
2025/12 Ecuador",https://mondediplo.com/IMG/logo/gettyimages-2056303787.jpg,2025-12-01T21:41:12Z,http://web.archive.org/web/20251215093017/https://mondediplo.com/2025/12/03ecuador,"Tiny Pacific archipelago key to Washingtons Latin American security triangle
A second Trump administration has accelerated the return of the US to Latin America and with the war on drugs and fears o… [+3225 chars]",,en,'Ecuador'
https://www.digitaljournal.com/world/pacific-island-office-enabling-sanctions-busting-shadow-fleets/article,https://www.digitaljournal.com/world/pacific-island-office-enabling-sanctions-busting-shadow-fleets/article,0,www.digitaljournal.com,Pacific island office enabling sanctions-busting ‘shadow fleets’,"Dozens of oil tankers suspected of smuggling contraband crude for Russia and Iran have been using a beachside office in the tropical South Pacific to cover their tracks, an AFP analysis of sanctions data has revealed. Nestled next to a pizza shop in the far-f…",https://www.digitaljournal.com/wp-content/uploads/2025/12/12c8460d23308f1addb23467928e6a05aebfc00c.jpg,2025-12-02T01:27:20Z,,"The Cook Islands was one of the 'top countries whose flags are used by shadow tankers transporting Russian crude oil', according to a European Parliament briefing from 2024 - Copyright AFP/File Marty… [+5904 chars]",,en,'Iran'
22,https://www.abc.net.au/news/2025-12-02/png-calls-for-buffer-zone-with-indonesia-amid-australia-treaty/106090380,0,www.abc.net.au,PNG calls for 'buffer zone' with Indonesia amid concerns over West Papua conflict,"Australia, Papua New Guinea and Indonesia have started holding annual defence ministers meetings to build trust and boost military cooperation, while PNG proposes building a 10km-wide demilitarised ""buffer zone"" along its border with Indonesia.",https://live-production.wcms.abc-cdn.net.au/eaecb23499da126d4dbadccfdae19294?impolicy=wcms_watermark_news&cropH=2185&cropW=3884&xPos=0&yPos=205&width=862&height=485&imformat=generic,2025-12-02T01:38:35Z,,"Australia, Papua New Guinea and Indonesia have started annual defence ministers meetings to build trust and boost military cooperation after a new defence treaty between Canberra and Port Moresby sti… [+5421 chars]",,en,'Port Moresby'
23,https://www.abc.net.au/news/2025-12-02/china-ship-flotilla-philippines-defence-force/106092522,0,www.abc.net.au,New satellite images show scale of China's Philippine Sea flotilla,Private firm Starboard Maritime Intelligence says it has used satellite technology to track down the People's Liberation Army Navy task group.,https://live-production.wcms.abc-cdn.net.au/83d4f8aa51da9a5e8e1af9a87590e312?impolicy=wcms_watermark_news&cropH=1440&cropW=2560&xPos=0&yPos=15&width=862&height=485&imformat=generic,2025-12-02T05:43:01Z,,"A private intelligence company has revealed a Chinese naval task group being tracked by the Australian military west of the Philippines boasts ships with formidable firepower, including a Landing Hel… [+3795 chars]",,en,'China'
24,https://www.naturalnews.com/2025-12-02-saudi-arabia-cut-january-oil-cost-asia.html,0,www.naturalnews.com,Saudi Arabia to cut January oil prices for Asian buyers to five-year low,"The world’s largest crude exporter, the Kingdom of Saudi Arabia, is expected to slash January oil prices for Asian buyers to their lowest premium in five years, reflecting weakening demand and oversupply concerns. Saudi Aramco may reduce its Arab Light crude …",https://www.naturalnews.com/wp-content/uploads/sites/91/2025/12/Crude-Oil-Price-Crash.jpg,2025-12-02T06:00:00Z,,"<ul><li>The world's largest crude exporter, the Kingdom of Saudi Arabia, is expected to slash January oil prices for Asian buyers to their lowest premium in five years, reflecting weakening demand an… [+3755 chars]",,en,'Kuwait'
25,https://www.bbc.com/news/articles/cqlk663555no,0,www.bbc.com,UK criticises Gaza aid delays as tents take year to arrive,"Foreign Secretary Yvette Cooper said the situation remains ""dire"" as the United Nations warned 1.5 million people are in need of urgent shelter.",https://ichef.bbci.co.uk/news/1024/branded_news/442d/live/66641f80-cf01-11f0-bdb0-ab4ab31f90fa.png,2025-12-02T06:00:59Z,http://web.archive.org/web/20251202083610/https://www.bbc.com/news/articles/cqlk663555no,"Jennifer McKiernan,Political reporterand
Nick Eardley,Political correspondent
The UK government has criticised delays in aid being allowed into Gaza after a consignment of more than 1,100 tents it … [+2805 chars]",,en,'Gaza'
26,https://www.globenewswire.com/news-release/2025/12/02/3197588/0/en/Toobit-Expands-Trading-Tools-Suite-with-Altrady-Integration.html,0,www.globenewswire.com,Toobit Expands Trading Tools Suite with Altrady Integration,"GEORGE TOWN, Cayman Islands, Dec. 02, 2025 (GLOBE NEWSWIRE) -- Toobit, the award-winning global cryptocurrency exchange, today announces the launch and full operation of its integration with Altrady, the comprehensive all-in-one crypto trading terminal.",https://ml.globenewswire.com/Resource/Download/52b556ae-0c1f-414f-94d2-603f7debb9cc,2025-12-02T06:14:00Z,,"GEORGE TOWN, Cayman Islands, Dec. 02, 2025 (GLOBE NEWSWIRE) -- Toobit, the award-winning global cryptocurrency exchange, today announces the launch and full operation of its integration with Altrady,… [+4814 chars]",,en,'Cayman Islands'
27,https://www.livescience.com/planet-earth/geology/trio-of-black-mesas-leftover-from-paleozoic-era-spawn-rare-sand-dunes-in-the-sahara-earth-from-space,0,www.livescience.com,Trio of 'black mesas' leftover from Paleozoic era spawn rare sand dunes in the Sahara — Earth from space,"A 2023 astronaut photo shows three dark hills, or mesas, towering above part of the Sahara desert in southern Mauritania. The structures are remnants of a single Paleozoic era formation, and have helped to create a series of striking sand dunes.",https://cdn.mos.cms.futurecdn.net/bedNCLLgGYyWRqV6qchGvE-1600-80.jpg,2025-12-02T08:00:00Z,http://web.archive.org/web/20251202225335/https://www.livescience.com/planet-earth/geology/trio-of-black-mesas-leftover-from-paleozoic-era-spawn-rare-sand-dunes-in-the-sahara-earth-from-space,"Where is it? Guérou, Mauritania [16.930575400, -11.759622605]
What's in the photo? Three black mesas surrounded by unusual sand dunes in the Sahara Desert
Who took the photo? An unnamed astronaut o… [+4291 chars]",,en,'Mauritania'
28,https://science.slashdot.org/story/25/12/02/0125248/russia-still-using-black-market-starlink-terminals-on-its-drones,0,science.slashdot.org,Russia Still Using Black Market Starlink Terminals On Its Drones,"schwit1 shares a report from Behind The Black: In its war with the Ukraine, it appears Russia is still managing to obtain black market Starlink mini-terminals for use on its drones, despite an effort since 2024 to block access. [Imagery from eastern Ukraine s…",https://a.fsdn.com/sd/topics/space_64.png,2025-12-02T10:00:00Z,http://web.archive.org/web/20251204224304/https://science.slashdot.org/story/25/12/02/0125248/russia-still-using-black-market-starlink-terminals-on-its-drones,"In its war with the Ukraine, it appears Russia is still managing to obtain black market Starlink mini-terminals for use on its drones, despite an effort since 2024 to block access. [Imagery from east… [+1495 chars]",,en,'Ukraine'
29,https://www.bbc.com/sport/cricket/articles/clydqz180e2o,0,www.bbc.com,Media will not stop us enjoying Australia - Stokes,"England will continue to enjoy their time off in Australia during the Ashes despite media scrutiny, says captain Ben Stokes.",https://ichef.bbci.co.uk/ace/branded_sport/1200/cpsprodpb/3f01/live/e88eb2a0-cf73-11f0-b355-05c29911d4af.jpg,2025-12-02T12:00:06Z,,"In the aftermath of a crushing defeat in Perth, the first two-day Ashes Test for 104 years, England came under fire for their approach on the field, activities off it and decision not to send any of … [+2132 chars]",,en,'Australia'
30,http://deadline.com/2025/12/shams-studios-uae-construction-begins-film-tv-facility-1236632932/,0,deadline.com,"Construction Underway On 10,000 SqM Shams Studios In United Arab Emirates","Construction is underway in Sharjah, United Arab Emirates, on ambitious 9,600 square meter production facility, Shams Studios. Those behind the studio want it to serve as “a hub for international producers, offering soundstages and production facilities” and …",https://deadline.com/wp-content/uploads/2025/12/Shams-Studios.jpg?w=1024,2025-12-02T13:07:48Z,,"Construction is underway in Sharjah, United Arab Emirates, on ambitious 9,600 square meter production facility, Shams Studios.
Those behind the studio want it to serve as “a hub for international pr… [+1955 chars]",,en,'United Arab Emirates'
31,https://www.globenewswire.com/news-release/2025/12/02/3197962/0/en/Alpha-Capital-Invests-in-VIXO-Protocol-to-Advance-Privacy-Optional-Decentralized-Stable-Finance-Infrastructure.html,0,www.globenewswire.com,Alpha Capital Invests in VIXO Protocol to Advance Privacy-Optional Decentralized Stable Finance Infrastructure,"GEORGE TOWN, Cayman Islands, Dec. 02, 2025 (GLOBE NEWSWIRE) -- Global digital asset investment firm Alpha Capital today announced a strategic investment in VIXO Protocol. This marks a significant milestone in Alpha Capital’s ongoing commitment to supporting n…",https://ml.globenewswire.com/Resource/Download/60d6f69b-9e02-4628-8674-f46547b2ff38,2025-12-02T13:38:00Z,,"GEORGE TOWN, Cayman Islands, Dec. 02, 2025 (GLOBE NEWSWIRE) -- Global digital asset investment firm Alpha Capital today announced a strategic investment in VIXO Protocol. This marks a significant mil… [+5649 chars]",,en,'Cayman Islands'
32,https://www.ndtvprofit.com/sports/club-football-laliga-barcelona-vs-atletico-madrid-live-streaming-telecast-match-start-time-team-news-lineups-watch-online-tv-india-barca-fcb-atm,0,www.ndtvprofit.com,"Barcelona vs Atletico Madrid Live Streaming: When, Where To Watch LaLiga Match?","FC Barcelona vs Atletico Madrid La Liga match will start at 1:30 a.m. IST at Spotify Camp Nou on Wednesday. Fans in India can watch Barca vs Atleti match live on the FanCode app and website. FCB: Joan Garcia (GK), Jules Kounde, Pau Cubarsi, Gerard Martin, Ale…",https://media.assettype.com/bloombergquint%2F2025-10-23%2F338plobz%2FMGA0582.webp?w=1200&auto=format%2Ccompress&ogImage=true,2025-12-02T14:30:00Z,,"FC Barcelona and Atletico Madrid go head-to-head with both eager to strengthen their bids for the LaLiga crown.
Barcelona are currently at top of the LaLiga table, with Diego Simeone's Atletico Madr… [+1226 chars]",,en,'Diego Garcia'
33,https://www.yahoo.com/news/articles/mass-wedding-gaza-celebrates-life-190619618.html,0,www.yahoo.com,Mass wedding in Gaza celebrates new life after years of war and tragedy,Eman Hassan Lawwa was dressed in traditional Palestinian prints and Hikmat Lawwa wore a suit as they walked hand-in-hand past the crumbled buildings of...,https://s.yimg.com/ny/api/res/1.2/3Zx_hEK52sJsyK8CQrwMSw--/YXBwaWQ9aGlnaGxhbmRlcjt3PTEyMDA7aD04MDA7Y2Y9d2VicA--/https://media.zenfs.com/en/ap.org/ef4db11f1923991abe3e850e452e5fb0,2025-12-02T19:06:19Z,,"KHAN YOUNIS, Gaza Strip (AP) Eman Hassan Lawwa was dressed in traditional Palestinian prints and Hikmat Lawwa wore a suit as they walked hand-in-hand past the crumbled buildings of southern Gaza in a… [+3257 chars]",,en,'Gaza'
34,https://www.jpost.com/israel-news/politics-and-diplomacy/article-878993,0,www.jpost.com,"75% of Arab Israelis support Arab party joining government coalition post-war, survey reveals","The survey, conducted by Tel Aviv University, examined the attitudes of Israel’s Arab population following the conclusion of the war in Gaza. More than 75...",https://media.zenfs.com/en/jerusalem_post_articles_818/42292c262e8a411cdb33756f2ba04a23,2025-12-02T20:18:39Z,,"The survey, conducted by Tel Aviv University, examined the attitudes of Israels Arab population following the conclusion of the war in Gaza.
More than 75% of Israels Arab citizens support an Arab pa… [+4810 chars]",,en,'Gaza'
35,https://www.bbc.com/news/articles/c5yj59n0veqo,0,www.bbc.com,"Chinese mega embassy could bring security advantages, says No 10",Some believe China's mega-embassy could be a hub for espionage in the heart of London.,https://ichef.bbci.co.uk/news/1024/branded_news/98ec/live/728f5710-cfa7-11f0-932c-9d1f4bca4809.png,2025-12-02T21:59:53Z,http://web.archive.org/web/20251202222416/https://www.bbc.com/news/articles/c5yj59n0veqo,"Jennifer McKiernan,Political reporterand
Harry Farley &amp; Damian Grammaticas,Political correspondents
Plans for a Chinese mega embassy in London could bring ""security advantages"", the prime minis… [+4369 chars]",,en,'China'
36,https://www.businessinsider.com/netflix-peter-friedlander-testifies-director-carl-rinsch-fruad-trial-2025-12,0,www.businessinsider.com,Ex-Netflix executive details how a 'visionary' project slowly unraveled into an alleged $11 million fraud,Former Netflix exec Peter Friedlander described how director Carl Rinsch's ambitious sci-fi project turned into a Hollywood debacle and alleged fraud.,https://i.insider.com/692f624a71107c9f345736dd?width=1200&format=jpeg,2025-12-02T23:37:13Z,,"He didn't get a visionary Netflix series. But at least he got a coffee table book.
Former Netflix executive Peter Friedlander testified Tuesday about director-producer Carl Rinsch's failure to deliv… [+5166 chars]",,en,'Brazil'
37,https://www.wired.com/story/russia-icbm-crash-putin/,0,www.wired.com,"Russia Wants This Mega Missile to Intimidate the West, but It Keeps Crashing",One of Vladimir Putin’s favorite sabers to rattle seems to have lost its edge.,"https://media.wired.com/photos/692f65178f59b835139411b5/191:100/w_1280,c_limit/sec-putin-2248122780.jpg",2025-12-03T00:00:00Z,,A Russian intercontinental ballistic missile (ICBM) fired from an underground silo on the countrys southern steppe Friday on a scheduled test to deliver a dummy warhead to a remote impact zone nearly… [+2422 chars],,en,'Russia'
38,https://www.yahoo.com/news/articles/israel-says-findings-returned-gaza-062901006.html,0,www.yahoo.com,Israel says it will start letting Palestinians leave Gaza through reopened border crossing,"Israel on Wednesday said it will start letting Palestinians leave Gaza through a reopened border crossing, complying with a U.S.-backed ceasefire deal even...",https://s.yimg.com/ny/api/res/1.2/iuLRa1xTLP9v7tpDikk1nQ--/YXBwaWQ9aGlnaGxhbmRlcjt3PTEyMDA7aD04MDA7Y2Y9d2VicA--/https://media.zenfs.com/en/ap.org/825a420948d10fc2121a1e646ecc549d,2025-12-03T06:29:01Z,,"JERUSALEM (AP) Israel on Wednesday said it will start letting Palestinians leave Gaza through a reopened border crossing, complying with a U.S.-backed ceasefire deal even though it also said that par… [+6747 chars]",,en,'Gaza'
39,https://www.yahoo.com/news/articles/deadly-floods-indonesia-sri-lanka-070645834.html,0,www.yahoo.com,"Deadly floods in Indonesia, Sri Lanka, Thailand and Malaysia kill more than 1,400 people","Parts of Asia were reeling after torrents of rain unleashed catastrophic floods and landslides last week, killing more than 1,400 people in Indonesia, Sri...",https://s.yimg.com/ny/api/res/1.2/0zK7TtdMqvRj8TMuMd9P2g--/YXBwaWQ9aGlnaGxhbmRlcjt3PTEyMDA7aD04MDA7Y2Y9d2VicA--/https://media.zenfs.com/en/ap.org/d54d0a13839e3bfde6ab5bb0fb3d99ac,2025-12-03T07:06:45Z,,"BATANG TORU, Indonesia (AP) Parts of Asia were reeling after torrents of rain unleashed catastrophic floods and landslides last week, killing more than 1,400 people in Indonesia, Sri Lanka, Thailand … [+4123 chars]",,en,'Indonesia'
40,https://www.globenewswire.com/news-release/2025/12/03/3198634/0/en/Unlocking-every-potential-Papua-New-Guinea-s-drive-for-an-inclusive-workforce.html,0,www.globenewswire.com,Unlocking every potential: Papua New Guinea’s drive for an inclusive workforce,"PORT MORESBY, Papua New Guinea, Dec. 03, 2025 (GLOBE NEWSWIRE) -- In Papua New Guinea, many children with disabilities go unidentified, missing out on vital support to succeed in school. Without early screening and proper assessment, their needs remain invisi…",https://ml.globenewswire.com/Resource/Download/298bc743-511f-4b6d-9f80-470b632c11f4,2025-12-03T09:35:00Z,,<ul><li>Inclusive education and workplaces are creating opportunities for young people to reach their full potential and fuel economic growth in Papua New Guinea.</li><li>The Papua New Guinea Educati… [+5240 chars],,en,'Papua New Guinea'
41,https://financialpost.com/globe-newswire/unlocking-every-potential-papua-new-guineas-drive-for-an-inclusive-workforce,0,financialpost.com,Unlocking every potential: Papua New Guinea’s drive for an inclusive workforce,"Inclusive education and workplaces are creating opportunities for young people to reach their full potential and fuel economic growth in Papua New Guinea. The Papua New Guinea Education Advocacy Network, supported by the Global Partnership for Education’s (GP…",https://smartcdn.gprod.postmedia.digital/financialpost/wp-content/uploads/2025/12/unlocking-every-potential-papua-new-guineas-drive-for-an-inc.jpeg,2025-12-03T09:39:08Z,,"THIS CONTENT IS RESERVED FOR SUBSCRIBERS ONLY
Subscribe now to read the latest news in your city and across Canada.
<ul><li>Exclusive articles from Barbara Shecter, Joe O'Connor, Gabriel Friedman, … [+5045 chars]",,en,'Papua New Guinea'
42,https://www.bbc.com/sport/cricket/articles/cly0rv97933o,0,www.bbc.com,'Only win will do in biggest Test of Bazball era',"England cannot mathematically lose the Ashes in Brisbane, but a 2-0 deficit would mean the urn is as good as gone - this is the biggest Test of the Bazball era, says Stephan Shemilt.",https://ichef.bbci.co.uk/ace/branded_sport/1200/cpsprodpb/a765/live/db6d8530-d034-11f0-be7e-2de49272c144.jpg,2025-12-03T11:30:49Z,,"Unfortunately for England, perception feeds reality. The only way they can alter the narrative that surrounds them is with victory.
To do that they need to adapt to conditions at the Gabba better th… [+2298 chars]",,en,'England'
43,https://www.globenewswire.com/news-release/2025/12/03/3198714/0/en/Drugs-Made-In-America-Acquisition-II-Corp-Announces-the-Separate-Trading-of-its-Ordinary-Shares-and-Rights-Commencing-December-3-2025.html,0,www.globenewswire.com,"Drugs Made In America Acquisition II Corp. Announces the Separate Trading of its Ordinary Shares and Rights Commencing December 3, 2025","Fort Lauderdale, FL, Dec. 03, 2025 (GLOBE NEWSWIRE) -- Drugs Made In America Acquisition II Corp. (the “Company”), a special purpose acquisition company formed as a Cayman Islands exempted company, today announced that commencing December 3, 2025, holders of …",,2025-12-03T11:34:00Z,,"Fort Lauderdale, FL, Dec. 03, 2025 (GLOBE NEWSWIRE) -- Drugs Made In America Acquisition II Corp. (the Company), a special purpose acquisition company formed as a Cayman Islands exempted company, tod… [+3911 chars]",,en,'Cayman Islands'
44,https://yle.fi/a/74-20197618,0,yle.fi,"Valtonen: Russian war talk ""shouldn't be taken too seriously""","""Russia is desperately looking for a way out of a war that it should never have started and that was based on completely false assumptions,"" Finland's foreign minister told journalists in Brussels.","https://images.cdn.yle.fi/image/upload/c_crop,x_3,y_272,w_5785,h_3254/w_1200,ar_1.91,c_fill/q_auto:eco,f_auto,fl_lossy/v1757506213/39-152029568c16a1c7c9c3",2025-12-03T11:38:26Z,,"According to Finnish Foreign Minister Elina Valtonen (NCP), the first step towards peace in Ukraine would be a complete ceasefire, or at least a suspension of attacks on each countrys energy sector.… [+1847 chars]",,en,'Russia'
45,https://www.bbc.com/sport/football/articles/cly356q03n4o,0,www.bbc.com,Success in 2025 - are the Lionesses ready for 2026?,England cap off a successful 2025 with two resounding victories over China and Ghana at home - so what shape are they in for World Cup qualification?,https://ichef.bbci.co.uk/ace/branded_sport/1200/cpsprodpb/28aa/live/826b6b00-d034-11f0-be7e-2de49272c144.jpg,2025-12-03T11:52:51Z,http://web.archive.org/web/20251209034814/https://www.bbc.com/sport/football/articles/cly356q03n4o,"England's aim next year is a simple one - to qualify for the 2027 World Cup, which will be held in Brazil.
They have been drawn in a qualifying group alongside 2023 winners Spain - who beat the Lion… [+2666 chars]",,en,'England'
46,https://www.dazeddigital.com/life-culture/article/69194/1/pieces-chess-club-checkers-lisbon-first-birthday-party-gen-z-hobby?utm_source=Link&utm_medium=Link&utm_campaign=RSSFeed&utm_term=it-s-self-consciously-cool-inside-the-chess-club-boom,0,www.dazeddigital.com,‘It’s self-consciously cool’: Inside the chess club boom,"One year on from its inaugural event, the Lisbon-founded Pieces Chess Club has thrown in-demand events in Berlin, London, Vienna, Oslo, and more. What’s behind its soaring success?",https://images-prod.dazeddigital.com/1200/0-959-1659-1106/azure/dazed-prod/1430/2/1432236.jpg,2025-12-03T12:26:00Z,,"Its a Friday night in Lisbons Marvilla district, and theres a queue piling up outside Pieces Chess Club a mashup of social chess and music for their first anniversary block party. Outside the repurpo… [+6391 chars]",,en,'Vienna'
47,https://www.forbes.com/sites/timgenske/2025/12/03/milano-cortina-2026-winter-olympics-team-germany-hopefuls/,0,www.forbes.com,Milano-Cortina 2026 Winter Olympics: Team Germany Hopefuls,"Germany has achieved remarkable Winter Olympic success.  Since reunification in 1990, Germany has been a force topping the medals tables in 1992, 1998, 2002 and 2006.",https://imageio.forbes.com/specials-images/imageserve/69303114fbf4656c2e97c4bd/0x0.jpg?format=jpg&height=900&width=1600&fit=bounds,2025-12-03T13:17:14Z,,"65 Days until the Milano-Cortina 2026 Olympic Opening Ceremonies.
PYEONGCHANG-GUN, SOUTH KOREA - FEBRUARY 25: Nico Walther, Kevin Kuske, Alexander Roediger and Eric Franke of Germany compete in thei… [+9638 chars]",,en,'Sarajevo'
48,https://biztoc.com/x/422d8768e4825e81,0,biztoc.com,Vienna software testing startup Antithesis lands $100M in Series A led by customer Jane Street,"The company, which emerged from stealth less than two years ago, counts some of the world's most demanding tech companies among its clients.",https://biztoc.com/cdn/422d8768e4825e81_s.webp,2025-12-03T13:44:37Z,,"The company, which emerged from stealth less than two years ago, counts some of the world's most demanding tech companies among its clients.
This story appeared on bizjournals.com, 2025-12-03 13:24:… [+2 chars]",,en,'Vienna'
49,https://www.boredpanda.com/funny-relatable-comics-about-everyday-life-lomecomics-msn/,0,www.boredpanda.com,38 Relatable Slice-Of-Life Comics By Lome,"Many bad things have arisen because of the global pandemic. But there are some silver linings, too. Some of the things we took for granted before, we now cherish and appreciate more than ever. We have come to realize that it's the little things in life that m…",https://static.boredpanda.com/blog/wp-content/uploads/2020/05/funny-relatable-comics-about-everyday-life-lomecomics-fb67-png__700.jpg,2025-12-03T14:15:17Z,,"Many bad things have arisen because of the global pandemic. But there are some silver linings, too. Some of the things we took for granted before, we now cherish and appreciate more than ever. We hav… [+925 chars]",,en,'Lome'
50,https://sputnikglobe.com/20251203/rosatom-to-drive-ais-128bln-boost-to-russian-economy-by-2030---ceo-1123220997.html,0,sputnikglobe.com,Rosatom to Drive AI’s $128Bln Boost to Russian Economy by 2030 - CEO,"MOSCOW (Sputnik) - Russian nuclear corporation Rosatom will help deliver at least 110 billion euros ($128 billion) in artificial intelligence contributions to Russia’s economy by 2030 through a full tech cycle, starting from energy production and closing with…",https://cdn1.img.sputnikglobe.com/images/sharing/article/eng/1123220997.jpg?10831187941764771650,2025-12-03T14:20:49Z,,"Get breaking stories and analysis on the global economy from Sputnik.
https://sputnikglobe.com/20251203/rosatom-to-drive-ais-128bln-boost-to-russian-economy-by-2030---ceo-1123220997.html
Rosatom to… [+2992 chars]",,en,'Vienna'
51,https://consent.yahoo.com/v2/collectConsent?sessionId=1_cc-session_d63f11ae-db2d-4892-a8e8-07c7fab894c3,0,consent.yahoo.com,"Hamas infiltrated, manipulated aid NGOs, captured Gaza documents reveal",,,2025-12-03T15:00:03Z,,"If you click 'Accept all', we and our partners, including 240 who are part of the IAB Transparency &amp; Consent Framework, will also store and/or access information on a device (in other words, use … [+714 chars]",,en,'Gaza'
52,https://abcnews.go.com/International/wireStory/yemens-houthis-release-mariners-held-july-ship-attack-128074034,0,abcnews.go.com,Yemen's Houthis release mariners held since July ship attack,Yemen’s Houthi rebels say they have released mariners they have held since an attack in July on the ship Eternity C in the Red Sea,https://i.abcnewsfe.com/a/91119b4e-fc91-4349-a4a2-30cd5a823e7f/wirestory_54d87ebd3c8c36d5a2b8216b9386b404_16x9.jpg?w=1600,2025-12-03T15:57:46Z,,"DUBAI, United Arab Emirates -- Yemen's Houthi rebels on Wednesday released mariners held since a July attack on the ship Eternity C in the Red Sea, an assault that killed at least four on board and s… [+2289 chars]",,en,'Yemen'
53,https://www.thestar.com.my/news/world/2025/12/04/eu-grants-additional-12-mln-euros-to-support-roma-inclusion-in-bih,0,www.thestar.com.my,EU grants additional 12 mln euros to support Roma inclusion in BiH,"SARAJEVO, Dec. 3 (Xinhua) -- The European Union (EU) on Wednesday announced an additional 12 million euros in grants to support Roma inclusion in Bosnia and Herzegovina (BiH), reaffirming its commitment to improving the living conditions and social rights of …",https://cdn.thestar.com.my/Themes/img/newTsol_logo_socmedia.png,2025-12-03T16:36:00Z,,"SARAJEVO, Dec. 3 (Xinhua) -- The European Union (EU) on Wednesday announced an additional 12 million euros in grants to support Roma inclusion in Bosnia and Herzegovina (BiH), reaffirming its commitm… [+1357 chars]",,en,'Sarajevo'
54,https://freerepublic.com/focus/f-chat/4355757/posts,0,freerepublic.com,Islamic Terror Flags Raised Over Votive Church in Vienna,"Terrorist flags were raised on the Votivkirche, Vienna’s second-tallest church built in the 19th century. The Archdiocese condemned the act, distanced itself firmly, and is weighing legal steps while police investigate without named suspects.",,2025-12-03T16:37:15Z,,"Skip to comments.
Islamic Terror Flags Raised Over Votive Church in Viennagellerreport.com ^
 | December 3, 2025
 | Pamela Geller
Posted on 12/03/2025 8:37:15 AM PST by lowbridge
Terrorist flags… [+722 chars]",,en,'Vienna'
55,https://thepointsguy.com/news/jetblue-new-routes-san-juan-puerto-rico/,0,thepointsguy.com,JetBlue makes big splash in Puerto Rico with 5 more routes from San Juan focus city,"JetBlue is doubling down on Puerto Rico with five new routes from San Juan, as part of a larger seven-route expansion.",https://runway-media-production.global.ssl.fastly.net/us/originals/2025/01/PHX-Planes-1.jpg,2025-12-03T16:55:06Z,,"JetBlue is making a major push in Puerto Rico.
The New York-based airline on Wednesday announced a big expansion of its route map from San Juan, with new flights to five mainland U.S. cities launchi… [+2573 chars]",,en,'Puerto Rico'
56,https://indianexpress.com/article/world/us-to-restrict-visas-for-those-involved-in-anti-christian-violence-in-nigeria-10400729/,0,indianexpress.com,US to restrict visas for those involved in anti-Christian violence in Nigeria,"In November, Trump threatened military action, including possible US troops on the ground or air strikes, if the Nigerian government failed to stop the 'killing of Christians'.",https://images.indianexpress.com/2025/08/Nigeria_328368.jpg,2025-12-03T17:09:22Z,http://web.archive.org/web/20251203172315/https://indianexpress.com/article/world/us-to-restrict-visas-for-those-involved-in-anti-christian-violence-in-nigeria-10400729/,Secretary of State Marco Rubio has said that the US will restrict visas for those involved in violence against Christians in countries including Nigeria.Rubio said in a statement Wednesday that hed a… [+1726 chars],,en,'Nigeria'
57,https://www.globenewswire.com/news-release/2025/12/03/3199264/0/en/Global-Times-CPC-s-putting-the-people-first-turns-governance-philosophy-into-tangible-public-benefits-South-African-sinologist.html,0,www.globenewswire.com,Global Times: CPC’s ‘putting the people first’ turns governance philosophy into tangible public benefits: South African sinologist,"Global Times highlights South African scholar TEMBE praising CPC as China’s “engine,” shaped by people-first governance. Global Times highlights South African scholar TEMBE praising CPC as China’s “engine,” shaped by people-first governance.",,2025-12-03T18:01:00Z,,"Beijing, China, Dec. 03, 2025 (GLOBE NEWSWIRE) -- Chinese President Xi Jinping has pointed out, ""To understand China today, one must learn to understand the Communist Party of China (CPC)."" With the … [+11714 chars]",,en,'China'
58,https://www.newser.com/story/379755/native-american-d-day-hero-dies-at-101.html,0,www.newser.com,Native American D-Day Hero Dies at 101,"Charles Shay, a decorated Native American veteran who was a 19-year-old US Army medic when he landed on Omaha Beach on D-Day and helped save lives, died on Wednesday. He was 101. Shay died at his home in Bretteville-L'Orgueilleuse in France's Normandy region,…",https://img1-azrcdn.newser.com/image/1650356-12-20251203123432.jpeg,2025-12-03T18:34:32Z,,"Charles Shay, a decorated Native American veteran who was a 19-year-old US Army medic when he landed on Omaha Beach on D-Day and helped save lives, died on Wednesday. He was 101. Shay died at his hom… [+3540 chars]",,en,'France'
59,https://www.dw.com/en/saudi-arabia-vs-uae-how-the-gulf-rivalry-is-heating-up/a-75002032,0,www.dw.com,Saudi Arabia vs. UAE: How the Gulf rivalry is heating up,"Tensions over Sudan, Yemen and Israel, as well as a competition in technology and oil output strain relations between Riyadh and Abu Dhabi. Diplomatic ties between Saudi Arabia and the United Arab Emirates (UAE) are at risk of deteriorating over the backing o…",https://static.dw.com/image/74989138_6.jpg,2025-12-03T19:00:00Z,,"Diplomatic ties between Saudi Arabia and the United Arab Emirates (UAE) are at risk of deteriorating over the backing of opposing factions in a regional war.
During a recent visit in Washington, Sau… [+6875 chars]",,en,'Sanaa'
60,https://www.bbc.co.uk/sounds/play/p0mldzp8,0,www.bbc.co.uk,Is Russia Really Ready For War With Europe?,And is the UK really ready to get closer to the EU?,https://ichef.bbci.co.uk/images/ic/1024x576/p0l7jnbt.jpg,2025-12-03T19:13:00Z,http://web.archive.org/web/20251203210750/https://www.bbc.co.uk/sounds/play/p0mldzp8,"Available for over a year
Today, NATO ministers have been meeting to discuss the USs 28-point plan for peace between Russia and Ukraine after Russia rejected the plan and said it was ready for war w… [+1247 chars]",,en,'Russia'
61,https://www.macrumors.com/2025/12/03/apple-health-features-expand-more-countries/,0,www.macrumors.com,"Apple Expands Hypertension, Sleep Apnea, and Hearing Health Features to More Countries","Apple is expanding AirPods and Apple Watch health features to additional countries starting today.





Hypertension notifications from the Apple Watch are now available in United Arab Emirates, Saudi Arabia, and Vietnam. Hearing Test and Hearing Aid function…",https://images.macrumors.com/t/4UM9Jm2z1gg_n2HO-JHFiOwwWR4=/2353x/article-new/2025/09/watchos-26-hypertension-alert.jpg,2025-12-03T19:31:29Z,,"Apple is expanding AirPods and Apple Watch health features to additional countries starting today.
Hypertension notifications from the Apple Watch are now available in United Arab Emirates, Saudi Ar… [+1994 chars]",,en,'Saudi Arabia'
62,https://www.androidcentral.com/apps-software/youtube/youtube-cut-off-aussie-teens-are-losing-logins-under-new-age-law,0,www.androidcentral.com,YouTube cut off: Australian teens are losing logins under new age law,"YouTube is complying with Australia’s teen social media ban, but there’s a catch.",https://cdn.mos.cms.futurecdn.net/BjJ45FrrYJFRSJhvdjF9qL-2560-80.jpg,2025-12-03T20:33:08Z,,"What you need to know
<ul><li>YouTube will auto-sign out all Australian users under 16 starting December 10 to comply with the new Social Media Minimum Age Act.</li><li>Teenagers lose all account fe… [+2781 chars]",,en,'Australia'
63,https://www.nature.com/articles/s41467-025-66551-9,0,www.nature.com,"Two Nations, One Front: Indonesia and Papua New Guinea forge a One-Island approach to fight persistent malaria on New Guinea","Nature Communications - Two Nations, One Front: Indonesia and Papua New Guinea forge a One-Island approach to fight persistent malaria on New Guinea",,2025-12-04T00:00:00Z,,"<li>National Malaria Control Program of Republic of Indonesia, Jl. H. R. Rasuna Said No. Kav 4-9 Blok X-5, RT.1/RW.2, Jakarta, 12950, Indonesia
Hellen Dewi Prameswari, Hermawan Susanto, Rahmad Isa &… [+2703 chars]",,en,'Indonesia'
64,https://www.businessinsider.com/im-doing-jetblues-25for25-flight-challenge-for-status-and-points-2025-11,0,www.businessinsider.com,"I've spent $7,000 to fly with my son almost every weekend for a contest. We've unlocked awesome perks.",Steven Carroll and his son spend weekends flying JetBlue for a challenge that once sent them from New York to DC to Florida and back all in one day.,https://i.insider.com/691b8d8fe1a9cbb014de5eb8?width=1200&format=jpeg,2025-12-04T00:05:01Z,http://web.archive.org/web/20251204154414/https://www.businessinsider.com/im-doing-jetblues-25for25-flight-challenge-for-status-and-points-2025-11,"Steve Carroll and his family are chasing Mosaic status and 350,000 points as part of JetBlue's ""25 for 25"" flight challenge.Courtesy of Steve Carroll
<ul><li>Steve Carroll and his son need to visit … [+7454 chars]",,en,'New York'
65,https://www.bbc.com/news/articles/cx2gq5q5p47o,0,www.bbc.com,Eurovision faces crucial decision over Israel,Organisers of the song contest meet in Geneva on Thursday to debate Israel's role in the event.,https://ichef.bbci.co.uk/news/1024/branded_news/212e/live/9a6aa1d0-d061-11f0-b76c-637a0d75f572.jpg,2025-12-04T00:30:19Z,http://web.archive.org/web/20251204122818/https://www.bbc.com/news/articles/cx2gq5q5p47o,"Mark SavageMusic correspondent
Singer Yuval Raphael, who survived the 7 October Hamas attack in 2023, represented Israel at this year's Eurovision
The Eurovision Song Contest faces a battle for its… [+5083 chars]",,en,'Gaza'
66,https://www.globenewswire.com/news-release/2025/12/04/3199465/0/en/Crown-Reserve-Acquisition-Corp-I-Announces-the-Separate-Trading-of-Its-Class-A-Ordinary-Shares-Warrants-and-Rights-Commencing-on-or-About-December-9-2025.html,0,www.globenewswire.com,"Crown Reserve Acquisition Corp. I Announces the Separate Trading of Its Class A Ordinary Shares, Warrants, and Rights, Commencing on or About December 9, 2025","Grand Cayman, Cayman Islands, Dec. 03, 2025 (GLOBE NEWSWIRE) -- Crown Reserve Acquisition Corp. I (the “Company”) announced today that, commencing on or about Tuesday, December 9, 2025, holders of the units sold in the Company’s initial public offering may el…",,2025-12-04T03:52:00Z,,"Grand Cayman, Cayman Islands, Dec. 03, 2025 (GLOBE NEWSWIRE) -- Crown Reserve Acquisition Corp. I (the Company) announced today that, commencing on or about Tuesday, December 9, 2025, holders of the … [+2530 chars]",,en,'Cayman Islands'
67,https://www.businessinsider.com/russian-general-vladimir-chirkin-intelligence-failing-grade-invasion-ukraine-2025-12,0,www.businessinsider.com,Former top Russian general said he'd give 'entire Russian intelligence community' a failing grade for Ukraine invasion,"Col. Gen. Vladimir Chirkin said Moscow's leadership was ""unprepared"" and misled into thinking 70% of Ukrainians supported Russia.",https://i.insider.com/693119dd04d0f0a114f1605b?width=1200&format=jpeg,2025-12-04T06:07:41Z,http://web.archive.org/web/20251204154521/https://www.businessinsider.com/russian-general-vladimir-chirkin-intelligence-failing-grade-invasion-ukraine-2025-12,"Russian army military vehicles are seen in Armyansk, Crimea, in February 2022.STRINGER/AFP via Getty Images
<ul><li>A former commander of Russia's ground forces gave a rare candid take on the war in… [+3618 chars]",,en,'Russia'
68,https://www.abc.net.au/news/2025-12-04/rare-png-conjoined-twins-flown-to-australia/106096930,0,www.abc.net.au,Conjoined twins airlifted to Australia as case reaches 'critical' point,"A rare set of conjoined twins are being urgently airlifted from Papua New Guinea to Australia, with doctors recommending they be separated as soon as possible.",https://live-production.wcms.abc-cdn.net.au/bfaa94380e6257b4de57e37b7b94fe68?impolicy=wcms_watermark_news&cropH=720&cropW=1280&xPos=0&yPos=120&width=862&height=485&imformat=generic,2025-12-04T07:03:54Z,,"A rare set of conjoined twins are being urgently airlifted from Papua New Guinea to Australia, with doctors recommending they be separated as soon as possible.
Specialists from the Sydney Children's… [+5608 chars]",,en,'Australia'
69,https://en.antaranews.com/news/395032/indonesia-deepens-defense-ties-with-australia-papua-new-guinea,0,en.antaranews.com,"Indonesia deepens defense ties with Australia, Papua New Guinea",Indonesia&rsquo;s Defense Minister Sjafrie Sjamsoeddin strengthened military cooperation with Australia and Papua New Guinea during a trilateral ...,https://cdn.antaranews.com/cache/1200x800/2025/12/03/IMG-20251203-WA0152.jpg,2025-12-04T07:06:15Z,,"Jakarta (ANTARA) - 
Indonesia’s Defense Minister Sjafrie Sjamsoeddin strengthened military cooperation with Australia and Papua New Guinea during a trilateral meeting in Papua New Guinea on Wednesda… [+1892 chars]",,en,'Port Moresby'
70,https://www.euractiv.com/news/rapporteur-orban-lays-siege-to-the-eeas/,0,www.euractiv.com,Orbán lays siege to the EEAS,"In Thursday’s edition: Mogherini defiant, Sannino out, S&D’s Qatargate, Hamas files, Belgium vs Germany, Venezuela migration, new EPPO chief",https://www.euractiv.com/content/uploads/sites/2/2025/09/Rapporteur-LOGO-1200-x-800-px-1-1.png,2025-12-04T07:22:33Z,,"Welcome to Thursday’s Rapporteur. This is Eddy Wax in Berlin, with Nicoletta Ionta in Brussels.
Send us your tip-offs, documents and story ideas at eddy.wax@euractiv.com
 and nicoletta.ionta@euract… [+14592 chars]",,en,'Belgium'
71,https://onefootball.com/en/news/neymar-back-from-the-dead-and-5-stories-to-start-your-thursday-42045700,0,onefootball.com, Neymar back from the dead and 5️⃣ stories to start your Thursday,"On a Thursday of sweet hangover for Madrid fans devoted to Mbappé's supersonic talent, here are the five news stories we've selected to start your Thursday with a smile.Coffee, croissant, and enjoy!�...",https://media.zenfs.com/en/onefootball_articles_802/1526ec68275d1a5e7097bc21a75c7537,2025-12-04T08:03:00Z,,"On a Thursday of sweet hangover for Madrid fans devoted to Mbappé's supersonic talent, here are the five news stories we've selected to start your Thursday with a smile.
Coffee, croissant, and enjoy… [+1846 chars]",,en,'Quito'
72,https://www.globalsecurity.org/military/library/news/2025/12/mil-251203-presstv03.htm,0,www.globalsecurity.org,UN General Assembly passes resolution demanding Israel withdraw from Palestinian territories,"The United Nations General Assembly has passed a draft resolution demanding Israel withdraw from Palestinian territories occupied since 1967, including East al-Quds, and recognize the Palestinian people's right to self-determination and establishment of an in…",,2025-12-04T08:34:13Z,,"Iran Press TV
Wednesday, 03 December 2025 2:44 PM
The United Nations General Assembly has passed a draft resolution demanding Israel withdraw from Palestinian territories occupied since 1967, inclu… [+3457 chars]",,en,'Mauritania'
73,https://www.globalresearch.ca/nawrocki-refusal-viktor-orban/5907750,0,www.globalresearch.ca,Poland’s President Nawrocki’s Refusal to Meet With Hungarian Prime Minister Viktor Orbán,"Polish President Karol Nawrocki’s refusal to meet with Hungarian Prime Minister Viktor Orbán after his visit to Moscow has drawn harsh criticism in Poland, writes Mysl Polska. In fact, according to the newspaper, the Polish president’s Russophobic views rende…",https://www.globalresearch.ca/wp-content/uploads/2025/12/President-Karol-Nawrocki-poland--1024x683.jpeg,2025-12-04T12:27:03Z,,"Polish President Karol Nawrockis refusal to meet with Hungarian Prime Minister Viktor Orbán after his visit to Moscow has drawn harsh criticism in Poland, writes Mysl Polska. In fact, according to th… [+5366 chars]",,en,'Budapest'
74,https://kotaku.com/russia-bans-roblox-lgbtq-roskomnadzor-2000650125,0,kotaku.com,Russia Bans Roblox For The Worst Possible Reason,"There are so many good reasons to not want kids playing Roblox, but this ain't it
The post Russia Bans Roblox For The Worst Possible Reason appeared first on Kotaku.",https://kotaku.com/app/uploads/2025/12/roblox.jpg,2025-12-04T13:08:56Z,http://web.archive.org/web/20251204143457/https://kotaku.com/russia-bans-roblox-lgbtq-roskomnadzor-2000650125,"Roblox has been banned by the communications watchdog in Russia as of December 3, the platform’s site and app no longer accessible within the country because it is “rife with inappropriate content th… [+2649 chars]",,en,'Russia'
75,https://www.hospitalitynet.org/announcement/41013719.html,0,www.hospitalitynet.org,Prague to Welcome IHG’s InterContinental Brand in Historic Old Town,"IHG Hotels & Resorts (IHG), one of the world’s leading hotel companies, announces the signing of InterContinental Prague - marking the world’s first and largest luxury hotel brand’s eagerly anticipated return to the Czech capital city. The 137-key luxury prop…",https://www.hospitalitynet.org/picture/social_153192294.jpg?t=1764856212,2025-12-04T13:51:36Z,,"IHG Hotels &amp; Resorts (IHG), one of the world's leading hotel companies, announces the signing of InterContinental Prague - marking the world's first and largest luxury hotel brand's eagerly antic… [+2782 chars]",,en,'Budapest'
76,https://www.globenewswire.com/news-release/2025/12/04/3199902/0/en/Toobit-Pioneers-Multi-Model-AI-Copy-Trading-for-Real-Time-Market-Opportunities.html,0,www.globenewswire.com,Toobit Pioneers Multi-Model AI Copy Trading for Real-Time Market Opportunities,"GEORGE TOWN, Cayman Islands, Dec. 04, 2025 (GLOBE NEWSWIRE) -- Toobit, the award-winning global cryptocurrency exchange, today announces the launch of its AI Copy Trading, powered by the world’s first multi-model AI trading core.",https://ml.globenewswire.com/Resource/Download/52b556ae-0c1f-414f-94d2-603f7debb9cc,2025-12-04T14:20:00Z,,"GEORGE TOWN, Cayman Islands, Dec. 04, 2025 (GLOBE NEWSWIRE) -- Toobit, the award-winning global cryptocurrency exchange, today announces the launch of its AI Copy Trading, powered by the worlds first… [+5286 chars]",,en,'Cayman Islands'
77,https://www.theverge.com/news/838101/russia-roblox-ban-extremist-content-lgbt-propaganda,0,www.theverge.com,Russia bans Roblox over ‘LGBT propaganda’ and ‘extremist’ content,"Russia is restricting access to Roblox after the country’s communications regulator Roskomnadzor accused it of promoting extremism and “LGBT propaganda,” according to reports from Reuters and Meduza. As reported by Meduza, Russian lawmakers began raising conc…",https://platform.theverge.com/wp-content/uploads/sites/2/chorus/uploads/chorus_asset/file/24369733/STK146_Roblox.jpg?quality=90&strip=all&crop=0%2C10.732984293194%2C100%2C78.534031413613&w=1200,2025-12-04T14:41:12Z,,"<ul><li></li><li></li><li></li></ul>
The countrys communications regulator claims Roblox may negatively impact the spiritual and moral development of children.
The countrys communications regulator… [+2958 chars]",,en,'United Arab Emirates'
78,https://www.project-syndicate.org/commentary/ecuador-referendum-voters-reject-noboa-and-trump-approach-to-security-by-guillaume-long-2025-12,0,www.project-syndicate.org,Ecuador’s Warning to Trump,"By rejecting all four ballot measures in a recent referendum, Ecuadorian voters demonstrated an understanding that neither their right-wing president, Daniel Noboa, nor Donald Trump seems to share. Militarizing poor neighborhoods and inviting US troops is no …",https://webapi.project-syndicate.org/library/543206dc71e4545ed56fa08bc8eaa57c.2-1-super.1.jpg,2025-12-04T15:21:27Z,,"By rejecting all four ballot measures in a recent referendum, Ecuadorian voters demonstrated an understanding that neither their right-wing president, Daniel Noboa, nor Donald Trump seems to share. M… [+6702 chars]",,en,'Ecuador'
79,https://www.yahoo.com/news/articles/last-hostage-held-gaza-died-165153476.html,0,www.yahoo.com,The last hostage in Gaza was captured while fighting to save a kibbutz,"Now there’s one Israeli hostage left in Gaza: Ran Gvili.  Gvili, a 24-year-old police officer known affectionately as “Rani,” was killed while fighting Hamas...",https://s.yimg.com/ny/api/res/1.2/2FfsZ1oVM0aS76M0M8j4LQ--/YXBwaWQ9aGlnaGxhbmRlcjt3PTEyMDA7aD04MDA7Y2Y9d2VicA--/https://media.zenfs.com/en/ap.org/5a4b55dbea42f2b31c3cc70d4f012bf5,2025-12-04T16:51:53Z,,"JERUSALEM (AP) There were hundreds, then dozens, and then just a few. Now theres one Israeli hostage left in Gaza: Ran Gvili.
Gvili, a 24-year-old police officer known affectionately as Rani, was ki… [+5282 chars]",,en,'Gaza'
80,https://www.npr.org/2025/12/04/g-s1-100609/putin-ukraine-russia-war-us-peace-plan,0,www.npr.org,Putin says there are points he can't agree to in the U.S. proposal to end Ukraine war,"Russian President Vladimir Putin made the remarks to an Indian broadcaster before landing in India for a state visit, but refused to elaborate on what Russia could accept or reject.",https://npr.brightspotcdn.com/dims3/default/strip/false/crop/5458x3070+0+284/resize/1400/quality/100/format/jpeg/?url=http%3A%2F%2Fnpr-brightspot.s3.amazonaws.com%2F14%2Fbe%2F7f7f0583448fb37c3acc65246fe7%2Fap25336620346324.jpg,2025-12-04T16:57:23Z,http://web.archive.org/web/20251205020531/https://www.npr.org/2025/12/04/g-s1-100609/putin-ukraine-russia-war-us-peace-plan,"Russian President Vladimir Putin says some proposals in a U.S. plan to end the war in Ukraine are unacceptable to the Kremlin, indicating in comments published Thursday that any deal is still some wa… [+3876 chars]",,en,'India'
81,https://www.bbc.com/news/articles/cgexgwr1wrro,0,www.bbc.com,Putin says Russia disagrees with parts of US plan to end Ukraine war,The Russian leader's comments come as US and Ukrainian negotiators are due to hold a new round of talks.,https://ichef.bbci.co.uk/news/1024/branded_news/0b94/live/99846e30-d12a-11f0-9d18-614b3678ebf8.jpg,2025-12-04T17:11:05Z,http://web.archive.org/web/20251204205106/https://www.bbc.com/news/articles/cgexgwr1wrro,"President Vladimir Putin has said Moscow disagrees with parts of a US plan on how to end the Russia-Ukraine war, after talks with US negotiators in the Kremlin.
""At times we said that yes, we can di… [+4201 chars]",,en,'Russia'
82,https://www.abc.net.au/news/2025-12-05/steven-smith-prepares-to-leave-london-after-three-years/106103968,0,www.abc.net.au,"AUKUS will survive Trump, says former defense minister Smith","The trilateral agreement has come under significant scrutiny, but Australia's top diplomat in London says he believes its future is assured.",https://live-production.wcms.abc-cdn.net.au/749dd7afae6a8c1c4e49c7d9778b59c2?impolicy=wcms_watermark_news&cropH=720&cropW=1280&xPos=0&yPos=38&width=862&height=485&imformat=generic,2025-12-04T18:04:44Z,,"Australia's top diplomat in the United Kingdom, Stephen Smith, says he believes the multi-billion-dollar AUKUS defence pact will ""absolutely"" survive the whims of a Donald Trump presidency.
The tril… [+4609 chars]",,en,'Australia'
83,https://punchng.com/tinubu-reaffirms-nigerias-commitment-to-global-peace/,0,punchng.com,Tinubu reaffirms Nigeria’s commitment to global peace,"President Tinubu reaffirms Nigeria’s commitment to global peace, welcoming 21 new envoys and assuring them of cooperation on shared global challenges.

Read More: https://punchng.com/tinubu-reaffirms-nigerias-commitment-to-global-peace/",https://cdn.punchng.com/wp-content/uploads/2025/12/04190127/G7VtpwuWcAAmmJ3-1024x630.jpg,2025-12-04T18:06:21Z,,"President Bola Tinubu on Thursday reaffirmed Nigerias commitment to global peace, stability and economic cooperation.
In a statement issued by his Special Adviser on Information and Strategy, Bayo O… [+3453 chars]",,en,'Nigeria'
84,https://www.bbc.com/news/articles/c4gk7gz3d1eo,0,www.bbc.com,"'All Israeli people are with us', say parents of last dead hostage in Gaza","The body of Ran Gvili, a 24-year-old Israeli police officer, is the last not yet returned by Hamas from Gaza.",https://ichef.bbci.co.uk/news/1024/branded_news/e838/live/3c527810-d14d-11f0-a948-fdc6051c60b0.jpg,2025-12-04T21:17:09Z,,"Alice CuddySenior international reporter
The parents of the last dead hostage in Gaza have spoken to the BBC about their desperate wait for his body to be returned.
Itzik and Talik Gvili insisted t… [+3949 chars]",,en,'Gaza'
85,https://uncrate.com/2026-mitsubishi-triton-savana-truck/,0,uncrate.com,2026 Mitsubishi Triton Savana Truck,"Although it's not slated for a stateside release, the Brazil-exclusive 2026 Mitsubishi Triton Savana does give us hope for a return to the market for the Japanese marque. Based on the sixth-generation Triton, it's powered by a 2.4-liter twin-turbo diesel...",https://uncrate.com/p/2025/12/mitsubishi-triton-savana-1.jpg,2025-12-05T00:00:09Z,,"Live It Up bundles pack plant-based powders and functional drinks for energy, hydration, and recovery. From daily greens and beet boosts to calming evening blends, each set delivers convenient, mix-r… [+343 chars]",,en,'Brazil'
86,https://www.bbc.com/news/articles/ckgl4vrlk7do,0,www.bbc.com,Top UK scientist says research visa restrictions endanger economy,"Prof Sir Paul Nurse says the UK is ""shooting itself in the foot"" with its visa system for researchers.",https://ichef.bbci.co.uk/news/1024/branded_news/fc96/live/471b9790-d143-11f0-9fb5-5f3a3703a365.jpg,2025-12-05T01:20:51Z,http://web.archive.org/web/20251206023154/https://www.bbc.com/news/articles/ckgl4vrlk7do,"One of Britain's most distinguished scientists, Prof Sir Paul Nurse, says the government is ""shooting itself in the foot"" with its visa system for science researchers.
Sir Paul told BBC News that hi… [+2561 chars]",,en,'UK'
87,https://www.businessinsider.com/russia-block-snapchat-roblox-facetime-extremism-internet-regulation-2025-12,0,www.businessinsider.com,"Russia is blocking Snapchat and Roblox, saying they're used for 'terrorist activities'","Moscow said on Thursday that it's also moved to ""impose restrictive measures"" on Meta's FaceTime for similar reasons.",https://i.insider.com/693259fd7ecd1d1da662fb93?width=1200&format=jpeg,2025-12-05T05:02:55Z,http://web.archive.org/web/20251205172052/https://www.businessinsider.com/russia-block-snapchat-roblox-facetime-extremism-internet-regulation-2025-12,"Roblox, the popular gaming platform, is now blocked in Russia. Moscow said it's been used to coordinate ""terrorist"" activities.Hannah Peters/Getty Images
<ul><li>Roblox and Snapchat are now blocked … [+3411 chars]",,en,'Russia'
88,https://www.independent.ie/business/technology/irish-council-for-civil-liberties-files-microsoft-gaza-complaint-to-dpc/a2141542999.html,0,www.independent.ie,Irish Council for Civil Liberties files Microsoft Gaza complaint to DPC,"The Irish Council for Civil Liberties (ICCL) has filed a complaint with the Data Protection Commissioner, alleging that Microsoft unlawfully processed data in Ireland on behalf of the Israel Defence Forces in Gaza.",https://focus.independent.ie/thumbor/7LYVNXa1Wl5RxjVoPxhIYgtjh5k=/629x460/smart/prod-mh-ireland/f8725a32-9b28-4ba4-b884-dbae4feb52a9/5fe85c16-a475-4410-bf2d-121b423ed18a/f8725a32-9b28-4ba4-b884-dbae4feb52a9.jpg,2025-12-05T05:30:00Z,,"The Dublin-based body, in concert with the international rights organisation Eko, claims that the Israeli armys use of Microsoft servers to target Palestinians violates GDPR
The Irish Council for Ci… [+2412 chars]",,en,'Gaza'
89,https://biztoc.com/x/2f6ae271d7bf845b,0,biztoc.com,At least 4 countries pull out of 2026 Eurovision contest as Israel’s participation sows discord,,https://biztoc.com/cdn/955/og.png,2025-12-05T05:51:00Z,,"{ window.open(this.href, '_blank'); }, 200); return false;""&gt;Why is Amazon dropping USPS partnership? { window.open(this.href, '_blank'); }, 200); return false;""&gt;What caused Moore Threads stock … [+705 chars]",,en,'Israel'
90,https://www.hurriyetdailynews.com/turkiye-urges-un-action-on-israels-expansionist-moves-216469,0,www.hurriyetdailynews.com,Türkiye urges UN action on Israel's 'expansionist' moves,Türkiye on Thursday reiterated the need for the international community to take decisive steps against Israel’s actions in the region.,https://image.hurimg.com/i/hurriyet/75/200x200/6932739d8377514f4cf679a4.jpg,2025-12-05T05:54:53Z,,"ANKARA
sraeli soldiers walk past a man during a military operation in the town of Qalqiya, in the occupied West Bank.
Türkiye on Thursday reiterated the need for the international community to take… [+3903 chars]",,en,'Israel'
93,https://www.naturalnews.com/2025-12-05-eu-agrees-to-stop-russian-gas-imports.html,0,www.naturalnews.com,"EU agrees to STOP Russian gas imports, but Hungary and Slovakia oppose move","The EU finalized plans to halt all Russian LNG imports by 2026 and pipeline gas by 2027, aiming to weaken Moscow’s geopolitical leverage. However, critics warn this will trigger soaring energy costs, legal battles and deeper economic instability. Hungary and …",https://www.naturalnews.com/wp-content/uploads/sites/91/2025/12/Oil-Pipeline-Gas-Fuel-Desert-Mountains.jpg,2025-12-05T06:00:00Z,,"<ul><li>The EU finalized plans to halt all Russian LNG imports by 2026 and pipeline gas by 2027, aiming to weaken Moscow's geopolitical leverage. However, critics warn this will trigger soaring energ… [+5778 chars]",,en,'Slovakia'
91,https://www.naturalnews.com/2025-12-05-us-sanctions-icc-judges-gaza-war-crimes.html,0,www.naturalnews.com,"U.S. sanctions ICC judges over Gaza war crimes probe, sparking global outcry","The Trump administration imposed sanctions on four ICC judges investigating alleged war crimes by Israel and the U.S. in Gaza, freezing their assets and restricting financial access—an unprecedented escalation targeting international justice. The ICC denounce…",https://www.naturalnews.com/wp-content/uploads/sites/91/2025/12/Trump-Netanyahu.jpg,2025-12-05T06:00:00Z,,"<ul><li>The Trump administration imposed sanctions on four ICC judges investigating alleged war crimes by Israel and the U.S. in Gaza, freezing their assets and restricting financial accessan unprece… [+5594 chars]",,en,'Gaza'
92,https://www.naturalnews.com/2025-12-05-trump-pressures-israeli-president-for-netanyahu-pardon.html,0,www.naturalnews.com,Trump pressures Israeli president for Netanyahu pardon as corruption trial resumes,Netanyahu seeks a presidential pardon to avoid his corruption trial. He argues the ongoing wars make his legal case a national security risk. The prime minister asked Donald Trump to pressure Israel’s president for the pardon. This move has sparked intense pu…,https://www.naturalnews.com/wp-content/uploads/sites/91/2025/12/Benjamin-Netanyahu-Donald-Trump.jpg,2025-12-05T06:00:00Z,,<ul><li>Netanyahu seeks a presidential pardon to avoid his corruption trial.</li><li>He argues the ongoing wars make his legal case a national security risk.</li><li>The prime minister asked Donald T… [+5045 chars],,en,'Israel'
94,https://www.the-independent.com/news/world/europe/boycott-israel-eurovision-2026-ireland-spain-netherlands-slovenia-b2878561.html,0,www.the-independent.com,The events that led to countries boycotting 2026 Eurovision over Israel,The 2026 contest will be held in Vienna,https://static.the-independent.com/2025/12/04/08/Eurovision_Israel_56620.jpg?width=1200&height=800&crop=1200:800,2025-12-05T06:03:18Z,,"Your support helps us to tell the story
From reproductive rights to climate change to Big Tech, The Independent is on the ground when the story is developing. Whether it's investigating the financia… [+4440 chars]",,en,'Israel'
95,https://www.bbc.com/news/articles/cqxqev4rez7o,0,www.bbc.com,'It's not safe for my father to remain in Gaza',"Khalid Al-Estal, who is an Irish citizen, managed to get his two small children to Dublin in 2023, but two years later his father remain still in Gaza.",https://ichef.bbci.co.uk/news/1024/branded_news/6b7b/live/b0d3d340-d126-11f0-9d18-614b3678ebf8.jpg,2025-12-05T06:06:45Z,,"Lyndsey TelfordBBC News NI
Khalid El-Astal said he is trying to get his father evacuated from Gaza 
A Belfast-born man who battled to have his children evacuated from Gaza and brought to Ireland is… [+5053 chars]",,en,'Gaza'
96,https://slashdot.org/firehose.pl?op=view&amp;id=180292097,0,slashdot.org,Yasser Abu Shabab: Anti-Hamas militia leader killed in Gaza - BBC,"Yasser Abu Shabab: Anti-Hamas militia leader killed in GazaBBC Leader of anti-Hamas militia armed by Israel killed in GazaCNN Prominent Anti-Hamas Militia Leader Killed in GazaThe Wall Street Journal Who was Yasser Abu Shabab, Israel-backed militia leader kil…",,2025-12-05T06:12:44Z,http://web.archive.org/web/20160119174443/http://slashdot.org/firehose.pl?op=view,The Fine Print: The following comments are owned by whoever posted them. We are not responsible for them in any way.,,en,'Gaza'
97,https://www.hurriyetdailynews.com/eurovision-hit-by-boycotts-after-israel-cleared-to-compete-216473,0,www.hurriyetdailynews.com,Eurovision hit by boycotts after Israel cleared to compete,"Three countries on Thursday pulled out of the Eurovision Song Contest after organisers opted not to vote on Israel's future participation, allowing it to take part in next year's event.",https://image.hurimg.com/i/hurriyet/75/200x200/693278a98377514f4cf679e3.jpg,2025-12-05T06:16:11Z,,"BRUSSELS
Three countries on Thursday pulled out of the Eurovision Song Contest after organisers opted not to vote on Israel's future participation, allowing it to take part in next year's event.
Sp… [+3849 chars]",,en,'Israel'
98,https://www.israelnationalnews.com/news/418859,0,www.israelnationalnews.com,"""I have become small:"" What does it mean to be the Chosen People?",Why the insane obsession with Israel and Jews?,https://2.a7.org/files/pictures/000/1150778.jpg,2025-12-05T06:18:33Z,,"I do not see a way of rationally explaining the obsessive hatred of Israel and Jews without the faith that Jews are G-ds chosen people to make the world a place of goodness and kindness.
The obsessi… [+11221 chars]",,en,'Israel'
99,https://www.bbc.com/sport/cricket/articles/cn8e1xm7gleo,0,www.bbc.com,Smith drop an early blow in tale of two Ashes keepers,Why wicketkeeper Jamie Smith's drop on day two of second Ashes Test is potentially worrying for England.,https://ichef.bbci.co.uk/ace/branded_sport/1200/cpsprodpb/5563/live/a0b61500-d1a2-11f0-8c06-f5d460985095.jpg,2025-12-05T06:25:14Z,,"This is an important series for Smith, playing in an Ashes for the first time. He was promoted to the England team at the beginning of the 2024 summer at the expense of Ben Foakes and Jonny Bairstow … [+3076 chars]",,en,'Canberra'
100,https://www.newser.com/story/379866/just-one-hostage-remains-in-gaza.html,0,www.newser.com,Just One Hostage Remains in Gaza,"There were hundreds, then dozens, and then just a few. Now there's one Israeli hostage left in Gaza: Ran Gvili. Gvili, a 24-year-old police officer known affectionately as ""Rani,"" was killed while fighting Hamas militants during the Oct. 7, 2023, attack that …",https://img1-azrcdn.newser.com/image/1650738-12-20251205004252.jpeg,2025-12-05T06:30:00Z,,"There were hundreds, then dozens, and then just a few. Now there's one Israeli hostage left in Gaza: Ran Gvili. Gvili, a 24-year-old police officer known affectionately as ""Rani,"" was killed while fi… [+1956 chars]",,en,'Gaza'
101,https://www.ilgiornale.it/news/politica-estera/exclusive-hamas-connection-shocking-video-albanese-2578124.html,0,www.ilgiornale.it,"EXCLUSIVE - Hamas Connection, the shocking video with Albanese","In November 2022 participates in the summit “Sixteen years of siege in Gaza,” attended by the leaders of terrorist groups",https://img.ilgcdn.com/sites/default/files/styles/social/public/foto/2025/12/02/1764651849-azraxgm9o58-u-fr3p-l-ansa.jpeg?_=1764651849,2025-12-05T06:36:25Z,,"You have the right to resist this (Israeli) occupation, Francesca Albanese reiterated in 2022, speaking via videoconference at an event on Gaza attended by prominent figures from Hamas. This concept … [+3510 chars]",,en,'Gaza'
102,https://www.voltairenet.org/article223293.html,0,www.voltairenet.org,"What's behind the peace negotiations for Ukraine?, by Thierry Meyssan","We don't know what was said in Washington, but we can assume that the United States took a firm stance toward Ukraine, even if it didn't want to risk destroying Atlantic solidarity. Thierry Meyssan presents here what transpired during this tumultuous week.",https://www.voltairenet.org/IMG/logo/223269arton-2.jpg?1764917387,2025-12-05T06:50:31Z,,"To understand the week of peace negotiations in Ukraine, it is essential to first dispel the misinformation disseminated by the mainstream press: contrary to what they implied, the Europeans were nev… [+13708 chars]",,en,'Washington'
103,https://www.euractiv.com/news/rapporteur-dinner-for-three/,0,www.euractiv.com,Dinner for three,"In Friday’s edition: Ukraine ‘reparations loan,’ College of Europe, Vance attacks, book lobbyists, trade-preferences scheme",https://www.euractiv.com/content/uploads/sites/2/2025/09/Rapporteur-LOGO-1200-x-800-px-1-1.png,2025-12-05T06:55:31Z,,"Welcome to Friday’s Rapporteur. This is Nicoletta Ionta in Brussels, with Eddy Wax in Berlin.
Send us your tips, documents and story ideas: eddy.wax@euractiv.com
 and nicoletta.ionta@euractiv.com
… [+12522 chars]",,en,'Ukraine'
104,https://www.counterpunch.org/2025/12/05/deliberate-contradiction-how-the-west-plays-dumb-and-kills-people-in-gaza/,0,www.counterpunch.org,Deliberate Contradiction: How the West Plays Dumb and Kills People in Gaza,"First, let’s dissect this puzzle. On February 29, 2024, US Defense Secretary Lloyd Austin sent shockwaves when he informed lawmakers in the House Armed Services Committee that over 25,000 Palestinian women and children had been killed by Israel in Gaza up to …",https://www.counterpunch.org/wp-content/uploads/2025/12/getty-images-OtVPCvjxaEw-unsplash-scaled.jpg,2025-12-05T06:56:18Z,,"Image by Getty and Unsplash+.
First, lets dissect this puzzle.
On February 29, 2024, US Defense Secretary Lloyd Austin sent shockwaves when he informed lawmakers in the House Armed Services Committ… [+6335 chars]",,en,'Israel'
105,https://www.aljazeera.com/news/2025/12/5/australia-hails-shared-vision-as-defence-minister-set-to-visit-japan,0,www.aljazeera.com,"Australia hails ‘shared vision’, as defence minister set to visit Japan",Canberra says it seeks to make early contact with the new administration of Prime Minister Sanae Takaichi.,https://www.aljazeera.com/wp-content/uploads/2025/12/2025-09-10T021907Z_1273600644_RC2QOGA188BU_RTRMADP_3_AUSTRALIA-DEFENCE-1764912925.jpg?resize=1920%2C1440,2025-12-05T07:12:29Z,,"Australian Defence Minister Richard Marles will head to Japan on Saturday for talks with his Japanese counterpart, Shinjiro Koizumi, as the allies seek to advance bilateral defence cooperation amid g… [+3983 chars]",,en,'Australia'
106,https://www.globalresearch.ca/germans-world-champions-rearmament/5907888,0,www.globalresearch.ca,The Germans Are World Champions for Rearmament,"The international peace research institute in Sweden’s capital has now taken a close look at the sales and profits of arms companies.
The post The Germans Are World Champions for Rearmament appeared first on Global Research.",https://www.globalresearch.ca/wp-content/uploads/2025/12/germany-rearmament.jpeg,2025-12-05T07:22:28Z,,"Every year, not only does Santa Claus come around, but also a report on global arms production and trade by SIPRI. SIPRI stands for Stockholm International Peace Research Institute. The international… [+11047 chars]",,en,'Sweden'
107,https://www.the-independent.com/arts-entertainment/eurovision/eurovision-2026-israel-boycott-bbc-countries-boycotting-b2878593.html,0,www.the-independent.com,BBC backs decision to let Israel join Eurovision as four countries boycott event,"Ireland, Spain, Netherlands and Slovenia lead action protesting against Israeli conduct in Gaza war",https://static.the-independent.com/2025/05/17/19/13/SEI251819088.jpeg?width=1200&height=800&crop=1200:800,2025-12-05T07:55:29Z,,"Your support helps us to tell the story
From reproductive rights to climate change to Big Tech, The Independent is on the ground when the story is developing. Whether it's investigating the financia… [+6425 chars]",,en,'Israel'
108,https://www.insidehighered.com/news/quick-takes/2025/12/05/purdue-professor-declines-mla-prize-due-policies-gaza,0,www.insidehighered.com,Purdue Professor Declines MLA Prize Due to Association’s Policies on Gaza,"Tithi Bhattacharya, a history professor at Purdue University, formally declined the Modern Language Association’s Aldo and Jeanne Scaglione Prize for South Asian Studies in protest of decisions by the MLA regarding Israel’s attacks on Gaza.",https://www.insidehighered.com/sites/default/files/styles/large/public/2023-11/Untitled%20design%20%2891%29.png?itok=tAIlWUG3,2025-12-05T08:00:00Z,,"Tithi Bhattacharya, a history professor at Purdue University, formally declined the Modern Language Associations Aldo and Jeanne Scaglione Prize for South Asian Studies in protest of decisions by the… [+1120 chars]",,en,'Gaza'
109,https://www.aljazeera.com/news/liveblog/2025/12/5/live-israel-sets-military-budget-at-34bn-keeps-attacking-gaza,0,www.aljazeera.com,"LIVE: Israel sets military budget at $34bn, keeps attacking Gaza",People in the enclave fear the resumption of the full-scale genocidal war as Israeli ceasefire violations persist.,https://www.aljazeera.com/wp-content/uploads/2025/12/AA-20251204-39887986-39887981-FUNERAL_HELD_FOR_SIX_PALESTINIANS_KILLED_IN_KHAN_YUNIS-1764920944.jpg?resize=1920%2C1440,2025-12-05T08:15:02Z,,"blinking-dot
Live updatesLive updates, 
People in the enclave fear the resumption of the full-scale genocidal war as Israeli ceasefire violations persist.",,en,'Israel'
110,https://www.npr.org/2025/12/05/nx-s1-5634466/eurovision-contest-israel,0,www.npr.org,At least 4 countries pull out of 2026 Eurovision contest over Israel's participation,"Ireland, the Netherlands, Spain and Slovenia said they were pulling out of the contest after organizers decided to allow Israel to continue to compete, despite tensions over its conduct in Gaza.",https://npr.brightspotcdn.com/dims3/default/strip/false/crop/6784x3816+0+353/resize/1400/quality/100/format/jpeg/?url=http%3A%2F%2Fnpr-brightspot.s3.amazonaws.com%2F37%2F34%2F4f3407674319871fd97437030e00%2Fap25337699756620.jpg,2025-12-05T08:34:50Z,http://web.archive.org/web/20251205124147/https://www.npr.org/2025/12/05/nx-s1-5634466/eurovision-contest-israel,"GENEVA Public broadcasters in Ireland, the Netherlands, Spain and Slovenia on Thursday pulled out of next year's Eurovision Song Contest after organizers decided to allow Israel to compete, putting p… [+5771 chars]",,en,'Gaza'
111,https://www.npr.org/2025/12/05/nx-s1-5633268/fifa-world-cup-draw-soccer,0,www.npr.org,The World Cup draw is here. Here's why it matters — and how it will work,"FIFA is about to determine which teams all 48 participating countries in the FIFA World Cup 2026 will face in the group phase of the tournament, which the U.S., Canada and Mexico are co-hosting.",https://npr.brightspotcdn.com/dims3/default/strip/false/crop/5000x2813+0+324/resize/1400/quality/100/format/jpeg/?url=http%3A%2F%2Fnpr-brightspot.s3.amazonaws.com%2Ff3%2Fbe%2F3b80da284d3cae1ce2b1c25aeda7%2Fgettyimages-2247210975.jpg,2025-12-05T10:00:00Z,,"It's one of the most anticipated events ahead of the 2026 World Cup.
On Friday, FIFA will conduct the draw for the top men's soccer tournament, taking place across the U.S., Canada and Mexico. The d… [+4897 chars]",,en,'Canada'
112,https://www.businessinsider.com/netflix-to-buy-warner-bros-in-82-7-billion-megadeal-2025-12,0,www.businessinsider.com,Netflix to acquire Warner Bros. for $82.7 billion in a deal that could reshape Hollywood,"The deal will see Netflix control major franchises like ""Harry Potter,""""Game of Thrones,"" and the whole DC universe.",https://i.insider.com/6932cf927ecd1d1da662fd2b?width=1200&format=jpeg,2025-12-05T12:31:26Z,,Netflix is making the biggest acquisition in its history and one of the largest ever in entertainment announcing Friday that it has struck a deal to acquire Warner Bros. from Warner Bros. Discovery (… [+3062 chars],,en,'Hollywood'
113,https://www.businessinsider.com/netflix-wbd-warner-bros-discovery-read-memo-bidding-war-hollywood-2025-12,0,www.businessinsider.com,Read the memo Warner Bros. Discovery sent employees after Netflix won the bidding war for its key assets,Netflix agreed to buy Warner Bros. in a media mega-merger that could upend Hollywood. Read the memo WBD sent staffers.,https://i.insider.com/693062ba71107c9f34573f9d?width=1200&format=jpeg,2025-12-05T13:31:09Z,,"Ted Sarandos' Netflix just won the bidding war for Warner Bros. Discovery.Monica Schipper/WireImage; Dania Maxwell / Los Angeles Times via Getty Images
<ul><li>Netflix agreed to purchase Warner Bros… [+7052 chars]",,en,'Hollywood'
114,https://slashdot.org/firehose.pl?op=view&amp;id=180295123,0,slashdot.org,Prominent Anti-Hamas Militia Leader Killed in Gaza - The Wall Street Journal,"Prominent Anti-Hamas Militia Leader Killed in GazaThe Wall Street Journal Leader of anti-Hamas militia armed by Israel killed in GazaCNN Yasser abu Shabab, leader of Israel-backed militia, killed in GazaThe Guardian Yasser Abu Shabab, Militant Leader Backed b…",,2025-12-05T14:33:20Z,http://web.archive.org/web/20160119174443/http://slashdot.org/firehose.pl?op=view,The Fine Print: The following comments are owned by whoever posted them. We are not responsible for them in any way.,,en,'Gaza'
115,https://www.globalresearch.ca/selected-articles-russia-poised-strategic-win-war-theater/5908072,0,www.globalresearch.ca,Selected Articles: Russia Poised for “Strategic Win” in the War Theater Regardless of Peace Talks Outcome,"Russia Poised for “Strategic Win” in the War Theater Regardless of Peace Talks Outcome
By Drago Bosnic, December 05, 2025
Whenever the political West’s endless wars aren’t going as planned, it remembers there’s also diplomacy. Obviously, this is done …
The po…",https://www.globalresearch.ca/wp-content/uploads/2025/12/B_A_Russia_America_peace_talks.jpg,2025-12-05T14:36:44Z,,"Russia Poised for Strategic Win in the War Theater Regardless of Peace Talks Outcome
By Drago Bosnic, December 05, 2025
Whenever the political Wests endless wars arent going as planned, it remember… [+2387 chars]",,en,'Gaza'
116,https://www.haaretz.com/israel-news/2025-12-05/ty-article/.premium/in-blood-soaked-israel-palestine-a-dangerous-status-quo-has-returned/0000019a-e9c5-d0ea-afff-fbcf35b40000,0,www.haaretz.com,"In blood-soaked Israel-Palestine, the dangerous status quo of before October 7 has returned","U.S. President Trump promises Hamas disarmament and IDF withdrawal from Gaza are on the horizon – but ultimately, the fate of Israelis and Palestinians is now in the hands of Gulf monarchs","https://img.haarets.co.il/bs/0000019a-e9c5-d0ea-afff-fbcf35b40000/c0/5a/8ce08e5d4e919096d94aff7b64de/006758.jpg?precrop=2400,1395,x0,y61&width=1200&height=630&cmsprod",2025-12-05T14:47:30Z,,"The cease-fire in Gaza officially remains in force, but that has not brought an end to the killing. Almost every day Israel launches strikes on the besieged and devastated territory. In some instance… [+317 chars]",,en,'Gaza'
117,https://road.cc/content/news/israel-premier-tech-lost-out-political-reasons-says-ds-317181,0,road.cc,"“What did we have to do with it? We were a cycling team”: Israel-Premier Tech “lost out for political reasons”, claims sports director, after Palestine protests which painted riders and staff as “indecent”","“Finally, we’re out of the political turmoil and back to talking about cycling, which is what we wanted,” NSN Cycling DS Francesco Frassi said",https://cdn.road.cc/sites/default/files/styles/main_width/public/zw-106748.jpg,2025-12-05T14:51:53Z,,A sports director at the newly rebranded NSN Cycling team formerly Israel-Premier Tech has publicly voiced his frustration at the pro-Palestine protests which engulfed the second half of the 2025 sea… [+6679 chars],,en,'Israel'
118,https://www.israelnationalnews.com/flashes/671831,0,www.israelnationalnews.com,"IDF, IAF neutralize terrorist threat in northern Gaza","Earlier on Friday, IDF troops identified two terrorists who were carrying suspicious objects and approaching the troops operating in the northern Gaza Strip, posing an immediate threat to them, the IDF Spokesperson's Unit said.Following the identification, an…",https://2.a7.org/files/pictures/000/1075218.jpg,2025-12-05T15:20:12Z,,"Earlier on Friday, IDF troops identified two terrorists who were carrying suspicious objects and approaching the troops operating in the northern Gaza Strip, posing an immediate threat to them, the I… [+595 chars]",,en,'Gaza'
119,https://freerepublic.com/focus/f-bloggers/4356076/posts,0,freerepublic.com,The Accuser's Trilemma: A Simple Test that Destroys the Genocide Libel - and Others,"There is a way of proving - I mean logically, bulletproof proving - that Israel was not committing genocide in Gaza. And as I came up with that, I realized that the same method can also be used to either debunk or support most similar accusations of systemic,…",,2025-12-05T15:26:41Z,,"Skip to comments.
The Accuser's Trilemma: A Simple Test that Destroys the Genocide Libel - and Othershttps://elderofziyon.blogspot.com/2025/12/the-accusers-trilemma-simple-test-that.html ^
 | 12.4.… [+11458 chars]",,en,'Israel'
120,https://www.the-independent.com/arts-entertainment/eurovision/eurovision-2026-israel-boycott-uk-entry-bbc-b2878901.html,0,www.the-independent.com,"As Israel is cleared to compete, Eurovision’s future hangs in the balance","The European Broadcasting Union will allow Israel to compete at next year’s contest, a decision that has prompted four countries to boycott the event. Roisin O’Connor asks whether Eurovision can ever get back to the joyful celebration it once was","https://static.the-independent.com/2025/12/05/14/36/GettyImages-2213955934.jpg?trim=0,0,0,0&width=1200&height=800&crop=1200:800",2025-12-05T15:44:51Z,,"Your support helps us to tell the story
From reproductive rights to climate change to Big Tech, The Independent is on the ground when the story is developing. Whether it's investigating the financia… [+6638 chars]",,en,'Gaza'
121,https://www.androidcentral.com/streaming-tv/netflix/netflix-closes-usd82-7-billion-deal-with-warner-bros-for-its-iconic-content,0,www.androidcentral.com,Netflix secures iconic Warner Bros. content in historic $82.7 billion deal,"In a landmark move today, Netflix unveiled its $82.7 billion acquisition of Warner Bros., merging a streaming titan with a Hollywood powerhouse.",https://cdn.mos.cms.futurecdn.net/Fij2KqPftDDHWCFBjTGrVQ-2048-80.jpg,2025-12-05T16:02:10Z,,"What you need to know
<ul><li>Netflix acquires Warner Bros. content, reshaping the streaming landscape with iconic shows now united under one platform.</li><li>This merger positions Netflix as a dom… [+3938 chars]",,en,'Hollywood'
122,https://www.longwarjournal.org/archives/2025/12/israel-syria-tensions-continue-after-israeli-raid-as-white-house-urges-dialogue.php,0,www.longwarjournal.org,Israel-Syria tensions continue after Israeli raid as White House urges ‘dialogue’,"Tensions between Israel and Syria have continued in the wake of an Israeli raid in southern Syria on November 27. On December 4, Syria accused Israel of a new incursion into the Yarmouk Basin near the Golan. US President Donald Trump has called for a dialogue…",https://www.longwarjournal.org/wp-content/uploads/2025/12/rafi-milo-800.jpg,2025-12-05T16:22:47Z,,"Israel Defense Forces Major General Rafi Milo (left) visited the Golan on November 30 and met with Israeli troops. (IDF)
Tensions between Israel and Syria have continued in the wake of a November 27… [+4001 chars]",,en,'Israel'
123,https://electronicintifada.net/blogs/nora-barrows-friedman/israeli-massacres-persist-harsh-winter-arrives-gaza,0,electronicintifada.net,Israeli massacres persist as harsh winter arrives in Gaza,UN report finds torture “de facto” Israeli state policy.,https://electronicintifada.net/sites/default/files/styles/medium/public/pictures/picture-32-1327942070.jpg?itok=MCIOX4jq,2025-12-05T16:34:17Z,http://web.archive.org/web/20251206150514/https://electronicintifada.net/blogs/nora-barrows-friedman/israeli-massacres-persist-harsh-winter-arrives-gaza,"Nora Barrows-FriedmanRights and Accountability5 December 2025
Relatives of journalist Mahmoud Wadi, who was targeted and killed in an Israeli drone strike, mourned over his body at Nasser Medical Co… [+18611 chars]",,en,'Gaza'
125,https://www.independent.ie/irish-news/i-hope-we-are-not-gone-forever-former-winner-charlie-mcgettigan-says-rte-right-to-leave-eurovision-over-israel-inclusion/a1661141109.html,0,www.independent.ie,‘I hope we are not gone forever’ – former winner Charlie McGettigan says RTÉ right to leave Eurovision over Israel inclusion,"Eurovision winner Charlie McGettigan has commended RTÉ for boycotting the contest, over Israel's involvement.",https://focus.independent.ie/thumbor/FUvXNs1jfUVyDlctUO4lptvLvcw=/60x0:735x450/629x0/prod-mh-ireland/d16ac8ab-22b7-4767-80d1-662550feea98/18cc5952-dac6-4369-a03e-97522e1fd4e8/video/video.jpg,2025-12-05T16:45:00Z,,"Ireland pulls out of Eurovision over Israel inclusion as BBC defends support and Iceland to decide next weekIreland should take a year off [from Eurovision] return stronger, and hopefully be in the t… [+11766 chars]",,en,'Israel'
124,https://www.independent.ie/irish-news/former-winner-charlie-mcgettigan-says-rte-right-to-leave-eurovision-over-israel-inclusion-as-sweden-issues-decision/a1661141109.html,0,www.independent.ie,Former winner Charlie McGettigan says RTÉ right to leave Eurovision over Israel inclusion as Sweden issues decision,Sweden's national broadcaster STV has confirmed it will take part in the 2026 Eurovision Song Contest despite speculation it may pull out over Israel's confirmed participation.,https://focus.independent.ie/thumbor/FUvXNs1jfUVyDlctUO4lptvLvcw=/60x0:735x450/629x0/prod-mh-ireland/d16ac8ab-22b7-4767-80d1-662550feea98/18cc5952-dac6-4369-a03e-97522e1fd4e8/video/video.jpg,2025-12-05T16:45:00Z,,"Ireland pulls out of Eurovision over Israel inclusion as BBC defends support and Iceland to decide next weekIreland should take a year off [from Eurovision] return stronger, and hopefully be in the t… [+13590 chars]",,en,'Sweden'
126,https://www.aljazeera.com/video/newsfeed/2025/12/5/israel-awaits-return-of-final-captive-from-gaza-amid-fragile-peace-deal,0,www.aljazeera.com,Israel awaits return of final captive from Gaza amid fragile peace deal,Ran Gvili is now the last captive in Gaza after Hamas returned the body of Thai agriculture worker Sudthisak Rinthalak.,https://www.aljazeera.com/wp-content/uploads/2025/12/image-1764953949.jpg?resize=1619%2C1080&quality=80,2025-12-05T16:59:28Z,http://web.archive.org/web/20251206165029/https://www.aljazeera.com/video/newsfeed/2025/12/5/israel-awaits-return-of-final-captive-from-gaza-amid-fragile-peace-deal,"NewsFeed
Israeli police officer Ran Gvili is now the last remaining captive in Gaza after Hamas returned the body of Thai agriculture worker Sudthisak Rinthalak. Gvilis remains would complete a key … [+58 chars]",,en,'Gaza'
127,https://reason.com/volokh/2025/12/05/how-israeli-lawyers-vet-bombing-targets/,0,reason.com,How Israeli Lawyers Vet Bombing Targets,"This past week, I was in Israel with a group of lawyers from the US, Canada, Bulgaria, and Latvia on…
The post How Israeli Lawyers Vet Bombing Targets appeared first on Reason.com.",https://d2eehagpk5cl65.cloudfront.net/img/q60/uploads/2025/12/takt.jpg,2025-12-05T16:59:55Z,,"This past week, I was in Israel with a group of lawyers from the US, Canada, Bulgaria, and Latvia on a trip sponsored by the nonpartisan Center for Jewish Impact. CJI's general goal is to serve as a … [+3913 chars]",,en,'Israel'
128,https://www.holidaypirates.com/packages/atrium-fashion-hotel-budapest-hungary,0,www.holidaypirates.com,4⭐️ Budapest getaway with ✈️ & breakfast UNDER £80 ,"Mateys, Wowcher are offering up yet another BARGAIN getaway, this time to stunning Budapest. Prices start from £79 (plus an admin fee), and there is a choice of dates in January through to March. There are many more dates available, too.This deal includes you…",https://image.urlaubspiraten.de/720/image/upload/v1712317942/mediavault_images/shutterstock_275542178_r9ogqw.jpg,2025-12-05T17:03:33Z,,"We might be pirates, but were an honest bunch. We check all our deals when we review them to make sure everything is available. However, with deals this hot, things change quicklyflight prices fluctu… [+461 chars]",,en,'Budapest'
129,https://mondoweiss.net/2025/12/groundbreaking-nyt-op-ed-lays-bare-the-democrats-internal-battle-over-israel/,0,mondoweiss.net,Groundbreaking ‘NYT’ Op-Ed lays bare the Democrats’ internal battle over Israel,"As Hillary Clinton and Sarah Hurwitz blame the rising support for Palestine within the Democratic Party on social media, former Obama staffer Ben Rhodes makes clear why Democrats are turning on Israel and what this means for the party moving forward.",https://mondoweiss.net/wp-content/uploads/2025/12/P080714PS-0766_15215887459-scaled.jpg,2025-12-05T17:08:47Z,,"In yet another sign of the shifting consensus on Israel among Democrats, Ben Rhodes, the former Deputy National Security Advisor and speechwriter for Barack Obama, published a groundbreaking Op-Ed in… [+10464 chars]",,en,'Israel'
130,https://www.bostonherald.com/2025/12/05/eurovision-walkouts-explained/,0,www.bostonherald.com,What to know about the Eurovision Song Contest as Israel’s participation sparks walkouts,Organizers refused to expel Israel over its actions in Gaza.,https://www.bostonherald.com/wp-content/uploads/2025/12/Eurovision_Israel_54503_c6d516-1.jpg?w=1024&h=682,2025-12-05T17:10:03Z,,"By JILL LAWLESS and JAMEY KEATEN, Associated Press
LONDON (AP) The Eurovision Song Contest, which aims to be an upbeat celebration of music and unity, is facing the biggest crisis in its seven-decad… [+6045 chars]",,en,'Gaza'
131,https://dailycaller.com/2025/12/05/only-one-deceased-hostage-remains-in-gaza-after-hamas-returns-another-dead-body/,0,dailycaller.com,Only One Deceased Hostage Remains In Gaza After Hamas Returns Another Dead Body,"Only one hostage body is left in Gaza after Thai officials confirmed the identity of a dead hostage body released by Hamas, the Associated Press reported Friday.","https://images.dailycaller.com/image/width=1280,height=549,fit=cover,format=webp,f=auto/https://cdn01.dailycaller.com/wp-content/uploads/2025/12/GettyImages-2248955388-scaled-e1764947480684.jpg",2025-12-05T17:20:04Z,,"Only one hostage’s remains are still in Gaza after Israeli authorities said Thai officials confirmed the identity of another body recently turned over by Hamas.
The deceased hostage, Sudthisak Rinth… [+2766 chars]",,en,'Gaza'
132,https://www.mediaite.com/media/news/foxs-trey-yingst-makes-fiery-call-for-independent-access-to-gaza-as-he-accepts-excellence-prize-at-foreign-press-awards/,0,www.mediaite.com,Fox’s Trey Yingst Makes Fiery Call for Independent Access to Gaza as He Accepts Excellence Prize at Foreign Press Awards,"Fox News' chief foreign correspondent Trey Yingst demanded fair access to Gaza in a fiery speech as he was awarded the Prize of Excellence at the annual Foreign Press Awards on Thursday night.
The post Fox’s Trey Yingst Makes Fiery Call for Independent Access…",https://www.mediaite.com/wp-content/uploads/2025/12/Yingst3.jpg,2025-12-05T17:23:24Z,,"Fox News’ chief foreign correspondent Trey Yingst demanded fair access to Gaza in a passionate speech as he was awarded the Prize of Excellence at the annual Foreign Press Awards on Thursday night.
… [+4412 chars]",,en,'Gaza'
133,http://foreignpolicy.com/2025/12/05/news-quiz-congo-outbreak-trump-pardon-honduras-president-israel-gaza-cease-fire/,0,foreignpolicy.com,What in the World?,"Test yourself on the week of Nov. 29: A disease outbreak ends in Congo, Trump pardons a former Honduran president, and the latest from Israel-Palestine.",https://foreignpolicy.com/wp-content/uploads/2025/12/Japan-Princess-Aiko-GettyImages-2191509748.jpg?w=1000,2025-12-05T17:36:57Z,,"1. The Democratic Republic of the Congo on Monday announced the end of an outbreak of which disease, after no new confirmed cases had been reported in more than 40 days?
Cholera
Ebola
Malaria
Tub… [+4028 chars]",,en,'Israel'
134,https://whdh.com/news/fifa-gives-president-donald-trump-a-peace-prize-in-a-departure-from-its-traditional-focus-on-sport/,0,whdh.com,FIFA gives President Donald Trump a peace prize in a departure from its traditional focus on sport,"WASHINGTON (AP) — President Donald Trump was awarded the new FIFA peace prize on Friday at the 2026 World Cup draw — giving the soccer spectacle to<a class=""excerpt-read-more"" href=""https://whdh.com/news/fifa-gives-president-donald-trump-a-peace-prize-in-a-de…",https://whdh.com/wp-content/uploads/sites/3/2025/06/Trump-ceasefire.jpg?quality=60&strip=color,2025-12-05T17:45:35Z,,WASHINGTON (AP) President Donald Trump was awarded the new FIFA peace prize on Friday at the 2026 World Cup draw giving the soccer spectacle to set matchups for the quadrennial tournament even more o… [+1999 chars],,en,'Washington'
135,https://www.bbc.com/sport/football/articles/cvgj1q46v3qo,0,www.bbc.com,"Scotland to face Brazil, Morocco & Haiti in World Cup finals",Scotland will open their World Cup finals next summer against Haiti after also being drawn against Brazil and Morocco.,https://ichef.bbci.co.uk/ace/branded_sport/1200/cpsprodpb/eb7a/live/5c0f70d0-6139-11ee-ac8c-9d18dbc280ea.png,2025-12-05T19:01:43Z,,"Scotland will face Brazil, Morocco and Haiti in a nostalgic return to the men's World Cup in next year's finals.
The Scots are making their first appearance at the tournament for 28 years, where the… [+449 chars]",,en,'Haiti'
136,https://www.businessinsider.com/hollywood-insiders-hate-netflix-warner-bros-deal-james-cameron-kilar-2025-12,0,www.businessinsider.com,"Reviews are in, and Hollywood insiders aren't pleased with the Netflix-Warner Bros. deal","The deal has raised concerns about job cuts, a lack of competition, and the future of the movie theater industry.",https://i.insider.com/6933448c7ecd1d1da6630da5?width=1200&format=jpeg,2025-12-05T21:22:50Z,,"Netflix's $72 billion acquisition of Warner Bros. is raising eyebrows across Hollywood.Illustration by Algi Febri Sugita/SOPA Images/LightRocket via Getty Images
<ul><li>Netflix said it's buying Hol… [+4348 chars]",,en,'Hollywood'
137,https://kotaku.com/netflix-warner-bros-acquisition-batman-hbo-2000651036,0,kotaku.com,Netflix Says It’s Not Destroying Hollywood: ‘We’re Saving’ It,"Netflix aims to grow even larger with its impending purchase of Warner Bros.
The post Netflix Says It’s Not Destroying Hollywood: ‘We’re Saving’ It appeared first on Kotaku.",https://kotaku.com/app/uploads/2025/12/netflix.jpg,2025-12-05T22:00:34Z,,"Netflixs CEO, Ted Sarandos, doesnt believe that the streaming giant is a negative force in the film industry. Instead, Sarandos believes Netflix is more of a savior, according to a recent interview.… [+2227 chars]",,en,'Hollywood'
138,https://variety.com/2025/film/news/ondi-timoner-altadena-fire-documentary-1236601850/,0,variety.com,Ondi Timoner on How Her Altadena Fire Doc Aims to Help Heal and Stop Foreclosures,"Veteran documentary filmmaker Ondi Timoner and her wife, Morgan Doctor, were working on a film in Budapest when they got a phone call informing them their home in the Los Angeles neighborhood of Altadena had burned to the ground in the Eaton Fire. It was Jan.…",https://variety.com/wp-content/uploads/2025/12/Ondi-and-Juki-hug-Eli-Timoner.jpeg?w=1000&h=563&crop=1,2025-12-06T01:03:57Z,,"Veteran documentary filmmaker Ondi Timoner and her wife, Morgan Doctor, were working on a film in Budapest when they got a phone call informing them their home in the Los Angeles neighborhood of Alta… [+3879 chars]",,en,'Budapest'
139,https://balloon-juice.com/2025/12/05/war-for-ukraine-day-1380-all-of-ukraine-was-under-alert-for-russian-missile-strikes-earlier-this-evening/,0,balloon-juice.com,"War for Ukraine Day 1,380: All of Ukraine Was Under Alert for Russian Missile Strikes Earlier This Evening","(Image by NEIVANMADE) At 3:00 AM local time in Ukraine/8:00 PM EST, all of Ukraine is under air raid warning for potential Russian missile attack. That alert has been lifted.  ATTENTION All of Ukraine – missile danger! A takeoff of the MiG-31K has been record…",https://balloon-juice.com/wp-content/uploads/2020/01/Silverman_On_Security.jpg,2025-12-06T03:08:48Z,,"(Image by NEIVANMADE)
At 3:00 AM local time in Ukraine/8:00 PM EST, all of Ukraine is under air raid warning for potential Russian missile attack. That alert has been lifted.
 ATTENTIONAll of Ukrai… [+39144 chars]",,en,'Budapest'
140,https://www.aljazeera.com/news/2025/12/6/australia-sanctions-afghan-taliban-officials-over-womens-rights-abuses,0,www.aljazeera.com,Australia sanctions Afghan Taliban officials over women’s rights abuses,"Canberra said the Taliban officials are guilty of oppressing women and girls, as well as 'undermining good governance'.",https://www.aljazeera.com/wp-content/uploads/2025/12/AFP__20250814__69J29KF__v2__HighRes__AfghanistanTalibanAnniversary-1764990351.jpg?resize=1920%2C1440,2025-12-06T04:18:38Z,,"The Australian government has imposed financial sanctions and travel bans on four officials in Afghanistans Taliban government, citing the deteriorating human rights situation in the country, particu… [+3548 chars]",,en,'Australia'
141,https://www.rte.ie/news/2025/1206/1547544-russia-ukraine/,0,www.rte.ie,No compromise - Russia sticks to its demands over Ukraine,Talks earlier week between US envoys and Russian President Vladimir Putin did not lead to a breakthrough to end the war in Ukraine. Moscow's hardline demands remain an obstacle to peace,https://www.rte.ie/images/0023960d-1600.jpg,2025-12-06T07:00:01Z,,"For the sixth time this year, US President Donald Trump sent his special envoy Steve Witkoff to Russia this week.
And just like before, he received cordial smiles from his Russian hosts but no compr… [+6174 chars]",,en,'Russia'
142,https://www.rt.com/news/629100-hungary-blocks-eu-debt-plan-kiev/,0,www.rt.com,Hungary blocks EU joint debt plan for Ukraine – Politico,"Hungary has blocked the issuance of Eurobonds to arm Ukraine, Politico reports Read Full Article at RT.com",https://mf.b37mrtl.ru/files/2025.12/article/6933df6785f54014ee597435.jpg,2025-12-06T08:55:33Z,,"Hungary has blocked the issuance of Eurobonds to arm Ukraine – one of two options put forward by the European Commission to fund Kiev’s war effort – Politico reports, citing sources.
After the escal… [+1991 chars]",,en,'Ukraine'
143,https://foot-africa.com/en/news/can-2025-the-all-time-africa-cup-of-nations-standings-990893/,0,foot-africa.com,CAN 2025: The all-time Africa Cup of Nations standings,"The all-time CAN rankingsCAN 2025/@RFIThe 2025 Africa Cup of Nations will take place in Morocco from December 21, 2025 to January 18, 2026. 24 teams will compete in the tournament.All 24 participating...",https://media.zenfs.com/en/foot_africa_articles_352/5f29a0d15c4da0e33e823914d7857c5b,2025-12-06T12:10:00Z,,"The all-time CAN rankings
CAN 2025/@RFI
The 2025 Africa Cup of Nations will take place in Morocco from December 21, 2025 to January 18, 2026. 24 teams will compete in the tournament.
All 24 partic… [+2650 chars]",,en,'Mauritania'
144,https://www.jpost.com/middle-east/article-879383,0,www.jpost.com,"Israel ‘fighting ghosts,’ Syrian president says, accuses Jerusalem of exploiting Oct. 7","Israel often brings its crises to other countries and tries to evade taking responsibility for the ""horrifying massacres it committed in Gaza,"" Sharaa told...",https://media.zenfs.com/en/jerusalem_post_articles_818/4310773aca811f858229f189e116b6a7,2025-12-06T14:08:10Z,,"Israel often brings its crises to other countries and tries to evade taking responsibility for the ""horrifying massacres it committed in Gaza,"" Sharaa told the crowds.
Syrian President Ahmed al-Shar… [+4586 chars]",,en,'Israel'
145,https://consent.yahoo.com/v2/collectConsent?sessionId=1_cc-session_d3d80b9e-c3e1-4821-8088-1ffb2cd75364,0,consent.yahoo.com,Syria's leader says Israel is fighting 'ghosts' after the Gaza war,,,2025-12-06T14:14:20Z,,"If you click 'Accept all', we and our partners, including 240 who are part of the IAB Transparency &amp; Consent Framework, will also store and/or access information on a device (in other words, use … [+714 chars]",,en,'Gaza'
146,https://www.politico.eu/article/ursula-von-der-leyen-friedrich-merz-talks-belgium-over-russian-assets-were-constructive/,0,www.politico.eu,"Von der Leyen, Merz: Talks with Belgium over Russian assets were ‘constructive’",Yet the Belgian leader gave no indication he will relent on his opposition to use the frozen funds.,"https://www.politico.eu/cdn-cgi/image/width=1200,height=630,fit=crop,quality=80,onerror=redirect/wp-content/uploads/2025/12/06/GettyImages-2249215312-scaled.jpg",2025-12-06T15:19:40Z,,Merz echoed the sentiment in German media. “Belgium’s particular concern about the question of how to make use of frozen Russian assets is undeniable and must be addressed in any conceivable solution… [+1013 chars],,en,'Belgium'
147,https://www.jpost.com/israel-news/article-879389,0,www.jpost.com,"Hamas, PIJ know where to reach slain hostage Ran Gvili, Israel tells mediators","The Coordinator for Hostages and Missing Persons Gal Hirsch left for Cairo for talks on Gvili's return, as well as advancement to the second phase of the...",https://media.zenfs.com/en/jerusalem_post_articles_818/3dfd8052ed164eb2d8a2ab6d41f6e7f9,2025-12-06T16:24:10Z,,"The Coordinator for Hostages and Missing Persons Gal Hirsch left for Cairo for talks on Gvili's return, as well as advancement to the second phase of the hostage and ceasefire deal.
Hamas and the Pa… [+1800 chars]",,en,'Cairo'
148,https://www.jpost.com/middle-east/article-879397,0,www.jpost.com,"Turkey warns blocking Trump’s Gaza plan would be ‘huge failure’ for US, world","Fidan said a credible Palestinian civil administration and a vetted, trained police force needed to be in place to allow Hamas to disarm. Not advancing the...",https://media.zenfs.com/en/jerusalem_post_articles_818/ffd8673ee0bf120c91ac0e50c67ebebe,2025-12-06T17:21:31Z,,"Fidan said a credible Palestinian civil administration and a vetted, trained police force needed to be in place to allow Hamas to disarm.
Not advancing the US-backed Gaza ceasefire plan to its next … [+3963 chars]",,en,'Gaza'
149,https://www.bbc.com/news/articles/crk7xgzj8y8o,0,www.bbc.com,"Can you ban kids from social media? Australia is about to, but some teens are a step ahead",The law comes into effect this week but critics worry it can't be enforced - and shouldn't be either.,https://ichef.bbci.co.uk/news/1024/branded_news/2bf7/live/75176520-d1a2-11f0-9fb5-5f3a3703a365.jpg,2025-12-06T18:58:09Z,http://web.archive.org/web/20251208213007/https://www.bbc.com/news/articles/crk7xgzj8y8o,"Isobel is convinced the social media ban won't stop kids like her
It took 13-year-old Isobel less than five minutes to outsmart Australia's ""world-leading"" social media ban for children.
A notifica… [+13293 chars]",,en,'Australia'
150,https://www.tmz.com/2025/12/06/airport-fire-brazil-plane-evacuation/,0,www.tmz.com,"Fire at Brazil Airport Causes Evacuation, Smoke Engulfs Jet",Passengers in Brazil had to quickly evacuate a plane when a fire broke out on the jetway and smoke spilled into the cabin ... and video has now surfaced of the scary incident. The scary scene went down at São Paulo's Guarulhos International…,https://imagez.tmz.com/image/b6/16by9/2025/12/06/b6992573f3b748aaae18b7e3a7c7222c_xl.jpg,2025-12-06T22:46:27Z,,"Passengers in Brazil had to quickly evacuate a plane when a fire broke out on the jetway and smoke spilled into the cabin ... and video has now surfaced of the scary incident.
#BREAKING
Esteira de … [+1468 chars]",,en,'Brazil'
151,https://www.bbc.com/news/articles/c3r7plnwr0zo,0,www.bbc.com,Hong Kong to vote in election as city mourns deadly fire,The Legislative Council election is seen as a test of public sentiment following a deadly fire that angered some.,https://ichef.bbci.co.uk/news/1024/branded_news/e876/live/2001c660-d1ad-11f0-83cd-5b415fb0080a.jpg,2025-12-07T00:40:41Z,http://web.archive.org/web/20251207235003/https://www.bbc.com/news/articles/c3r7plnwr0zo,"Hongkongers are mourning the worst blaze the city has seen in more than 70 years
Hongkongers are voting in an election seen as a test of public sentiment following a deadly fire that angered some in… [+5838 chars]",,en,'China'
152,https://www.yahoo.com/news/articles/russias-africa-corps-fights-mali-052131039.html,0,www.yahoo.com,"As Russia's Africa Corps fights in Mali, witnesses describe atrocities from beheadings to rapes",A new Russian military unit that replaced the Wagner mercenary group is carrying out abuses including rapes and beheadings as it teams up with Mali 's...,https://s.yimg.com/ny/api/res/1.2/q9MUfRvZI0WmVHXmblk.FA--/YXBwaWQ9aGlnaGxhbmRlcjt3PTEyMDA7aD04MDA7Y2Y9d2VicA--/https://media.zenfs.com/en/ap.org/c3354cafc326a822422616b30051cb3b,2025-12-07T05:21:31Z,,"DOUANKARA, Mauritania (AP) A new Russian military unit that replaced the Wagner mercenary group is carrying out abuses including rapes and beheadings as it teams up with Mali 's military to hunt down… [+10577 chars]",,en,'Mali'
153,https://abcnews.go.com/International/wireStory/takeaways-aps-investigation-russias-africa-corps-mali-128182208,0,abcnews.go.com,Takeaways from AP's investigation into Russia's Africa Corps in Mali,"Refugees from Mali have told The Associated Press that a new Russian military unit, Africa Corps, is committing abuses like rapes and beheadings",https://i.abcnewsfe.com/a/5df49de8-750c-4a32-982a-2710081fb17e/wirestory_854f1e0d2a438256f320a73c9d341245_16x9.jpg?w=1600,2025-12-07T05:42:25Z,,"DAKAR. Senegal -- Dozens of people who have fled Mali tell The Associated Press that a new Russian military unit that replaced the Wagner mercenary group this year is carrying out abuses, including r… [+5011 chars]",,en,'Mauritania'
154,https://designyoutrust.com/2025/12/beautiful-entries-from-the-sony-world-photography-awards-2026-open-competition/,0,designyoutrust.com,Beautiful Entries from the Sony World Photography Awards 2026 Open Competition,"Lifestyle: Photo by Aggelos Barai, Albania The Sony World Photography Awards consistently showcase breathtaking talent, and the 2026 Open Competition is no exception. With submissions closing soon, the entries already reveal extraordinary creativity and story…",https://designyoutrust.com/wp-content/uploads/2025/12/sony-world-photography-awards-open-competition-11.jpeg,2025-12-07T13:58:35Z,,"Lifestyle: Photo by Aggelos Barai, AlbaniaThe Sony World Photography Awards consistently showcase breathtaking talent, and the 2026 Open Competition is no exception. 
With submissions closing soon, … [+1710 chars]",,en,'Albania'
155,https://www.yahoo.com/news/articles/netanyahu-says-israel-hamas-soon-140447724.html,0,www.yahoo.com,Netanyahu says Israel and Hamas will enter ceasefire's second phase soon,"Israeli Prime Minister Benjamin Netanyahu said Sunday that Israel and Hamas are “very shortly expected to move into the second phase of the ceasefire,” after...",https://s.yimg.com/ny/api/res/1.2/aoZKozRGZ.jxfvVB9xN5Vw--/YXBwaWQ9aGlnaGxhbmRlcjt3PTEyMDA7aD04MDA7Y2Y9d2VicA--/https://media.zenfs.com/en/ap.org/544379c14299fd0bd58c836f1d5d43f1,2025-12-07T14:04:47Z,,"TEL AVIV, Israel (AP) Israeli Prime Minister Benjamin Netanyahu said Sunday that Israel and Hamas are very shortly expected to move into the second phase of the ceasefire, after Hamas returns the rem… [+4661 chars]",,en,'Israel'
156,https://eplindex.com/139992/spurs-and-manchester-united-both-looking-at-ecuadorian-forward.html,0,eplindex.com,Spurs and Manchester United both looking at Ecuadorian forward,"Nilson Angulo Draws Premier League AttentionEurope’s scouting circles are converging on Brussels, and the reason is Nilson Angulo. The 22 year old Ecuadorian winger has emerged as one of the contine...",https://s.yimg.com/ny/api/res/1.2/kSDy1u7FsH.oMyHjwwo4Cw--/YXBwaWQ9aGlnaGxhbmRlcjt3PTEyMDA7aD04MDc7Y2Y9d2VicA--/https://media.zenfs.com/en/epl_index_articles_253/a66e5014d63a45a87491b968bc25a41a,2025-12-07T14:50:00Z,,"Europes scouting circles are converging on Brussels, and the reason is Nilson Angulo. The 22 year old Ecuadorian winger has emerged as one of the continents most exciting wide forwards, combining sha… [+4648 chars]",,en,'Brussels'
157,https://www.yahoo.com/news/articles/hamas-official-says-group-ready-170013380.html,0,www.yahoo.com,Hamas official says the group ready to discuss 'freezing or storing' its weapons,"Hamas is ready to discuss “freezing or storing” its arsenal of weapons as part of its ceasefire with Israel, a senior official said Sunday, offering a...",https://s.yimg.com/ny/api/res/1.2/5sUkIBKkBQqq5kUMzAAtew--/YXBwaWQ9aGlnaGxhbmRlcjt3PTEyMDA7aD04MDA7Y2Y9d2VicA--/https://media.zenfs.com/en/ap.org/8d9034c9f7a82d80ced65d5cb151b75f,2025-12-07T17:00:13Z,,"DOHA, Qatar (AP) Hamas is ready to discuss freezing or storing its arsenal of weapons as part of its ceasefire with Israel, a senior official said Sunday, offering a possible formula to resolve one o… [+7170 chars]",,en,'Israel'
158,https://www.forbes.com/sites/pauliddon/2025/12/07/by-reverse-engineering-shahed-drone-us-gives-iran-a-dose-of-its-own-medicine/,0,www.forbes.com,"By Reverse-Engineering Shahed Drone, U.S. Gives Iran A Dose Of Its Own Medicine","With all the precedents of Iran copying American-made systems, it’s hardly surprising that the U.S. didn’t hesitate to copy an Iranian design when building a cheap drone.",https://imageio.forbes.com/specials-images/imageserve/662f6cef0e9e333438b1dc0e/0x0.jpg?format=jpg&height=900&width=1600&fit=bounds,2025-12-07T17:42:37Z,,"Iranian-made Shahed-136 drone flies over the sky of Kermanshah, Iran on March 7, 2024. (Photo by ANONYMOUS/Middle East Images/AFP via Getty Images)
Middle East Images/AFP via Getty Images
As part o… [+9421 chars]",,en,'Israel'
159,https://www.thewrap.com/tucker-carlson-buy-home-doha-defends-qatar-hamas-video/,0,www.thewrap.com,"Tucker Carlson Says He Plans to Buy Home in Doha, Defends Qatar Hosting Hamas: ‘I’m an American … I’ll Be Wherever I Want’ | Video","Carlson made the declaration in a wide-ranging interview with Qatari prime minister Sheikh Mohammed bin Abdulrahman Al Thani
The post Tucker Carlson Says He Plans to Buy Home in Doha, Defends Qatar Hosting Hamas: ‘I’m an American … I’ll Be Wherever I Want’ | …",https://www.thewrap.com/wp-content/uploads/2025/12/tucker.png,2025-12-07T17:45:55Z,,"Tucker Carlson says he plans to buy property in Qatar, closing a wide-ranging interview with the prime minister in Doha about the Gulf states relationship with Hamas by saying he wants to “make a sta… [+2819 chars]",,en,'Qatar'
160,https://freerepublic.com/focus/f-news/4356349/posts,0,freerepublic.com,Trump’s 3 Choices in Ukraine...,"With the War in Ukraine now approaching its fifth year and possibly reaching a climatic stage, it’s timely to offer an overview of the situation. This overview has three vectors – the situation on the battlefield, the corruption scandal rocking Kyiv, and the …",,2025-12-07T18:10:45Z,,"Skip to comments.
Trumps 3 Choices in Ukraine...Daily Reckoning ^
 | 7 Dec 25
 | James Rickards
Posted on 12/07/2025 10:10:45 AM PST by delta7
With the War in Ukraine now approaching its fifth y… [+12314 chars]",,en,'Kyiv'
161,https://economictimes.indiatimes.com/news/international/world-news/netanyahu-says-israel-and-hamas-will-enter-ceasefires-second-phase-soon/articleshow/125820422.cms,0,economictimes.indiatimes.com,Netanyahu says Israel and Hamas will enter ceasefire's second phase soon,"Netanyahu spoke during a news conference with visiting German Chancellor Friedrich Merz and stressed that the second phase, which addresses the disarming of Hamas and the withdrawal of Israeli troops from Gaza, could begin as soon as the end of the month. Ham…","https://img.etimg.com/thumb/msid-125820415,width-1200,height-630,imgsize-118434,overlay-economictimes/articleshow.jpg",2025-12-07T18:18:31Z,,"TEL AVIV: Israeli Prime Minister Benjamin Netanyahu said Sunday that Israel and Hamas are very shortly expected to move into the second phase of the ceasefire, after Hamas returns the remains of the … [+4907 chars]",,en,'Israel'
162,https://www.aljazeera.com/news/2025/12/7/we-need-to-make-it-work-can-international-law-deliver-justice,0,www.aljazeera.com,‘We need to make it work’: Can international law deliver justice?,Gaza dominates the Doha Forum as experts warn political pressure and blocked accountability undermine international law.,https://www.aljazeera.com/wp-content/uploads/2025/12/2025-12-03T081028Z_2122462187_RC2U8IAQVJL3_RTRMADP_3_ISRAEL-PALESTINIANS-GAZA-1764815940_e62414-1764816752.jpg?resize=1200%2C630&quality=80,2025-12-07T18:25:57Z,,"After the US government placed sanctions on the United Nations special rapporteur on the occupied Palestinian territories, Francesca Albanese, her life turned upside down.
Credit cards stopped worki… [+5592 chars]",,en,'Israel'
163,https://www.israelnationalnews.com/news/418952,0,www.israelnationalnews.com,Kibbutz Be'eri members: Houses damaged in Oct. 7 massacre to be demolished - except for 1,"In controversial vote, Kibbutz Be'eri members decide to demolish most of the homes damaged in the October 7 massacre. 'Be'eri is not responsible for Israel's national memory; we want to create revival and life.'",https://2.a7.org/files/pictures/000/1205167.jpg,2025-12-07T18:29:23Z,,"Members of Kibbutz Be'eri voted Sunday in favor of demolishing all the homes that were damaged in the deadly October 7th massacre, except for one house.
In a decision passed by a majority of 196 to … [+1350 chars]",,en,'Israel'
164,https://biztoc.com/x/e3bb50379eda598c,0,biztoc.com,"US, Israel and Qatar Holding Talks in New York, Axios Says",,https://biztoc.com/cdn/e3bb50379eda598c_s.webp,2025-12-07T18:38:33Z,,"{ window.open(this.href, '_blank'); }, 200); return false;""&gt;Why is Bitcoin down from its all-time high? { window.open(this.href, '_blank'); }, 200); return false;""&gt;How will the Netflix-Warner B… [+775 chars]",,en,'Israel'
165,https://www.jpost.com/israel-news/politics-and-diplomacy/article-879519,0,www.jpost.com,What is behind the bills to 'split' A-G role - and will it change Israel's legal governance?,Critics say Israel’s system lacks the structural safeguards that would prevent a weakened oversight of government actions under a divided A-G role. The...,https://media.zenfs.com/en/jerusalem_post_articles_818/475a0d74524f07fbd026fa80fe2444e2,2025-12-07T18:39:53Z,,"Critics say Israels system lacks the structural safeguards that would prevent a weakened oversight of government actions under a divided A-G role.
The Knessets Constitution, Law, and Justice Committ… [+4496 chars]",,en,'Israel'
166,https://www.israelnationalnews.com/news/418956,0,www.israelnationalnews.com,"Report: US, Israel, Qatar set high-level talks to repair strained ties","High-level talks seek to rebuild coordination among Washington, Jerusalem and Doha following the fallout from the Israeli strike in Qatar.",https://2.a7.org/files/pictures/000/1182745.jpg,2025-12-07T18:41:00Z,,"The US, Israel, and Qatar are set to convene in New York on Sunday in an effort to mend strained relations following the Israeli strike in Doha earlier this year, according to a report by Axios.
The… [+1783 chars]",,en,'Doha'
167,https://www.haaretz.com/israel-news/2025-12-07/ty-article/.premium/israeli-red-alert-up-for-critics-choice-award-for-best-foreign-language-series/0000019a-f9be-d193-a1be-fbbf92460000,0,www.haaretz.com,Israeli 'Red Alert' up for Critics' Choice Award for Best Foreign Language Series,"The four-episode show premiered in Israel in early October before making its international debut on streaming service Paramount+ on October 7, the second anniversary of Hamas' deadly attack","https://img.haarets.co.il/bs/0000019a-f9be-d193-a1be-fbbf92460000/d8/16/3111a0b449a693f77295d47ec851/63296881.JPG?precrop=3715,2160,x125,y0&width=1200&height=630&cmsprod",2025-12-07T18:42:16Z,,"""Red Alert,"" a controversial Israeli miniseries depicting the events of October 7, 2023, has been nominated for a Critics' Choice Award for Best Foreign Language Series.",,en,'Israel'
168,https://www.hurriyetdailynews.com/netanyahu-expects-to-move-to-gaza-truce-second-phase-soon-216552,0,www.hurriyetdailynews.com,Netanyahu expects to move to Gaza truce second phase soon,"Israeli Prime Minister Benjamin Netanyahu announced on Dec. 7 he expected the second phase of the U.S.-sponsored ceasefire plan for Gaza to begin soon, and said he would meet President Donald Trump this month.",https://image.hurimg.com/i/hurriyet/75/200x200/6935ca9b9217d56cb4525bd7.jpg,2025-12-07T18:45:07Z,,"JERUSALEM
Israeli Prime Minister Benjamin Netanyahu announced on Dec. 7 he expected the second phase of the U.S.-sponsored ceasefire plan for Gaza to begin soon, and said he would meet President Don… [+4422 chars]",,en,'Gaza'
169,https://biztoc.com/x/73441f2095678528,0,biztoc.com,"Israel, Qatar said to be having meeting in US","The United States, Israel, and Qatar are having a meeting on Sunday, with the aim for the two Middle Eastern countries to improve their relations, Axios reported, citing sources.The sources told the m...",https://biztoc.com/cdn/73441f2095678528_s.webp,2025-12-07T18:50:06Z,,"The United States, Israel, and Qatar are having a meeting on Sunday, with the aim for the two Middle Eastern countries to improve their relations, Axios reported, citing sources.The sources told the … [+69 chars]",,en,'Israel'
170,https://slashdot.org/firehose.pl?op=view&amp;id=180323673,0,slashdot.org,Netanyahu says he won’t quit politics in exchange for pardon in corruption trial - The Times of Israel,Netanyahu says he won’t quit politics in exchange for pardon in corruption trialThe Times of Israel ‘God Gave Me This Role at This Moment’Politico Netanyahu says he will not quit politics if he receives a pardonReuters A 'Conditional Pardon' for Netanyahu? Is…,,2025-12-07T18:53:02Z,http://web.archive.org/web/20160119174443/http://slashdot.org/firehose.pl?op=view,The Fine Print: The following comments are owned by whoever posted them. We are not responsible for them in any way.,,en,'Israel'
171,https://www.haaretz.com/israel-news/haaretz-today/2025-12-07/ty-article/.premium/boycott-or-burgeoning-arms-deals-eurovision-isnt-the-full-story-of-israel-europe-ties/0000019a-f98c-d2e4-a1ff-fface04c0000,0,www.haaretz.com,Boycott or burgeoning arms deals? Eurovision is not the full story of Israel's relations with Europe,"Perhaps the more accurate reflection of Israel's relations with Europe is captured not by the Eurovision boycott, but by the billions in defense contracts for Israel's arms industry",https://img.haarets.co.il/bs/0000019a-f98c-d2e4-a1ff-fface04c0000/f6/00/6de833594aa783156fe3baa6d50d/867883-3.jpg?&width=1200&height=630&cmsprod,2025-12-07T19:01:01Z,,"After the European Broadcasting Union cleared Israel to participate in the 2026 Eurovision Song Contest, Ireland, Spain, Slovenia, and the Netherlands announced they would withdraw from next year's c… [+21 chars]",,en,'Israel'
172,https://www.israelnationalnews.com/news/418957,0,www.israelnationalnews.com,Jihad enemies and Israeli self-protection,"Unlike Israel, which expressly laments the collateral damage of its self-defense operations in Gaza and elsewhere, jihadi rocket fire and terror attacks are the relentless product of “criminal intent.” Opinion.",https://2.a7.org/files/pictures/000/1082691.jpg,2025-12-07T19:11:08Z,,"""An intentional act of injustice is an injury. A Nation has therefore the right to punish it. This right to resist injustice is derived from the right of self-protection.- Emmerich de Vattel, The Law… [+10622 chars]",,en,'Israel'
173,https://biztoc.com/x/910f9ae0af83bf8e,0,biztoc.com,Israel: Gaza ceasefire line is 'new border',"Israeli Defense Forces (IDF) Chief of Staff Eyal Zamir commented on Sunday that the Yellow Line, which is the line where the Israeli military withdrew to following the Gaza ceasefire agreement, repres...",https://biztoc.com/cdn/910f9ae0af83bf8e_s.webp,2025-12-07T19:12:01Z,,"Israeli Defense Forces (IDF) Chief of Staff Eyal Zamir commented on Sunday that the Yellow Line, which is the line where the Israeli military withdrew to following the Gaza ceasefire agreement, repre… [+69 chars]",,en,'Gaza'
174,https://www.thejournal.ie/gaza-truce-talks-netanyahu-6896454-Dec2025/,0,www.thejournal.ie,Netanyahu expects to move to second phase of Gaza truce soon as he prepares to meet Trump,Benjamin Netanyahu also said he would meet Trump later in December to discuss’”opportunities for peace’ in the region.,https://img2.thejournal.ie/article/6896454/river/?height=400&version=6896456,2025-12-07T19:21:46Z,,"ISRAELI PRIME MINISTER Benjamin Netanyahu announced today that he expected the second phase of the US-sponsored ceasefire plan for Gaza to begin soon, and said he would meet US President Donald Trump… [+4088 chars]",,en,'Israel'
175,https://www.dw.com/en/one-year-after-assads-toppling-what-has-syria-achieved/a-74895004,0,www.dw.com,One year after Assad's toppling: What has Syria achieved?,"On the anniversary of the fall of Syria's dictator, the country is at a crucial juncture. There have been important achievements in areas like foreign policy but at the same time, many ordinary Syrians are struggling.",https://static.dw.com/image/73788168_6.jpg,2025-12-07T19:51:00Z,,"December 8 marks the first anniversary of the fall of Syrian dictator Bashar Assad. The Assad family ruled Syria for over 50 years, with Hafez Assad in power from 1971 and then, after his death, his … [+8057 chars]",,en,'Israel'
176,https://www.dw.com/en/one-year-after-assads-fall-what-has-syria-achieved/a-74895004,0,www.dw.com,One year after Assad's fall: What has Syria achieved?,"On the anniversary of the fall of Syria's dictator, the country is at a crucial juncture. There have been important achievements in areas like foreign policy but at the same time, many ordinary Syrians are struggling.",https://static.dw.com/image/73788168_6.jpg,2025-12-07T19:51:00Z,,"December 8 marks a year after Syrian dictator Bashar Assadwas toppled. The Assad family ruled Syria for over 50 years, with Hafez Assad in power from 1971 and then, after his death, his son Bashar ta… [+8080 chars]",,en,'Syria'
177,https://www.israelnationalnews.com/news/418960,0,www.israelnationalnews.com,The ’I don’t support Israel’ conversation needs to stop,The real problem isn’t Israel or Zionism. It’s whether Western civilization still matters. Opinion.,https://2.a7.org/files/pictures/000/1149318.jpg,2025-12-07T19:59:24Z,,"Joshua Hoffman is the editor of Future of Jewish newsletter for people passionate about Judaism and Israel.
At some point over the last few decades, I dont support Israel became a makeshift virtue b… [+14388 chars]",,en,'Israel'
178,https://www.haaretz.com/israel-news/2025-12-07/ty-article/palestinian-prime-minister-warns-israel-is-making-west-bank-unlivable-for-palestinians/0000019a-f98a-d2e4-a1ff-ffaaaa670000,0,www.haaretz.com,Palestinian prime minister warns Israel is making West Bank 'unlivable' for Palestinians,"PA Prime Minister Mohammad Mustafa says Netanyahu's policies seek to undermine the PA and expand settlements, aiming 'to eventually convince the rest of the world there's no place for a state.' He warned that financial pressure, raids, and settler violence ar…",https://img.haarets.co.il/bs/0000019a-f98a-d2e4-a1ff-ffaaaa670000/77/07/7646bb1c4600a024a454bf3603a0/893100.jpg?&width=1200&height=630&cmsprod,2025-12-07T20:02:59Z,,"The Palestinian Authority's prime minister has accused Israel's far-right government of intensifying efforts to make the West Bank ""unlivable"" and drive people out of the occupied territory as it end… [+2394 chars]",,en,'Israel'
179,https://www.dw.com/en/german-chancellor-friedrich-merz-israel-netanyahu-west-bank-gaza-weapons-embargo/a-75052919,0,www.dw.com,Where Germany stands with Israel after chancellor's visit,"Friedrich Merz's first visit to Israel as German chancellor did not last very long, though it drew intense scrutiny. But his trip did reveal the areas where he and Benjamin Netanyahu differ on the Palestinians' future. Seven months into his chancellorship, Fr…",https://static.dw.com/image/75050202_6.jpg,2025-12-07T20:17:00Z,,"Seven months into his chancellorship, Friedrich Merz traveled for his first official visit to Israel, a trip that lasted less than 24 hours. The visit drew intense scrutiny particularly in Germany  o… [+6439 chars]",,en,'Germany'
180,https://www.dw.com/en/germanys-merz-in-israel-solidarity-amid-gaza-criticism/a-75052919,0,www.dw.com,Germany's Merz in Israel: Solidarity amid Gaza criticism,Friedrich Merz's trip to Israel drew intense scrutiny over whether it would send the wrong signal amid the ongoing conflict in Gaza and escalating violence in the West Bank.,https://static.dw.com/image/75050202_6.jpg,2025-12-07T20:17:00Z,,"Seven months into his chancellorship, Friedrich Merz travelled for his first official visit to Israel, a trip that lasted less than 24 hours. The visit drew intense scrutiny particularly in Germany o… [+6435 chars]",,en,'Israel'
181,https://www.bbc.com/news/articles/c4gjg6wzzx0o,0,www.bbc.com,Wicked or Avatar? Hollywood gears up for Golden Globe nominations,The Globes are the first major film awards to announce their shortlists as awards season heats up.,https://ichef.bbci.co.uk/news/1024/branded_news/6916/live/72103db0-d0f4-11f0-a892-01d657345866.jpg,2025-12-08T00:30:22Z,,"Steven McIntoshEntertainment reporter
Wicked: For Good stars Jonathan Bailey, Cynthia Erivo and Ariana Grande
Hamnet, Sinners, Marty Supreme and Wicked: For Good are a few of the films expected to … [+6860 chars]",,en,'Hollywood'
182,https://www.bbc.com/news/articles/c3d01nxg0y0o,0,www.bbc.com,Royal Navy unveils new Atlantic strategy to counter Russian threat,Experimental underwater drones form part of a new plan to protect the UK's undersea cables and pipelines.,https://ichef.bbci.co.uk/news/1024/branded_news/e786/live/07087000-d360-11f0-b94d-393969a99b2f.png,2025-12-08T00:30:31Z,http://web.archive.org/web/20251208083740/https://www.bbc.com/news/articles/c3d01nxg0y0o,"Paul AdamsDiplomatic correspondent
The SG-1 Fathom monitors the water, using its sensors to gather information 
In the dark waters off the west coast of Scotland, a slender submarine glider, like a… [+5716 chars]",,en,'Russia'
183,https://www.bbc.com/news/articles/c2k4z9nwz4yo,0,www.bbc.com,Starmer to host Zelensky for Ukraine talks in London,The pair will be joined by France's Emmanuel Macron and Germany's Friedrich Merz on Monday.,https://ichef.bbci.co.uk/news/1024/branded_news/d1d3/live/29bd2830-d38c-11f0-a903-6b84400fef5f.jpg,2025-12-08T00:32:31Z,,"Sir Keir Starmer will host Volodymyr Zelensky in London on Monday amid a continuing deadlock in negotiations to end the war in Ukraine.
The Ukrainian president will attend the talks in Downing Stree… [+3434 chars]",,en,'London'
184,https://www.aljazeera.com/news/2025/12/8/nigeria-says-it-deployed-troops-to-benin-to-dislodge-coup-plotters,0,www.aljazeera.com,Nigeria says it deployed troops to Benin to ‘dislodge coup plotters’,"Nigeria's president says he sent fighter jets, troops to Benin to help quell a coup attempt by mutinous soldiers.",https://www.aljazeera.com/wp-content/uploads/2025/12/AP25341489521636-1765119059.jpg?resize=1920%2C1440,2025-12-08T03:07:06Z,,"Nigerian President Bola Tinubu has confirmed deploying fighter jets and ground troops to neighbouring Benin to help foil a coup attempt by a group of Beninese soldiers.
In a statement on Sunday, Tin… [+4562 chars]",,en,'Benin'
185,https://consent.yahoo.com/v2/collectConsent?sessionId=1_cc-session_20c3d0c5-ca53-48c1-99d5-0c472de84bd2,0,consent.yahoo.com,Netanyahu expects to soon move into 'equally difficult' second phase of Gaza ceasefire,,,2025-12-08T03:12:03Z,,"If you click 'Accept all', we and our partners, including 240 who are part of the IAB Transparency &amp; Consent Framework, will also store and/or access information on a device (in other words, use … [+714 chars]",,en,'Gaza'
186,https://www.abc.net.au/news/2025-12-08/png-conjoined-twins-tom-sawong-surgery-sydney/106113822,0,www.abc.net.au,One of PNG's rare conjoined twins dies after urgent surgery,"Surgeons have separated a rare set of conjoined twins after they were urgently airlifted from Papua New Guinea to Australia, but only one of the boys has survived.",https://live-production.wcms.abc-cdn.net.au/ef538afcc633dd68a27cd8ddaa5dd3eb?impolicy=wcms_watermark_news&cropH=429&cropW=762&xPos=48&yPos=617&width=862&height=485&imformat=generic,2025-12-08T03:21:55Z,,"Surgeons have separated a rare set of conjoined twins after they were urgently airlifted from Papua New Guinea to Australia, but only one of the boys has survived.
Tom and Sawong, nearly two months … [+3833 chars]",,en,'Papua New Guinea'
187,https://www.businessinsider.com/chernobyl-steel-shield-damage-radiation-iaea-drone-strike-ukraine-2025-12,0,www.businessinsider.com,Chernobyl reactor's protective shield was so damaged by a drone strike that it's not confining radiation anymore: IAEA,"Ukraine has accused Russia of deliberately targeting the disaster site with a drone strike, which left a 160-square-foot hole in the shield.",https://i.insider.com/6936547771107c9f34577eaf?width=1200&format=jpeg,2025-12-08T06:04:27Z,http://web.archive.org/web/20251208114000/https://www.businessinsider.com/chernobyl-steel-shield-damage-radiation-iaea-drone-strike-ukraine-2025-12,"A hole in the New Safe Confinement shelter was created by a drone with an explosive warhead in February.Volodymyr Tarasov/Ukrinform/NurPhoto via Getty Images
<ul><li>A steel shield preventing radiat… [+3766 chars]",,en,'Russia'
188,https://www.thestar.com.my/news/world/2025/12/08/us-envoy-howery-meets-greenland-officials-amid-trump039s-interest-in-the-island,0,www.thestar.com.my,US envoy Howery meets Greenland officials amid Trump's interest in the island,"COPENHAGEN, Dec 8 (Reuters) - The new U.S. ambassador to Denmark, PayPal co-founder Kenneth Howery, will meet officials from Greenland and Denmark in Nuuk this week on his first visit to the Arctic island, amid tensions over President Donald Trump's interest …",https://apicms.thestar.com.my/uploads/images/2025/12/08/3661235.jpg,2025-12-08T10:44:00Z,,"COPENHAGEN, Dec 8 (Reuters) - The new U.S. ambassador to Denmark, PayPal co-founder Kenneth Howery, will meet officials from Greenland and Denmark in Nuuk this week on his first visit to the Arctic i… [+1734 chars]",,en,'Nuuk'
189,https://www.nakedcapitalism.com/2025/12/why-has-the-u-s-bombed-somalia-more-than-100-times-this-year.html,0,www.nakedcapitalism.com,Why Has the U.S. Bombed Somalia More than 100 Times This Year?,Examining chaos from the U.S. and friends across the Horn of Africa as the counterweight to China’s Belt and Road Initiative.,https://www.nakedcapitalism.com/wp-content/uploads/2025/12/Screenshot-2025-12-02-at-9.20.41 AM-1024x389.png,2025-12-08T11:00:00Z,http://web.archive.org/web/20251208161703/https://www.nakedcapitalism.com/2025/12/why-has-the-u-s-bombed-somalia-more-than-100-times-this-year.html,"The latest US bombings in Somalia brings the total number of US airstrikes in the country this year to at least 109, which means Trumpelected to make America Great Againhas already shattered the prev… [+19347 chars]",,en,'Eritrea'
190,https://www.memeorandum.com/251208/p19,0,www.memeorandum.com,US envoy Howery meets Greenland officials amid Trump's interest in the island (Reuters),"Reuters:
US envoy Howery meets Greenland officials amid Trump's interest in the island  —  The new U.S. ambassador to Denmark, PayPal co-founder Kenneth Howery, will meet officials from Greenland and Denmark in Nuuk this week on his first visit to the Arctic …",https://www.reuters.com/resizer/v2/WICV5CFXWFM7NLY6IOE5WTAWVE.jpg?auth=5c48cff09b0ca9da937e82261a07f88cb13ca7c7bd7e81083867be9ed2d6aebc&height=1005&width=1920&quality=80&smart=true,2025-12-08T12:35:02Z,,"memeorandum is an auto-generated summary of the stories that US political commentators are discussing online right now.
Unlike sister sites Techmeme and Mediagazer, it is not a human-edited news out… [+72 chars]",,en,'Denmark'
191,https://www.bostonherald.com/2025/12/08/greenland-hosts-us-bilateral-talks/,0,www.bostonherald.com,Greenland hosts annual talks with US at end of a year when Trump revived talk of takeover,A bilateral meeting between Greenland and U.S. officials will discuss cooperation in a number of areas.,https://www.bostonherald.com/wp-content/uploads/2025/12/Greenland_US_Denmark_71928.jpg?w=1024&h=682,2025-12-08T12:38:24Z,,"NUUK, Greenland (AP) Greenland is hosting annual meetings with U.S. officials to discuss bilateral ties at the end of a year in which U.S. President Donald Trump ramped up talk of a U.S. takeover of … [+1580 chars]",,en,'Greenland'
192,https://www.globenewswire.com/news-release/2025/12/08/3201442/0/en/Cold-Pressed-Juices-Market-Size-to-Worth-USD-1-63-Billion-by-2034-Towards-FnB.html,0,www.globenewswire.com,Cold Pressed Juices Market Size to Worth USD 1.63 Billion by 2034| Towards FnB,"According to Towards FnB, the global cold pressed juices market size is calculated at USD 902.13 million in 2025 and is anticipated to surge USD 1,637.72 million by 2034, reflecting at a CAGR of 6.85% from 2025 to 2034. The market’s expansion is strongly fuel…",https://ml.globenewswire.com/Resource/Download/01eb1f79-0c67-420b-b423-376619f975cd,2025-12-08T12:46:00Z,,"Ottawa, Dec. 08, 2025 (GLOBE NEWSWIRE) -- The global cold pressed juices market size stood at USD 844.30 million in 2024 and is expected to grow from USD 902.13 million in 2025 to reach around USD 1,… [+30599 chars]",,en,'Ottawa'
193,https://abcnews.go.com/Business/wireStory/united-arab-emirates-backed-separatists-tighten-grip-southern-128204126,0,abcnews.go.com,"United Arab Emirates-backed separatists tighten grip of southern Yemen, and airspace briefly closed",An official says the airspace over Yemen was briefly closed as tensions rose in the south of the country,https://s.abcnews.com/images/US/abc_news_default_2000x2000_update_16x9_992.jpg,2025-12-08T13:41:38Z,,"ADEN, Yemen -- The airspace of war-torn Yemen was briefly closed Monday, an official said, as tensions escalated in the countrys south after a separatist group, backed by the United Arab Emirates, to… [+5055 chars]",,en,'Sanaa'
194,https://www.gematsu.com/2025/12/despelote-for-switch-launches-december-11-in-the-americas-january-13-2026-worldwide,0,www.gematsu.com,"despelote for Switch launches December 11 in the Americas, January 13, 2026 worldwide","The Switch version of first-person slice-of-life soccer game despelote will launch on December 11 for $14.99 in North America and Latin America, followed by December 18 in Japan and January 13, 202…",https://www.gematsu.com/wp-content/uploads/2025/12/despelote-Switch_12-08-25.jpg,2025-12-08T14:20:06Z,,"The Switch version of first-person slice-of-life soccer game despelote will launch on December 11 for $14.99 in North America and Latin America, followed by December 18 in Japan and January 13, 2026 … [+1116 chars]",,en,'Japan'
195,https://financialpost.com/pmn/greenland-hosts-annual-talks-with-us-at-end-of-a-year-when-trump-revived-talk-of-takeover,0,financialpost.com,Greenland hosts annual talks with US at end of a year when Trump revived talk of takeover,"NUUK, Greenland (AP) — Greenland is hosting meetings with American officials at the end of a year in which U.S. President Donald Trump ramped up talk of a U.S. takeover of the mineral-rich island, which is a semiautonomous territory of Denmark. The meetings M…",https://smartcdn.gprod.postmedia.digital/financialpost/wp-content/uploads/2025/12/6936bb5da19f9f9b29080917jpeg.jpg,2025-12-08T14:21:33Z,,"NUUK, Greenland (AP) Greenland is hosting meetings with American officials at the end of a year in which U.S. President Donald Trump ramped up talk of a U.S. takeover of the mineral-rich island, whic… [+4411 chars]",,en,'Nuuk'
196,https://www.yahoo.com/news/articles/top-ap-photos-middle-east-150029532.html,0,www.yahoo.com,"The top AP photos from the Middle East in 2025: Conflict, courage, and moments of wonder","Taken across Gaza, Israel, Iran, Lebanon, Syria, Iraq, Egypt, Turkey, Afghanistan, Pakistan, and the United Arab Emirates, the 35 images reveal a turbulent...",https://s.yimg.com/ny/api/res/1.2/d_0Bz7Z.cncfSNjjeStp0g--/YXBwaWQ9aGlnaGxhbmRlcjt3PTEyMDA7aD04MDA7Y2Y9d2VicA--/https://media.zenfs.com/en/ap.org/3cfb6d232d0f98c4fbf7dc5f3335f184,2025-12-08T15:00:29Z,,"The Associated Press top photos from the Middle East and the surrounding region in 2025 capture conflict, resilience, and moments of quiet wonder. Taken across Gaza, Israel, Iran, Lebanon, Syria, Ira… [+1642 chars]",,en,'Egypt'
197,https://www.tmz.com/2025/12/08/henry-nowak-student-stabbed-death-england/,0,www.tmz.com,University Student Stabbed to Death Celebrating End of Semester in England,"Tragedy in England -- a teenage boy went out to celebrate wrapping his first semester of college ... but, heartbreakingly, he never made it home. According to Hampshire and Isle of Wight Constabulary, 18-year-old Henry Nowak was walking along the…",https://imagez.tmz.com/image/17/16by9/2025/12/08/1772148932cd47ee96a018da7b721f2c_xl.jpg,2025-12-08T15:19:54Z,http://web.archive.org/web/20251209174657/https://www.tmz.com/2025/12/08/henry-nowak-student-stabbed-death-england/,"Tragedy in England -- a teenage boy went out to celebrate wrapping his first semester of college ... but, heartbreakingly, he never made it home.
According to Hampshire and Isle of Wight Constabular… [+923 chars]",,en,'England'
198,https://www.thestar.com.my/news/world/2025/12/08/ecuadorean-judge-orders-former-president-moreno-to-stand-trial,0,www.thestar.com.my,Ecuadorean judge orders former president Moreno to stand trial,"QUITO , Dec 8 (Reuters) - An Ecuadorean judge on Monday ordered former president Lenin Moreno to stand trial on charges of alleged bribery connected to the construction of the country's largest hydroelectric power plant. Read full story",https://apicms.thestar.com.my/uploads/images/2025/12/08/3661523.jpg,2025-12-08T15:39:00Z,,"QUITO , Dec 8 (Reuters) - An Ecuadorean judge on Monday ordered former president Lenin Moreno to stand trial on charges of alleged bribery connected to the construction of the country's largest hydro… [+1413 chars]",,en,'Quito'
199,https://www.businessinsider.com/paramount-wbd-saudi-arabia-qatar-abu-dhabi-elllison-hostile-billions-2025-12,0,www.businessinsider.com,"Saudi Arabia, Qatar, and Abu Dhabi want to put billions into Paramount/WBD. Why?","Paramount's Larry and David Ellison are making a hostile bid for Warner Bros. Three of their partners are Saudi Arabia, Qatar, and Abu Dhabi.",https://i.insider.com/69370cb87ecd1d1da6631d90?width=1200&format=jpeg,2025-12-08T17:54:27Z,,"Larry Ellison, one of the richest men in the world, and his son David want to buy Warner Bros. Discovery. They'd like to use money from Saudi Arabia and two other petrostates to make that happen. (Ph… [+4696 chars]",,en,'Qatar'
200,https://www.dlnews.com/articles/regulation/binance-headquarters-abu-dhabi-feels-old-fashioned/,0,www.dlnews.com,Did Binance just make Abu Dhabi its global HQ? ‘Feels a bit old-fashioned’,"Binance won three key licenses to operate in Abu Dhabi. The move is the firm's closest step towards establishing a formal HQ. Still, the company told DL News...",https://s.yimg.com/ny/api/res/1.2/xZtdI6UxeXbVWoGWsHn5DQ--/YXBwaWQ9aGlnaGxhbmRlcjt3PTEyMDA7aD03ODU-/https://media.zenfs.com/en/dlnews_702/61ecf34e17819c77d8eaf80b84ef15ef,2025-12-08T18:00:00Z,http://web.archive.org/web/20251210060904/https://www.dlnews.com/articles/regulation/binance-headquarters-abu-dhabi-feels-old-fashioned/,"A version of this story appeared in our The Guidance newsletter on December 8. Sign up here.
Hey all, Liam here.
On Sunday, Binance announced that its global business had received approval to opera… [+3621 chars]",,en,'Cayman Islands'
201,https://www.rte.ie/news/2025/1208/1547938-us-greenland/,0,www.rte.ie,US and Greenland pledge to show a 'mutual respect',"The United States and Greenland pledged to show ""mutual respect"" as the new US ambassador to Denmark made his first visit to the island, in the wake of US President Donald Trump's interest in acquiring the semi-autonomous Arctic territory.",https://www.rte.ie/images/0023990b-1600.jpg,2025-12-08T18:46:46Z,,"The United States and Greenland pledged to show ""mutual respect"" as the new US ambassador to Denmark made his first visit to the island, in the wake of US President Donald Trump's interest in acquiri… [+1695 chars]",,en,'Nuuk'
202,https://consent.yahoo.com/v2/collectConsent?sessionId=1_cc-session_d0a9e3f1-c85b-4676-93f1-73ab358ab4e0,0,consent.yahoo.com,IDF finds weapon of slain hostage Capt. Daniel Perez in booby-trapped Gaza compound,,,2025-12-08T19:34:27Z,,"If you click 'Accept all', we and our partners, including 240 who are part of the IAB Transparency &amp; Consent Framework, will also store and/or access information on a device (in other words, use … [+714 chars]",,en,'Gaza'
203,https://www.businessinsider.com/paramount-vs-netflix-why-each-says-wbd-offer-is-best-2025-12,0,www.businessinsider.com,Netflix vs. Paramount: Why each media giant says it has the best Warner Bros. Discovery offer,"Paramount Skydance and Netflix bid for Warner Bros. Discovery, highlighting streaming, Hollywood jobs, and regulatory approval in their rival pitches.",https://i.insider.com/6937201871107c9f3457880e?width=1200&format=jpeg,2025-12-08T20:19:57Z,,"David Ellison of Paramount Skydance and Ted Sarandos of Netflix are mounting rival bids for Warner Bros. Discovery.Taylor Hill/FilmMagic, Theo Wargo/Getty Images
<ul><li>Paramount Skydance made a ho… [+4867 chars]",,en,'Hollywood'
204,https://abcnews.go.com/International/wireStory/clashes-notorious-ecuadorian-prison-kill-13-inmates-government-128226306,0,abcnews.go.com,Clashes at a notorious Ecuadorian prison kill 13 inmates as government grapples with drug violence,Clashes that erupted among prisoners in one of Ecuador’s most notorious prisons have left 13 inmates dead,https://s.abcnews.com/images/US/abc_news_default_2000x2000_update_16x9_992.jpg,2025-12-09T00:37:44Z,http://web.archive.org/web/20251209084045/https://abcnews.go.com/International/wireStory/clashes-notorious-ecuadorian-prison-kill-13-inmates-government-128226306,"QUITO, Ecuador -- Clashes that erupted among prisoners in one of Ecuador's most notorious prisons left 13 inmates dead, authorities said Monday as the country grapples with drug violence and narcotic… [+1910 chars]",,en,'Ecuador'
205,https://www.yahoo.com/news/articles/7-chinese-warships-followed-navy-093000894.html,0,www.yahoo.com,"7 Chinese warships followed our navy vessel on its East Asia mission, New Zealand says","New Zealand's largest naval vessel was followed by seven Chinese warships in a deployment to East Asia last month, including a rare transit through the...",https://s.yimg.com/cv/apiv2/social/images/yahoo_default_logo-1200x1200.png,2025-12-09T09:30:00Z,http://web.archive.org/web/20251209210914/https://www.yahoo.com/news/articles/7-chinese-warships-followed-navy-093000894.html,"New Zealand's largest naval vessel was followed by seven Chinese warships in a deployment to East Asia last month, including a rare transit through the Taiwan Strait, according to the Pacific nation'… [+4126 chars]",,en,'Canberra'
206,https://www.lifeinsuranceinternational.com/news/zain-insurance-kuwait/,0,www.lifeinsuranceinternational.com,Zain Group introduces fully digital motor insurance app in Kuwait,"The digital insurance services will be rolled out gradually in Iraq, Bahrain, Saudi Arabia and Jordan.",https://s.yimg.com/ny/api/res/1.2/h1IVsSZJt4.Zdu6dmAVPAA--/YXBwaWQ9aGlnaGxhbmRlcjt3PTEyMDA7aD02NzU-/https://media.zenfs.com/en/life_insurance_international_186/f662bf78fa38c83ecfdfe49420a4dd11,2025-12-09T10:15:18Z,http://web.archive.org/web/20251209103557/https://www.lifeinsuranceinternational.com/news/zain-insurance-kuwait/,"Zain Group has launched Zain Insure, a digital motor insurance solution designed specifically for the Kuwait market, marking the countrys inaugural fully digital start-to-end motor insurance app.
Th… [+2472 chars]",,en,'Saudi Arabia'
207,https://www.yahoo.com/news/articles/israeli-army-takes-journalists-tunnel-150201412.html,0,www.yahoo.com,Israeli army takes journalists into a tunnel in a Gaza city it seized and largely flattened,"On Monday, Israel's military took journalists into Rafah — the city at Gaza's southernmost point that troops seized last year and largely flattened — as the ...",https://s.yimg.com/ny/api/res/1.2/p1vHB27ZDx70J9nRLIbPaw--/YXBwaWQ9aGlnaGxhbmRlcjt3PTEyMDA7aD04MDA7Y2Y9d2VicA--/https://media.zenfs.com/en/ap.org/95d71256d7acadb90626fdb18ecdbc63,2025-12-09T15:02:01Z,,"RAFAH, Gaza Strip (AP) One by one, the soldiers squeezed through a narrow entrance to a tunnel in southern Gaza. Inside a dark hallway, some bowed their heads to avoid hitting the low ceiling, while … [+5644 chars]",,en,'Israel'
208,https://www.bbc.com/news/articles/clydlwldkvko,0,www.bbc.com,Trump criticises 'weak' European leaders over Ukraine and immigration,US president Donald Trump claims European leaders are weak and have failed to control migration.,https://ichef.bbci.co.uk/news/1024/branded_news/a34e/live/7843f270-d50f-11f0-a892-01d657345866.jpg,2025-12-09T15:08:51Z,http://web.archive.org/web/20251210002055/https://www.bbc.com/news/articles/clydlwldkvko,"US President Donald Trump has criticised European leaders as ""weak"" and suggested the US could scale back support for Ukraine.
In a wide-ranging interview with Politico, he said ""decaying"" European … [+1318 chars]",,en,'Russia'
209,https://www.cbsnews.com/news/denmark-concern-russia-threats-us-interest-greenland/,0,www.cbsnews.com,"In Denmark, concern about Russia's threats and U.S. interest in Greenland",Some Danes say they are worried about security because of what they see as the growing threat from Russia and concerns over the reliability of the Trump White House as an ally.,https://assets1.cbsnewsstatic.com/hub/i/r/2025/12/09/13e4bf18-fa18-40c4-8da5-5df622225ef8/thumbnail/1200x630/9febd6bf69e4905b58645f11b7897df0/gettyimages-2248639333.jpg,2025-12-09T17:49:07Z,,"COPENHAGEN, Denmark – Some Danes told CBS News on the streets of Copenhagen they are increasingly worried about their country's security because of what they see as the growing threat from nearby Rus… [+3077 chars]",,en,'Nuuk'
210,https://www.theflightdeal.com/2025/12/09/united-newark-grand-cayman-cayman-islands-255-basic-economy-335-regular-economy-roundtrip-including-all-taxes/,0,www.theflightdeal.com,"United: Newark – Grand Cayman, Cayman Islands. $255 (Basic Economy) / $335 (Regular Economy). Roundtrip, including all Taxes",A good sale to the Cayman IslandsMatrix Airfare Search by ITA Software will price this at $335 (Regular Economy). Use those dates on United should reprice to $255 (Basic Economy) and $335 (Regular,https://www.theflightdeal.com/wp-content/uploads/2018/05/grand_cayman_may-640x390.jpg,2025-12-09T18:55:12Z,,"A good sale to the Cayman Islands
Matrix Airfare Search by ITA Software will price this at $335 (Regular Economy). Use those dates on United should reprice to $255 (Basic Economy) and $335 (Regular … [+4001 chars]",,en,'Cayman Islands'
211,https://bestadsontv.com/ad/186959/-Fantasy,0,bestadsontv.com,TV ad: -: Fantasy,"​Kukla’s debut feature 'Fantasy' premiere at the 78th Locarno Film Festival marked the beginning of a global run that has carried it from Sarajevo to São Paulo, through Vancouver, Thessaloniki, Belgrade, Portorož and further beyond. Everywhere it lands, the r…",https://bestads-files.b-cdn.net/thumbs/054633fb5e.png,2025-12-09T19:08:34Z,,"<table><tr><td></td><td>
</td><td>The Best Ad Jobs
Visit Campaign Brief for Australian creativeadvertising news</td><td></td></tr></table>",,en,'Belgrade'
212,https://www.globenewswire.com/news-release/2025/12/09/3202761/0/en/707-Cayman-Holdings-Limited-to-Hold-Extraordinary-General-Meeting-on-December-19-2025.html,0,www.globenewswire.com,"707 Cayman Holdings Limited to Hold Extraordinary General Meeting on December 19, 2025","HONG KONG, Dec. 09, 2025 (GLOBE NEWSWIRE) -- 707 Cayman Holdings Limited (“707” or the “Company”) (NASDAQ: JEM) will hold an Extraordinary General Meeting of Shareholders (the “EGM”) at 5/F., AIA Financial Centre, 712 Prince Edward Road East, San Po Kong, Kow…",,2025-12-09T20:40:00Z,,"HONG KONG, Dec. 09, 2025 (GLOBE NEWSWIRE) -- 707 Cayman Holdings Limited (707 or the Company) (NASDAQ: JEM) will hold an Extraordinary General Meeting of Shareholders (the EGM) at 5/F., AIA Financial… [+2636 chars]",,en,'Cayman Islands'
213,https://www.nationalgeographic.com/travel/article/worlds-northernmost-southernmost-towns,0,www.nationalgeographic.com,"Longyearbyen, Norway, and Ushuaia, Argentina, are at opposite ends of the Earth— but have much in common","Longyearbyen, Norway, and Ushuaia, Argentina, offer travelers the opportunity to see unspoiled landscapes, rare wildlife, and vast glacial ice—along with a spirit of endurance and camaraderie.",https://i.natgeofe.com/n/9cb08732-1e5b-41c3-8496-0e0c03a40bc1/DFG9DH_16x9.jpg?w=1200,2025-12-10T00:00:00Z,http://web.archive.org/web/20251210182519/https://www.nationalgeographic.com/travel/article/worlds-northernmost-southernmost-towns,"On opposite ends of the Earth, Longyearbyen, Norway, the northernmost city in the world, and Ushuaia, Argentina, the southernmost, mirror each other in remarkable ways. They both exist at the very ed… [+7179 chars]",,en,'Longyearbyen'
214,https://www.abc.net.au/news/2025-12-10/timor-leste-invasion-indonesia-anniversary/106118850,0,www.abc.net.au,'You have to fight': Timor-Leste marks 50 years since Indonesian invasion,"Survivors still have clear memories of the invasion by Indonesia, as Timor-Leste this week commemorates the beginning of a brutal 24-year occupation.",https://live-production.wcms.abc-cdn.net.au/315ee68d423e36aea06eca94b2ebf60b?impolicy=wcms_watermark_news&cropH=1672&cropW=2972&xPos=0&yPos=0&width=862&height=485&imformat=generic,2025-12-10T02:36:24Z,http://web.archive.org/web/20251211011259/https://www.abc.net.au/news/2025-12-10/timor-leste-invasion-indonesia-anniversary/106118850,"As Indonesian warplanes flew overhead, they dropped something many in Timor-Leste had never seen.
But Jose Bareto de Jesus recognised the rounded objects floating to the ground and sounded the alarm… [+5421 chars]",,en,'Indonesia'
215,https://www.abc.net.au/news/2025-12-10/being-an-official-war-artist/106074572,0,www.abc.net.au,The terror and beauty of being Australia's official war artist,"Australia has been sending artists to the frontline since World War I, with more than 50 local artists taking part since then. But what's it actually like to head into war armed with a paintbrush?",https://live-production.wcms.abc-cdn.net.au/1643709e38849c7ecb905b1a60cdc3f1?impolicy=wcms_watermark_news&cropH=1325&cropW=2355&xPos=0&yPos=560&width=862&height=485&imformat=generic,2025-12-10T03:33:30Z,http://web.archive.org/web/20251211083924/https://www.abc.net.au/news/2025-12-10/being-an-official-war-artist/106074572,"A double-hulled catamaran cuts a path through the rough waters of the Timor Sea.
Forging towards the tiny country of Timor-Leste or East Timor, it carries a clutch of peacekeeping army personnel fro… [+8411 chars]",,en,'Dili'
216,https://www.yahoo.com/news/articles/ethiopia-embraces-big-projects-risks-034347957.html,0,www.yahoo.com,Ethiopia embraces big projects but escalates regional tensions by seeking more access to the sea,"With a contentious megadam completed on the Nile, Prime Minister Abiy Ahmed now plans Africa’s largest airport and a nuclear power plant.  Abiy hailed the...",https://s.yimg.com/ny/api/res/1.2/L8TIALpKT8GCBNEocYOpJQ--/YXBwaWQ9aGlnaGxhbmRlcjt3PTEyMDA7aD04MDA7Y2Y9d2VicA--/https://media.zenfs.com/en/ap.org/a31b51df6e747e49e7362402b783bfc4,2025-12-10T03:43:47Z,,"Ethiopias leader loves big projects. With a contentious megadam completed on the Nile, Prime Minister Abiy Ahmed now plans Africas largest airport and a nuclear power plant. But the landlocked nation… [+5968 chars]",,en,'Ethiopia'
217,http://www.thefutoncritic.com/news/2025/12/10/national-geographic-turns-its-bestselling-book-and-influential-annual-best-of-the-world-list-into-travel-tv-and-streaming-series-exploring-the-worlds-greatest-cities-in-best-of-the-world-with-antoni-porowski-707413/20251210ngc01/,0,www.thefutoncritic.com,"National Geographic Turns Its Bestselling Book and Influential Annual Best of the World List Into Travel TV and Streaming Series, Exploring The World's Greatest Cities in ""Best of the World with Antoni Porowski""","The four-part series follows Emmy-winner and New York Times bestselling author Antoni Porowski on a deeply personal journey through Paris, Mexico City, London and New York City.",,2025-12-10T06:18:00Z,,"NATIONAL GEOGRAPHIC TURNS ITS BESTSELLING BOOK AND INFLUENTIAL ANNUAL BEST OF THE WORLD LIST INTO TRAVEL TV AND STREAMING SERIES, EXPLORING THE WORLD'S GREATEST CITIES IN ""BEST OF THE WORLD WITH ANTO… [+6234 chars]",,en,'New York'
218,https://www.npr.org/2025/12/10/g-s1-101506/trumps-speech-grievances-about-immigrants,0,www.npr.org,Trump's speech on combating inflation turns to grievances about immigrants,"On the road in Pennsylvania on Tuesday, President Trump said he objected to taking immigrants from ""hellholes like Afghanistan, Haiti, Somalia and many other countries.""",https://npr.brightspotcdn.com/dims3/default/strip/false/crop/6340x3566+0+330/resize/1400/quality/100/format/jpeg/?url=http%3A%2F%2Fnpr-brightspot.s3.amazonaws.com%2Fb9%2Fed%2F0dd5b6fa4d92ad9d0aed00e75ef3%2Fap25344087106176.jpg,2025-12-10T06:40:18Z,http://web.archive.org/web/20251211011428/https://www.npr.org/2025/12/10/g-s1-101506/trumps-speech-grievances-about-immigrants,"MOUNT POCONO, Pa. On the road in Pennsylvania on Tuesday, President Donald Trump tried to emphasize his focus on combating inflation, yet the issue that has damaged his popularity couldn't quite comm… [+6917 chars]",,en,'Afghanistan'
219,https://financialpost.com/pmn/business-pmn/large-indian-refiners-take-russian-oil-as-reliance-avoids-trade,0,financialpost.com,Large Indian Refiners Take Russian Oil as Reliance Avoids Trade,"Four out of India’s seven largest refiners are now in the market for Russian crude as deep discounts push buyers to seek out non-sanctioned barrels, even as heavyweight Reliance Industries Ltd. stays away.",,2025-12-10T06:43:44Z,,"(Bloomberg) Four out of Indias seven largest refiners are now in the market for Russian crude as deep discounts push buyers to seek out non-sanctioned barrels, even as heavyweight Reliance Industries… [+5253 chars]",,en,'New York'
220,https://slashdot.org/firehose.pl?op=view&amp;id=180352039,0,slashdot.org,David Ellison lobbies Warner Bros shareholders to desert Netflix - Financial Times,David Ellison lobbies Warner Bros shareholders to desert NetflixFinancial Times Paramount fights Netflix for Warner Bros—and the future of HollywoodThe Economist Battle of the Davids: The future of Hollywood is playing out before our eyesCNN Asserting a Perso…,,2025-12-10T06:52:44Z,,"Civilization, as we know it, will end sometime this evening.
See SYSNOTE tomorrow for more information.",,en,'New York'
221,https://financialpost.com/pmn/south-korea-to-require-advertisers-to-label-ai-generated-ads,0,financialpost.com,South Korea to require advertisers to label AI-generated ads,"SEOUL, South Korea (AP) — South Korea will require advertisers to label their ads made with artificial intelligence technologies from next year as it seeks to curb a surge of deceptive promotions featuring fabricated experts or deep-faked celebrities endorsin…",https://smartcdn.gprod.postmedia.digital/financialpost/wp-content/uploads/2025/12/69391921558a0de00c60028ajpeg.jpg,2025-12-10T06:56:57Z,,"SEOUL, South Korea (AP) South Korea will require advertisers to label their ads made with artificial intelligence technologies from next year as it seeks to curb a surge of deceptive promotions featu… [+4943 chars]",,en,'Seoul'
222,https://theweek.com/culture-life/books/making-of-maga-laura-k-field-dream-factory-shakespeare-daniel-swift,0,theweek.com,‘Furious Minds: The Making of the MAGA New Right’ by Laura K. Field and ‘The Dream Factory: London’s First Playhouse and the Making of William Shakespeare’ by Daniel Swift,An insider’s POV on the GOP and the untold story of Shakespeare’s first theater,https://cdn.mos.cms.futurecdn.net/zvPnDHZaFRTzPA5ibeBK85-2000-80.jpg,2025-12-10T07:00:00Z,,"‘Furious Minds: The Making of the MAGA New Right’ by Laura K. Field
To truly understand MAGA, you need a person who’s “from that world, but not of it,” said Alexandre Lefebvre in the Los Angeles Rev… [+5575 chars]",,en,'London'
223,https://abcnews.go.com/International/wireStory/rain-autumn-falls-irans-capital-drought-ravaged-nation-128268554,0,abcnews.go.com,"First rain of autumn falls in Iran's capital, but the drought-ravaged nation needs far more",Rain has finally fallen in Iran's capital after months of drought,https://i.abcnewsfe.com/a/3642c426-95ae-4447-9839-cfbf85d8d752/wirestory_0cb2872c70f9ab50c2fbffd4cde66117_16x9.jpg?w=1600,2025-12-10T07:09:27Z,,"TEHRAN, Iran -- Rain fell for the first time in months in Iran's capital Wednesday, providing a brief respite for the parched Islamic Republic as it suffers through the driest autumn in over a half c… [+5555 chars]",,en,'Iran'
224,https://www.the-independent.com/arts-entertainment/tv/news/jeremy-o-harris-okinawa-drug-japan-arrest-release-b2881522.html,0,www.the-independent.com,Jeremy O Harris released from custody in Japan three weeks after arrest on drug smuggling charges,Playwright had been detained at Okinawa airport last month after customs officials allegedly found MDMA in his bag,"https://static.the-independent.com/2025/12/10/6/23/GettyImages-2244545667.jpg?trim=215,0,2744,0&width=1200&height=800&crop=1200:800",2025-12-10T07:17:42Z,,"Your support helps us to tell the story
From reproductive rights to climate change to Big Tech, The Independent is on the ground when the story is developing. Whether it's investigating the financia… [+3534 chars]",,en,'New York'
225,https://www.upi.com/Top_News/World-News/2025/12/10/RSF-sanctions-Colombian-soldiers/3791765348071/,0,www.upi.com,U.S. sanctions network recruiting Colombians to fight in Sudan,The United States has blacklisted a network of four Colombians and four entities accused of recruiting former Colombian military personnel to fight in...,https://media.zenfs.com/en/united_press_international_articles_356/d82ce1b96f9c78c2ab0b66b3969e9b4a,2025-12-10T07:31:47Z,,"Dec. 10 (UPI) -- The United States has blacklisted a network of four Colombians and four entities accused of recruiting former Colombian military personnel to fight in Sudan's civil war.
The sanctio… [+2489 chars]",,en,'United Arab Emirates'
226,https://www.aljazeera.com/features/2025/12/10/possible-rise-in-maternal-deaths-how-usaid-cuts-strand-malawis-mothers,0,www.aljazeera.com,‘Possible rise in maternal deaths’: How USAID cuts strand Malawi’s mothers,"As remote health posts are disrupted or closed, communities and medics say women are not getting the care they need.",https://www.aljazeera.com/wp-content/uploads/2025/11/IMG_3911-1763739022-rotated-e1765273970691.jpeg?resize=1920%2C1440,2025-12-10T08:44:46Z,,"Mulanje and Lilongwe, Malawi Ireen Makata sits in her white nursing uniform on a weathered bench at a health post in Malawis southern Mulanje district.
The facility is one of 13 in the district, loc… [+12048 chars]",,en,'Malawi'
227,https://www.businessinsider.com/warner-bros-discovery-sale-means-for-jobs-streaming-prices-movies-2025-12,0,www.businessinsider.com,What Hollywood's real-life drama means for you,"The real story of the fight for Warner Bros. Discovery is viewers shifting from studios to tech platforms, impacting how and what you watch.",https://i.insider.com/69387a1304d0f0a114f1b1d4?width=1200&format=jpeg,2025-12-10T10:09:01Z,,"Mario Tama; NurPhoto/ Getty Images
<ul><li>The drama over who will buy Warner Bros. Discovery overlooks viewers' shift toward YouTube and TikTok.</li><li>Traditional studios face pressure as tech ta… [+5272 chars]",,en,'Hollywood'
228,https://www.globalsecurity.org/wmd/library/news/india/2025/india-251209-india-pib01.htm,0,www.globalsecurity.org,ICG Ship Sarthak Reaches Suwaikh Port in Kuwait,"Indian Coast Guard (ICG) Ship Sarthak, an indigenously designed and built Offshore Patrol Vessel (OPV), arrived at Suwaikh Port in Kuwait on December 09, 2025, as part of its Overseas Deployment (OSD) to the Gulf region",,2025-12-10T10:28:48Z,http://web.archive.org/web/20251210143801/https://www.globalsecurity.org/wmd/library/news/india/2025/india-251209-india-pib01.htm,"India - Press Information Bureau
Ministry of Defence
The Ship is on Overseas Deployment to Gulf Countries
Posted On: 09 DEC 2025 7:31PM by PIB Delhi
Indian Coast Guard (ICG) Ship Sarthak, an indi… [+2201 chars]",,en,'Kuwait'
229,https://www.macrumors.com/2025/12/10/spotify-music-videos-us-canada-rollout/,0,www.macrumors.com,Spotify Rolls Out Music Videos to Premium Users in US and Canada,"Spotify has announced music videos are rolling out now to Premium users in the U.S. and Canada, though the feature remains in beta.





The catalog currently includes music videos from artists like Ariana Grande, Olivia Dean, BABYMONSTER, Addison Rae, Tyler …",https://images.macrumors.com/t/oZ6zzbItktg6mT4dnqiK1EDWCnQ=/1920x/article-new/2024/03/spotify-music-videos.jpg,2025-12-10T12:03:55Z,,"Spotify has announced music videos are rolling out now to Premium users in the U.S. and Canada, though the feature remains in beta.
The catalog currently includes music videos from artists like Aria… [+1723 chars]",,en,'Canada'
230,https://www.theatlantic.com/books/2025/12/googoosh-exiled-pop-star-who-united-iran/685202/,0,www.theatlantic.com,The Star Who Represents Iran’s Golden Age—And Its Future,Googoosh’s love songs are both banned and beloved in her homeland. Her new memoir reveals a life as rich and painful as Iran’s history.,https://cdn.theatlantic.com/thumbor/MZLq6n4klKtNryXCh2B97DDn_Fk=/0x85:3994x2165/1200x625/media/img/mt/2025/12/2025_12_08_the_soul_of_iran_in_one_exiled_pop_star/original.jpg,2025-12-10T14:00:00Z,,"Publicity material for Googoosh: A Sinful Voice, a new memoir by the Iranian singer in exile, calls her a predecessor to Beyoncé and Madonna—a comparison that might seem over-the-top to American read… [+10981 chars]",,en,'Iran'
231,https://www.pbs.org/newshour/world/separatist-group-in-yemen-threatens-to-rekindle-civil-war,0,www.pbs.org,Separatist group in Yemen threatens to rekindle civil war,"The Southern Transitional Council, backed by the UAE, has taken over most of Hadramout and Mahra provinces, including key oil facilities. Yemen's civil war involves complex sectarian grievances and regional powers.",https://d3i6fh83elv35t.cloudfront.net/static/2025/12/2021-10-02T120707Z_301181741_RC2M1Q9P5136_RTRMADP_3_YEMEN-SECURITY-1024x683.jpg,2025-12-10T16:01:11Z,,"DOHA, Qatar (AP) A separatist group has seized control of an oil-rich region in southern Yemen, shattering a relative calm in the countrys stalemated civil war a significant move in a country located… [+5503 chars]",,en,'Sanaa'
232,https://www.macrumors.com/2025/12/10/apple-unveils-new-stores-in-india-and-china/,0,www.macrumors.com,Apple Unveils New Stores in India and China,"Apple today unveiled its fifth retail store in India, at the DLF Mall in Noida. The store opens to customers this Thursday, December 11, at 1 p.m. local time. 



Apple Noida

The store features familiar amenities, including an Apple Pickup station for in-sto…",https://images.macrumors.com/t/6Hz3T7DXExSEG7NFHniPY3Fq9-g=/1960x/article-new/2025/12/Apple-Noida-1.jpg,2025-12-10T16:39:33Z,,"Apple today unveiled its fifth retail store in India, at the DLF Mall in Noida. The store opens to customers this Thursday, December 11, at 1 p.m. local time. 
The store features familiar amenities,… [+608 chars]",,en,'United Arab Emirates'
233,https://www.globenewswire.com/news-release/2025/12/10/3203522/0/en/Daedalus-Special-Acquisition-Corp-Announces-Closing-of-Upsized-250-Million-Initial-Public-Offering.html,0,www.globenewswire.com,Daedalus Special Acquisition Corp. Announces Closing of Upsized $250 Million Initial Public Offering,"London, United Kingdom, Dec. 10, 2025 (GLOBE NEWSWIRE) -- Daedalus Special Acquisition Corp. (the “Company”), a newly organized special purpose acquisition company formed as a Cayman Islands exempted company and led by Co-Chief Executive Officers Husnu Akin B…",,2025-12-10T21:30:00Z,,"London, United Kingdom, Dec. 10, 2025 (GLOBE NEWSWIRE) -- Daedalus Special Acquisition Corp. (the Company), a newly organized special purpose acquisition company formed as a Cayman Islands exempted c… [+3522 chars]",,en,'United Kingdom'
234,https://www.bbc.com/news/articles/cq8d34en0yzo,0,www.bbc.com,Exiled Hong Kong activist target of sexually explicit harassment campaign,The campaign saw letters containing fake images of Carmen Lau sent to her neighbours.,https://ichef.bbci.co.uk/news/1024/branded_news/4ea0/live/9b0c91d0-d62d-11f0-a969-9bd553a11223.jpg,2025-12-11T02:10:03Z,http://web.archive.org/web/20251211152638/https://www.bbc.com/news/articles/cq8d34en0yzo,"A high-profile Hong Kong pro-democracy activist living in the UK has been the target of a campaign of harassment involving letters containing fake, sexually explicit images of her sent from China to … [+2815 chars]",,en,'Hong Kong'
235,https://punchng.com/2025-afcon-things-to-know-about-nigerias-group-c-opponents/,0,punchng.com,2025 AFCON: Things to know about Nigeria’s Group C opponents,"Get to know Nigeria’s Group C opponents for the 2025 AFCON. A detailed breakdown of Tunisia, Tanzania, and Uganda, including fixtures and stats.

Read More: https://punchng.com/2025-afcon-things-to-know-about-nigerias-group-c-opponents/",https://cdn.punchng.com/wp-content/uploads/2025/10/09221650/super-eagle-1200x630.jpg,2025-12-11T05:36:48Z,,"As the continents top footballers gear up for the 2025 Africa Cup of Nations in Morocco, the tournament is set to make history as the first to be played over Christmas and New Year.
The competition … [+3418 chars]",,en,'Uganda'
236,https://www.businessinsider.com/gold-tree-hollywood-post-production-firm-bankruptcy-al-pacino-2025-12,0,www.businessinsider.com,Hollywood post-production firm tied to Al Pacino project files for Chapter 11 after parent company touted $1B financing,"Gold Tree Studios filed for Chapter 11, months after its parent company announced a $1 billion financing deal intended to grow the studio.",https://i.insider.com/6939e4a071107c9f3457bac8?width=1200&format=jpeg,2025-12-11T10:00:02Z,,"Tim Chonacas co-founded Gold Tree Studios in Hollywood.Jordan Naylor/Getty Images for SXSW; Patrick T. Fallon / AFP via Getty Images
<ul><li>Gold Tree Studios, a Hollywood post-production company, f… [+2743 chars]",,en,'Hollywood'
237,https://www.rt.com/africa/629305-benin-coup-leader-hiding-in-togo/,0,www.rt.com,Whereabouts of African coup attempt leader revealed – media,"Benin coup suspect Pascal Tigri is hiding in Togo after a failed mutiny, media outlets have reported Read Full Article at RT.com",https://mf.b37mrtl.ru/files/2025.12/article/693a91c72030275cfc70e366.jpg,2025-12-11T10:12:14Z,http://web.archive.org/web/20251211190858/https://www.rt.com/africa/629305-benin-coup-leader-hiding-in-togo/,"The alleged leader of the recent coup attempt in Benin, Pascal Tigri, is reportedly seeking refuge in neighboring Togo, according to several news outlets, citing sources. 
On Wednesday, sources told… [+1862 chars]",,en,'Lome'
238,https://www.thehindubusinessline.com/economy/logistics/us-aei-forays-in-to-india-with-passenger-to-freighter-dgca-approves-the-conversion/article70384238.ece,0,www.thehindubusinessline.com,US’ AEI forays in to India with passenger-to-freighter; DGCA approves the conversion,"AEI enters India with DGCA-approved B737-800SF freighter conversion, marking Afcom Holdings as its first customer.",https://bl-i.thgim.com/public/news/18lals/article70384217.ece/alternates/LANDSCAPE_1200/AEI_738.jpg,2025-12-11T13:50:35Z,,"The US-based Aeronautical Engineers Inc (AEI), a global leader in aircraft passenger-to-freighter conversion, will foray in to India with Indias Director General of Civil Aviation (DGCA) approving it… [+2267 chars]",,en,'Cayman Islands'
239,https://www.globenewswire.com/news-release/2025/12/11/3204011/0/en/Mingzhu-Logistics-Receives-Nasdaq-Delisting-Notice-Plans-Further-Appeal.html,0,www.globenewswire.com,Mingzhu Logistics Receives Nasdaq Delisting Notice，Plans Further Appeal,"SHENZHEN, CHINA, Dec. 11, 2025 (GLOBE NEWSWIRE) -- Mingzhu Logistics Holdings Limited (the “Company”), a Cayman Islands exempted company with limited liability, announced today that it received a notification from The Nasdaq Stock Market LLC (“Nasdaq”) on Dec…",,2025-12-11T14:28:00Z,,"SHENZHEN, CHINA, Dec. 11, 2025 (GLOBE NEWSWIRE) -- Mingzhu Logistics Holdings Limited (the Company), a Cayman Islands exempted company with limited liability, announced today that it received a notif… [+4863 chars]",,en,'Cayman Islands'
240,https://www.bbc.com/news/articles/cy8jvll9j81o,0,www.bbc.com,From Iran to China to Venezuela - how seized tanker hid true location,A seized tanker accused of smuggling sanctioned oil has long hidden its true location. BBC Verify examines how.,https://ichef.bbci.co.uk/news/1024/branded_news/096b/live/bd4ec890-d69a-11f0-8c06-f5d460985095.png,2025-12-11T15:03:30Z,http://web.archive.org/web/20251211153814/https://www.bbc.com/news/articles/cy8jvll9j81o,"Joshua Cheetham, Paul Brown, Richard Irvine-Brown &amp; Matt MurphyBBC Verify 
The oil tanker seized by US forces on Wednesday had a track record of faking or concealing its location information, ap… [+5639 chars]",,en,'Iran'
241,https://www.bbc.com/news/articles/cn81x8py3j5o,0,www.bbc.com,"Russia could attack Nato within five years, says alliance chief in stark new warning","Russian could attack Nato within five years, Mark Rutte said, warning allies to start ramping up preparations ""now"".",https://ichef.bbci.co.uk/news/1024/branded_news/0d7c/live/bc67d610-d6bd-11f0-a892-01d657345866.jpg,2025-12-11T19:16:09Z,,"Frank Gardner,Security Correspondentand
Russia could attack a Nato country within the next five years, the Western military alliance's chief has said in a stark new warning. 
""Russia is already esc… [+3129 chars]",,en,'Russia'
242,https://www.upi.com/Top_News/World-News/2025/12/11/south-china-sea-vietnam/8521765461611/,0,www.upi.com,"Vietnam steps up South Reef expansion, careful not to provoke China","Vietnam has quietly accelerated land reclamation at South Reef, a once-remote coral feature in the Spratly Islands, as Chinese pressure grows.",https://media.zenfs.com/en/united_press_international_articles_356/e55be3544c92a46bc4b38d1de79d2074,2025-12-11T20:25:35Z,,"Dec. 11 (UPI) -- Vietnam has quietly accelerated land reclamation at South Reef, a once-remote coral feature in the contested Spratly Islands, signaling a new strategic turn as pressure from China in… [+8650 chars]",,en,'China'
243,https://uk.news.yahoo.com/papua-guinea-grapples-hiv-epidemic-004724613.html,0,uk.news.yahoo.com,Papua New Guinea grapples with HIV epidemic as it battles stigma and US aid cuts,"Papua New Guinea has one of the fastest growing HIV epidemics in the Asia-Pacific region, with many unaware they have the virus",https://media.zenfs.com/en/theguardian_763/d86d61631040029288cdc27ed4138a87,2025-12-12T00:47:24Z,,"After battling illness for years, Nancy Karipa tested positive for HIV in 1999. She had just given birth to her first child. It was a crossroads moment for me, with the fear of denial, but I chose ac… [+6121 chars]",,en,'Papua New Guinea'
244,https://www.globenewswire.com/news-release/2025/12/12/3204670/0/en/MT-H%C3%B8jgaard-Holding-A-S-MT-H%C3%B8jgaard-Holding-sells-Arssarnerit.html,0,www.globenewswire.com,MT Højgaard Holding A/S: MT Højgaard Holding sells Arssarnerit,"MT Højgaard Holding has today entered into an agreement to sell its last business activity in Greenland, the technical contracting and service company Arssarnerit. The sale is expected to be completed in the second quarter of 2026, subject to the approval of …",,2025-12-12T14:09:00Z,,"MT Højgaard Holding has today entered into an agreement to sell its last business activity in Greenland, the technical contracting and service company Arssarnerit. The sale is expected to be complete… [+1458 chars]",,en,'Nuuk'
245,https://financialpost.com/pmn/business-wire-news-releases-pmn/porter-preps-for-start-of-five-sun-routes-from-ottawa,0,financialpost.com,Porter Preps for Start of Five Sun Routes From Ottawa,"Nonstop service beginning to Mexico, the Caribbean, and Costa Rica OTTAWA, Ontario — Porter Airlines is inaugurating its winter schedule from Ottawa International Airport (YOW), bringing the National Capital Region closer to five southern destinations in Mexi…",https://smartcdn.gprod.postmedia.digital/financialpost/wp-content/uploads/2025/12/bw20251212868763_embraer_e195-e2_outside_yow_hangar.jpeg,2025-12-12T16:40:39Z,,"Nonstop service beginning to Mexico, the Caribbean, and Costa Rica
THIS CONTENT IS RESERVED FOR SUBSCRIBERS ONLY
Subscribe now to read the latest news in your city and across Canada.
<ul><li>Exclu… [+8338 chars]",,en,'Mexico'
246,https://www.aljazeera.com/news/2025/12/12/qa-east-timors-president-ramos-horta-on-diplomacy-gaza-and-the-west,0,www.aljazeera.com,"Q&A: East Timor’s President Ramos-Horta on diplomacy, Gaza, and the West",'I am thoroughly disillusioned with the so-called international community': East Timor's President Jose Ramos-Horta.,https://www.aljazeera.com/wp-content/uploads/2025/12/Ramos-Horta-resize-1765583177.jpg?resize=1920%2C1440,2025-12-12T23:40:58Z,http://web.archive.org/web/20251213042046/https://www.aljazeera.com/news/2025/12/12/qa-east-timors-president-ramos-horta-on-diplomacy-gaza-and-the-west,"Dili, East Timor On the 50th anniversary of Indonesias invasion of East Timor, longtime independence advocate and now the countrys President Jose Ramos-Horta reflected on the last half-century of pol… [+12123 chars]",,en,'Gaza'
247,https://punchng.com/rising-boxer-ayanwale-set-for-uk-debut/,0,punchng.com,Rising boxer Ayanwale set for UK debut,"Nigerian female boxer Odunayo Ayanwale is set for her UK debut against Charlie Brown at York Hall. Get details on the upcoming light-welterweight bout.

Read More: https://punchng.com/rising-boxer-ayanwale-set-for-uk-debut/",https://cdn.punchng.com/wp-content/uploads/2025/12/13004128/Odunayo-Ayanwale.png,2025-12-12T23:51:35Z,,"Nigerian female boxing sensation Odunayo Ayanwale is set to make her United Kingdom debut on January 24, 2026, at the York Hall in London.
The 2-1 fighter, who started her professional career in Nov… [+2314 chars]",,en,'UK'
248,https://soldiersystems.net/2025/12/13/avon-protection-receives-new-fm50-order/,0,soldiersystems.net,Avon Protection Receives New FM50 order,"11th December 2025, Melksham, UK: Avon Protection has received an order from a European nation’s MoD for FM50 respirators and FM61EU filters via the NATO Support and Procurement Agency (NSPA) contract vehicle. The order, worth approximately $20.6 million, bri…",https://soldiersystems.net/wp-content/uploads/2025/12/image-2-11.jpg,2025-12-13T00:00:00Z,,"11th December 2025, Melksham, UK: Avon Protection has received an order from a European nations MoD for FM50 respirators and FM61EU filters via the NATO Support and Procurement Agency (NSPA) contract… [+1367 chars]",,en,'UK'
249,https://www.nationalgeographic.com/travel/article/track-mountain-gorillas-in-uganda-with-their-protectors,0,www.nationalgeographic.com,Track mountain gorillas in Uganda with the people who protect them,"The gorilla moves with quiet majesty through Uganda’s highland forests, while across the country, communities are stepping up as guardians of their survival, shaping a conservation story that begins at home.",https://i.natgeofe.com/n/9bd39586-ca06-4523-8528-f2801a53f6fd/DSC03021_16x9.JPG?w=1200,2025-12-13T00:00:00Z,,"This article was produced by National Geographic Traveller (UK).
The gorilla is gargantuan. Theres a promise of raw power in its chest, supreme agility in arms that ripple with muscle, and wisdom in… [+13780 chars]",,en,'Uganda'
250,https://finance.yahoo.com/video/ukraine-russia-progression-due-zelenskiy-000000818.html,0,finance.yahoo.com,Ukraine Russia Progression Due to Zelenskiy: Chemali,"Hagar Chemali, Greenwich Media Strategies Founder & CEO, shares her thoughts on President Trump stating progress is being made with Ukraine & Russia and...",https://s.yimg.com/ny/api/res/1.2/nPjmXDWaPszjN9euVlsDEA--/YXBwaWQ9aGlnaGxhbmRlcjt3PTEyMDA7aD02NzU-/https://media.zenfs.com/en/bloomberg_politics_video_969/98f78ba344eb6012f8357314ae0ae94c,2025-12-13T00:00:00Z,,"Hagar Chemali, Greenwich Media Strategies Founder &amp; CEO, shares her thoughts on President Trump stating progress is being made with Ukraine &amp; Russia and discusses how Ukrainian President Volo… [+294 chars]",,en,'Ukraine'
251,https://www.news.com.au/entertainment/celebrity-life/taylor-breaks-down-in-tears-as-she-meets-victims-of-uk-massacre-minutes-before-having-to-perform-to-90000-fans/news-story/6537fd615eee37992bebaf4b8acc7755,0,www.news.com.au,Taylor Swift in tears in Disney+ doc over Southport stabbing attack,She breaks down when recalling the deaths of three girls at a Swift-themed UK dance party.,https://www.nzherald.co.nz/resizer/v2/S3HG3F3KLBHNXCFOXWAVJWPUPE.jpg?auth=40001407539fdd4a5075449d0eea80f30204b4c71f56d1815cad16581d4d01fb&width=1200&height=675&quality=70&focal=377%2C149&smart=false,2025-12-13T01:13:11Z,,"Basically its a weird feeling going into these last five shows in Europe because weve done 128 shows so far, she says in the 2024 footage, but this is the first one where I feel like Im skating on th… [+1707 chars]",,en,'UK'
252,https://post.rlsbb.to/teen-mom-uk-next-generation-s03-1080p-amzn-web-dl-h264-rawr/,0,post.rlsbb.to,Teen Mom UK Next Generation S03 1080p AMZN WEB-DL H264-RAWR,"Follows a group of young mothers as they adjust to parenthood. Baby daddy drama, family feuds and mothering missteps are just the start.Links: HOMEPAGE – iMDBTeen.Mom.UK.Next.Generation.S03.1080p.AMZN.WEB-DL.DDP2.0.H.264-RAWRMKV | AC3 / dolby digital plus | 6…",,2025-12-13T01:33:33Z,,"Follows a group of young mothers as they adjust to parenthood. Baby daddy drama, family feuds and mothering missteps are just the start.
Links:HOMEPAGEiMDB
Teen.Mom.UK.Next.Generation.S03.720p.WEB.… [+369 chars]",,en,'UK'
253,https://wattsupwiththat.com/2025/12/12/climate-change-weekly-565-foreign-elites-china-fund-american-climate-alarm/,0,wattsupwiththat.com,"Climate Change Weekly # 565— Foreign Elites, China Fund American Climate Alarm","IN THIS ISSUE:
Foreign Elites, China Fund American Climate Alarm
Wyoming Wind Development Blocked
New U.S National Security Strategy Touts Importance of Energy Dominance",https://i0.wp.com/wattsupwiththat.com/wp-content/uploads/2025/12/CCW-565-China-Alarmists.webp?fit=600%2C337&quality=75&ssl=1,2025-12-13T02:00:00Z,,"From THE HEARTLAND INSTITUTE
<ul><li>Foreign Elites, China Fund American Climate Alarm</li><li>Wyoming Wind Development Blocked</li><li>New U.S National Security Strategy Touts Importance of Energy … [+13300 chars]",,en,'UK'
255,https://www.irishtimes.com/sport/2025/12/13/beyond-skorts-how-irelands-sportswomen-kept-clearing-impossibly-high-bars-in-2025/,0,www.irishtimes.com,Beyond Skorts: How Ireland’s sportswomen kept clearing impossibly high bars in 2025,"Away from the rí-rá of the skorts debate, Irish women offered a bounty of sporting firsts in 2026",https://www.irishtimes.com/resizer/v2/HHDMAPWSPAIKGJJZFBNIGDMBZ4.jpg?smart=true&auth=a9b0e444ff1c5c6b3f7fe04e94d1ebebbc4a32c3dfd256361da7ca2533ac70ca&width=1200&height=630,2025-12-13T06:00:00Z,,Its hard to say exactly how far we were into the days of skorts mania but it was long enough to know for sure that there was officially no meat left on the bone. The word came through from the sports… [+6818 chars],,en,'Ireland'
254,https://www.irishtimes.com/culture/film/2025/12/13/eanna-hardwicke-on-playing-roy-keane-saipan-is-corks-version-of-the-moon-landing/,0,www.irishtimes.com,Éanna Hardwicke on playing Roy Keane: ‘Saipan is Cork’s version of the moon landing’,"The Cork actor is having quite the year, with Saipan en route to cinemas and his London role in The Playboy of the Western World",https://www.irishtimes.com/resizer/v2/2CHWTSPFSNEA7KQ4AOQFEOIHWY.jpg?smart=true&auth=f2b49bafcd2c93bbd61b23dca94ec6376c65e08dc65f996e62db0197d09634a4&width=1200&height=630,2025-12-13T06:00:00Z,,"I dont suppose Éanna Hardwicke, currently Corks busiest actor, is old enough to remember much about the 2002 World Cup and that famous falling out between Roy Keane and Mick McCarthy. Born in late 19… [+16565 chars]",,en,'Saipan'
256,https://www.yahoo.com/news/articles/eritrea-withdraws-regional-bloc-un-072925603.html,0,www.yahoo.com,Eritrea withdraws from regional bloc as UN expresses concern over tensions with Ethiopia,"Eritrea on Friday withdrew from the Intergovernmental Authority on Development, accusing the East African regional bloc of nations of acting against the...",https://s.yimg.com/ny/api/res/1.2/3b0lvgyxKJ80yPUGS3kElQ--/YXBwaWQ9aGlnaGxhbmRlcjt3PTEyMDA7aD04MDA7Y2Y9d2VicA--/https://media.zenfs.com/en/ap.org/d75bfa1582899a60a482b49eaad857d4,2025-12-13T07:29:25Z,,"NAIROBI, Kenya (AP) Eritrea on Friday withdrew from the Intergovernmental Authority on Development, accusing the East African regional bloc of nations of acting against the country's interests.
At t… [+2147 chars]",,en,'Eritrea'
257,https://www.bbc.com/sport/cricket/articles/cedxxqny254o,0,www.bbc.com,"'Noosa, Noosa, Noosa' - England's Ashes break ends",England leave their Ashes break in Noosa and will resume training on Sunday before the crucial third Test in Adelaide.,https://ichef.bbci.co.uk/ace/branded_sport/1200/cpsprodpb/4854/live/af669d30-d590-11f0-96a4-935f66be2975.jpg,2025-12-13T08:10:20Z,http://web.archive.org/web/20251216202125/https://www.bbc.com/sport/cricket/articles/cedxxqny254o,"""Where questioning comes of England is choosing not to get practice in Canberra under lights against the PM's XI, then training in Brisbane and they lost that game,"" said Gillespie.
""The messaging o… [+2783 chars]",,en,'Canberra'
258,https://www.globalsecurity.org/military/library/news/2025/12/mil-251212-centcom01.htm,0,www.globalsecurity.org,Kuwaiti-led Exercise Enhances Combined Counter-Drone Capabilities,"U.S. forces completed a high-end, advanced counter-drone exercise in Kuwait with international partners, Dec. 12.",,2025-12-13T10:14:11Z,,"U.S. Central Command
Press Release | Dec. 12, 2025
USCENTCOM
December 12, 2025Release Number 20251212-01FOR IMMEDIATE RELEASE
TAMPA, Fla. -- U.S. forces completed a high-end, advanced counter-dro… [+1417 chars]",,en,'Kuwait'
259,https://thepointsguy.com/news/united-airlines-adelaide-australia-inaugural-flight/,0,thepointsguy.com,United completes another historic inaugural with first-ever nonstop flight to South Australia,"On Dec. 11, 2025, United Airlines began three-times weekly service to Adelaide, Australia from San Francisco aboard a Boeing 787-9 Dreamliner. TPG was there..",https://runway-media-production.global.ssl.fastly.net/us/originals/2025/12/20251212_United-Inaugural-SFO-ADL_ARotondo-8.jpg,2025-12-13T15:30:56Z,,"Ah, AvGeeks.
To my mind, there is no more enthusiastic group of travelers on the planet. They possess curious talents ranging from recognizing any type of aircraft with just one glance to knowing al… [+10762 chars]",,en,'Nuuk'
260,https://www.thehindubusinessline.com/portfolio/stock-fundamental-analysis-india/narayana-hrudayalaya-what-should-investors-do/article70386009.ece,0,www.thehindubusinessline.com,Narayana Hrudayalaya: What should investors do?,"Narayana Hrudayalaya targets growth in India and the UK, despite current margin pressures from new insurance and clinic ventures.",https://bl-i.thgim.com/public/incoming/kiwtyz/article70389981.ece/alternates/LANDSCAPE_1200/PO14_Narayana_hospital_2.jpg,2025-12-13T16:28:26Z,http://web.archive.org/web/20251213175850/https://www.thehindubusinessline.com/portfolio/stock-fundamental-analysis-india/narayana-hrudayalaya-what-should-investors-do/article70386009.ece,"Narayana Hrudayalaya has built a strong base of operations in India and Cayman Islands, and is eyeing the next phase of growth. Recently-acquired UK hospital and domestic capacity expansion should al… [+6158 chars]",,en,'Cayman Islands'
261,https://fortune.com/2025/12/13/europe-crackdown-immigration-trump-civilizational-erasure-spain-embraces-migrants/,0,fortune.com,"In a continent cracking down on immigration and berated by Trump’s warnings of ‘civilizational erasure,’ Spain embraces migrants",Spanish Prime Minister Pedro Sánchez often says his country is between “being an open and prosperous country or a closed and poor one.”,"https://fortune.com/img-assets/wp-content/uploads/2025/12/GettyImages-2247359265-e1765661509427.jpg?resize=1200,600",2025-12-13T21:56:10Z,,With most European leaders talking tougher about immigration amid a rise in far-right populism and Trump administration warnings that they could face civilizational erasure unless they tighten their … [+6677 chars],,en,'Mauritania'
262,https://punchng.com/nigeria-tops-global-malaria-record/,0,punchng.com,Nigeria tops global malaria record,"Nigeria has the world’s highest malaria burden, with 68M cases and 184K deaths in 2024, according to the WHO’s 2025 World Malaria Report.

Read More: https://punchng.com/nigeria-tops-global-malaria-record/",https://cdn.punchng.com/wp-content/uploads/2024/04/27021705/malaria.jpg,2025-12-14T00:51:35Z,,"Nigeria recorded the highest number of malaria cases and deaths globally, with an estimated 68,466,000 cases, according to the 2025 World Malaria Report.
The report obtained from the World Health Or… [+5150 chars]",,en,'Mauritania'
263,https://www.bbc.com/news/articles/cj38rj0y6k5o,0,www.bbc.com,He was an Uber driver in the US. Now he's scared of jihadists after deportation to Somalia,"As some Somali migrants fear what might happen next, the BBC speaks to one deportee in Mogadishu.",https://ichef.bbci.co.uk/news/1024/branded_news/5e46/live/8e1f6db0-d201-11f0-9fb5-5f3a3703a365.jpg,2025-12-14T01:05:53Z,http://web.archive.org/web/20251214011607/https://www.bbc.com/news/articles/cj38rj0y6k5o,"Bushra MohamedBBC World Service
Mahad Mohamud was deported from the US five weeks ago
Mahad Mohamud is slowly readjusting to the heat, chaos and tension of Somalia's capital, Mogadishu, after being… [+8446 chars]",,en,'Somalia'
264,https://punchng.com/cardi-b-davido-perform-at-saudi-arabias-soundstorm-festival/,0,punchng.com,"Cardi B, Davido perform at Saudi Arabia’s Soundstorm festival","Cardi B and Davido delivered high-energy performances at the 2025 Soundstorm festival in Riyadh, Saudi Arabia, thrilling thousands of music lovers.

Read More: https://punchng.com/cardi-b-davido-perform-at-saudi-arabias-soundstorm-festival/",https://cdn.punchng.com/wp-content/uploads/2025/12/14064426/media_1f2fedf7d5020d782dd4f87bece8e47c97d274283.webp,2025-12-14T02:32:19Z,,"American rapper Cardi B and Nigerian Afrobeats star Davido were among the top acts who thrilled fans at the 2025 Soundstorm Festival in Riyadh, Saudi Arabia.
Cardi B, whose real name is Belcalis Alm… [+2652 chars]",,en,'Saudi Arabia'
265,https://biztoc.com/x/c95f062c97f2ac5c,0,biztoc.com,Japan NGOs help East Timor grow Letefoho coffee exports,"DILI -- East Timor is looking to become into a bigger exporter of premium coffee with the help of Japanese partners.
Groups provide assistance to growers of specialty bean in newest ASEAN member
Coffee bags produced by the Letefoho Specialty Coffee Roaster ca…",https://biztoc.com/cdn/c95f062c97f2ac5c_s.webp,2025-12-14T03:52:27Z,,DILI -- East Timor is looking to become into a bigger exporter of premium coffee with the help of Japanese partners.Groups provide assistance to growers of specialty bean in newest ASEAN memberCoffee… [+144 chars],,en,'Japan'
266,https://www.israelnationalnews.com/news/419257,0,www.israelnationalnews.com,"Report: Trump seeks 10,000 troops for Gaza force, nations hesitant","According to the Wall Street Journal, Trump seeks 10,000-strong multinational force for Gaza, but nations hesitate over Hamas disarmament.",https://2.a7.org/files/pictures/000/1200956.jpg,2025-12-14T04:14:16Z,,"Trump administration officials are pressing forward with plans to recruit a multinational force of around 10,000 troops under a US general to stabilize postwar Gaza, the Wall Street Journal reported … [+2364 chars]",,en,'Gaza'
267,https://www.israelnationalnews.com/news/419258,0,www.israelnationalnews.com,Voluntary liquidation of Hamas assets in Turkey is seed money for removal of Gaza rubble,"The clean, fast, and practically politically viable path if there is a genuine transformation in Gaza.",https://2.a7.org/files/pictures/000/1203023.jpg,2025-12-14T04:21:26Z,,"If Hamas and its allies are truly committed to building a peaceful Gaza then, along with relinquishing its arms in Gaza, Hamas should liquidate its assets overseas.
While Israel most certainly has e… [+8465 chars]",,en,'turkey'
268,https://www.juancole.com/2025/12/conflict-prophet-muhammad.html,0,www.juancole.com,Conflict in Mecca: The Prophet Muhammad and Soft Power,"I gave an online talk to the `Inekas Study Group of scholars in Iran on a chapter of my book, Muhammad: Prophet of Peace amid the Clash of Empires.. They have kindly put it up at YouTube, so I am mirroring it here. YouTube provides a computer-generated transc…",https://media.juancole.com/images/2025/12/muhammadprophet-copy.jpg,2025-12-14T05:15:57Z,,"I gave an online talk to the `Inekas [Reflection] Study Group of scholars in Iran on a chapter of my book, Muhammad: Prophet of Peace amid the Clash of Empires.. They have kindly put it up at YouTube… [+26918 chars]",,en,'Saudi Arabia'
269,https://www.yahoo.com/news/articles/women-fleeing-malis-conflict-were-051844659.html,0,www.yahoo.com,Women fleeing Mali's conflict say they were sexually assaulted but silence hides many more,"The girl lay in a makeshift health clinic, her eyes glazed over and her mouth open, flies resting on her lips.  It was the last moment to save her life, said...",https://s.yimg.com/ny/api/res/1.2/J25xacwteT7Q3N4iuyy.cw--/YXBwaWQ9aGlnaGxhbmRlcjt3PTEyMDA7aD04MDA7Y2Y9d2VicA--/https://media.zenfs.com/en/ap.org/54c32b8df32c99929d6e27e15e545cc5,2025-12-14T05:18:44Z,,"DOUANKARA, Mauritania (AP) The girl lay in a makeshift health clinic, her eyes glazed over and her mouth open, flies resting on her lips. Her chest barely moved. Drops of fevered sweat trickled down … [+8198 chars]",,en,'Mauritania'
270,https://www.arabnews.jp/en/business/article_160682/,0,www.arabnews.jp,Vision 2030 propelling Saudi Arabia’s global reputation,"RIYADH: Saudi Arabia’s Vision 2030 program, aimed at revolutionizing the Kingdom’s economic and social landsca・・・",https://www.arabnews.jp/en/wp-content/uploads/sites/2/2025/12/4667646-1464221982-658x370.jpg,2025-12-14T05:44:47Z,,"<ul><li>Bold initiatives are positioning the Kingdom as a regional trailblazer in sustainability</li></ul>Nirmal Narayanan
RIYADH: Saudi Arabias Vision 2030 program, aimed at revolutionizing the Kin… [+9816 chars]",,en,'Saudi Arabia'
271,https://abcnews.go.com/International/wireStory/women-fleeing-malis-conflict-sexually-assaulted-silence-hides-128387471,0,abcnews.go.com,Women fleeing Mali's conflict say they were sexually assaulted but silence hides many more,"Women and girls from Mali are alleging rape and sexual assault by Russian fighters with Africa Corps, a new military unit under Moscow's control",https://i.abcnewsfe.com/a/ceed9bf5-51b9-44d2-b3b8-e858e3303b18/wirestory_28f34205d837dad8a323c3a034f96636_16x9.jpg?w=1600,2025-12-14T05:49:51Z,,"DOUANKARA, Mauritania -- The girl lay in a makeshift health clinic, her eyes glazed over and her mouth open, flies resting on her lips. Her chest barely moved. Drops of fevered sweat trickled down he… [+8081 chars]",,en,'Mauritania'
272,https://foot-africa.com/en/news/arab-cup-2025-when-and-where-to-watch-the-semi-finals-1001609/,0,foot-africa.com,Arab Cup 2025: When and where to watch the semi-finals ?,"Arab Cup 2025: Dates, kick-off times and broadcast channels for the semi-finalsArab cup 2025 / @x.comThe semi-finals of the 11th edition of the Arab Cup, currently underway in Qatar, will take place o...",https://media.zenfs.com/en/foot_africa_articles_352/bb03e75b1ad91457da943d95280f200e,2025-12-14T08:50:00Z,,"Arab Cup 2025: Dates, kick-off times and broadcast channels for the semi-finals
Arab cup 2025 / @x.com
The semi-finals of the 11th edition of the Arab Cup, currently underway in Qatar, will take pl… [+1059 chars]",,en,'Qatar'
273,https://www.aljazeera.com/sports/2025/12/14/fifa-intercontinental-cup-2025-final-psg-vs-flamengo-team-news-lineups,0,www.aljazeera.com,"FIFA Intercontinental Cup 2025 final: PSG vs Flamengo – team news, lineups",FIFA’s new-look club competition returns as the champions of Europe and South America clash in an epic final in Doha.,https://s.yimg.com/ny/api/res/1.2/eFO_zc2u3u7AEGjQbijpWw--/YXBwaWQ9aGlnaGxhbmRlcjt3PTEyMDA7aD04MTc7Y2Y9d2VicA--/https://media.zenfs.com/en/al_jazeera_289/f9702040ebb14b1bc8941f2c96e686d3,2025-12-14T09:21:20Z,http://web.archive.org/web/20251215162530/https://www.aljazeera.com/sports/2025/12/14/fifa-intercontinental-cup-2025-final-psg-vs-flamengo-team-news-lineups,"Who: Paris Saint-Germain (PSG) vs FlamengoWhat: FIFA Intercontinental Cup 2025 finalWhen: Wednesday, December 17, 2025, at 8pm (17:00 GMT)Where: Ahmad bin Ali Stadium, Doha, QatarHow to follow: We wi… [+4682 chars]",,en,'Saudi Arabia'
274,https://punchng.com/cardi-b-goes-viral-after-greeting-saudi-fans-with-salam-alaikum/,0,punchng.com,Cardi B goes viral after greeting Saudi fans with ‘Salam Alaikum’,"Rapper Cardi B went viral in Saudi Arabia after her performance at the MDLBEAST Soundstorm festival. See why her greeting and praise for the kingdom captiv

Read More: https://punchng.com/cardi-b-goes-viral-after-greeting-saudi-fans-with-salam-alaikum/",https://cdn.punchng.com/wp-content/uploads/2025/12/14064426/media_1f2fedf7d5020d782dd4f87bece8e47c97d274283.webp,2025-12-14T09:52:04Z,,"US rapper Cardi B has gone viral in Saudi Arabia, where the artist performed in the early hours of Sunday morning and unleashed a torrent of praise for the kingdom in a series of social media videos.… [+2628 chars]",,en,'Saudi Arabia'
275,https://dpa-international.com/sports/urn:newsml:dpa.com:20090101:251214-99-920710/,0,dpa-international.com,Germany's Skibbe appointed Vissel Kobe coach,"Germany's Michael Skibbe has been appointed coach at J-League top side Vissel Kobe, the club said on Sunday. The 60-year-old had formerly been in charge of Sanfrecce Hiroshima and won the Japanese League Cup twice with them.",https://media.zenfs.com/en/dpa_international_526/446e93d9b1b63b2b74454d9fcd640e25,2025-12-14T10:10:26Z,,"Germany's Michael Skibbe has been appointed coach at J-League top side Vissel Kobe, the club said on Sunday.
The 60-year-old had formerly been in charge of Sanfrecce Hiroshima and won the Japanese L… [+507 chars]",,en,'Saudi Arabia'
276,https://www.aljazeera.com/news/2025/12/14/sudans-el-fasher-has-symbolism-that-hasnt-died,0,www.aljazeera.com,Sudan’s el-Fasher has symbolism that hasn’t died,North Darfur capital fell to Rapid Support Forces yet remains a political and spiritual city that cannot be overlooked.,https://www.aljazeera.com/wp-content/uploads/2025/11/afp_690a7f01d365-1762295553.jpg?resize=1920%2C1402,2025-12-14T13:42:55Z,http://web.archive.org/web/20251215073026/https://www.aljazeera.com/news/2025/12/14/sudans-el-fasher-has-symbolism-that-hasnt-died,"El-Fasher has a special place in the consciousness of many Sudanese people. For them, it is more than the capital of North Darfur State in western Sudan.
It is deeply rooted, historically and cultur… [+4370 chars]",,en,'Saudi Arabia'
277,https://www.archdaily.com/1036973/house-in-la-vicentina-al-borde,0,www.archdaily.com,House in La Vicentina / Al Borde,"The project is located in La Vicentina, a traditional middle-class neighborhood in Quito, Ecuador. The location of the lot on a staircase makes it impossible to have parking, but far from being a disadvantage, it aligns with the lifestyle of the owner, who is…",https://images.adsttc.com/media/images/689b/7cdf/c8fa/f901/7c27/4f56/large_jpg/casa-en-la-vicentina-al-borde_4.jpg?1755020531,2025-12-14T15:00:00Z,,"© JAG Studio
+ 36
<ul><li></li><li>Architecture And Construction: Al Borde
</li><li>Al Borde Contributors: María Fernanda Heredia, Melissa Narváez
</li><li>Sustainability: Grupo Investigación Sci… [+855 chars]",,en,'Quito'
278,https://www.israelnationalnews.com/flashes/672370,0,www.israelnationalnews.com,Saudi Arabia condemns Sydney shooting attack,"The Ministry of Foreign Affairs issued a statement on Sunday expressing the Kingdom of Saudi Arabia's ""condemnation of the terrorist attack that occurred in the Australian city of Sydney, which led to the death and injury of a number of people. The Kingdom af…",https://2.a7.org/files/pictures/000/1075218.jpg,2025-12-14T15:23:33Z,,"The Ministry of Foreign Affairs issued a statement on Sunday expressing the Kingdom of Saudi Arabia's ""condemnation of the terrorist attack that occurred in the Australian city of Sydney, which led t… [+313 chars]",,en,'Saudi Arabia'
279,https://www.bbc.com/news/articles/cgqzed1vjw5o,0,www.bbc.com,"Russia poses acute threat, new MI6 chief to warn","Blaise Metreweli will say the threat is posed by ""an aggressive, expansionist and revisionist Russia"".",https://ichef.bbci.co.uk/news/1024/branded_news/7ca2/live/81cdf9a0-4a89-11f0-9471-e380f647874e.jpg,2025-12-15T00:18:40Z,http://web.archive.org/web/20251216031039/https://www.bbc.com/news/articles/cgqzed1vjw5o,"Frank GardnerSecurity correspondent
The new chief of MI6, Blaise Metreweli, will warn of ""the acute threat posed by Russia"" when she makes her first public speech later. 
She will highlight so-call… [+4045 chars]",,en,'China'
280,https://www.bbc.com/news/articles/clyzzxggl7go,0,www.bbc.com,The difficult question of what it would take to stop Putin fighting in Ukraine,"As peace talks continue in Berlin, what - if anything - could potentially change Putin's mind? And could Europe do anything differently?",https://ichef.bbci.co.uk/news/1024/branded_news/3768/live/54458190-d767-11f0-a892-01d657345866.jpg,2025-12-15T00:21:59Z,http://web.archive.org/web/20251215205533/https://www.bbc.com/news/articles/clyzzxggl7go,"Vladimir Putin may have a reputation among some as a ruthless autocrat, a master manipulator of the international scene. But one thing Russia's president does not have is a poker face. 
The late US … [+14709 chars]",,en,'Ukraine'
281,https://www.globenewswire.com/news-release/2025/12/15/3205432/0/en/YSX-TECH-CO-LTD-Forges-Strategic-Alliance-for-Auto-Insurance-and-Supply-Chain-Finance-with-Huijian-Information-Technology-Co-Ltd.html,0,www.globenewswire.com,"YSX TECH. CO., LTD Forges Strategic Alliance for Auto Insurance and Supply Chain Finance with Huijian Information Technology Co., Ltd.","GUANGZHOU, China, Dec. 15, 2025 (GLOBE NEWSWIRE) -- YSX TECH. CO., LTD (NASDAQ: “YSXT”) (the “Company”), a Cayman Islands exempted company that, through its variable interest entities in China, provides comprehensive business solutions mainly for insurance co…",https://ml.globenewswire.com/Resource/Download/14a44fda-5494-4713-adef-8b808f15e935,2025-12-15T13:30:00Z,,"GUANGZHOU, China, Dec. 15, 2025 (GLOBE NEWSWIRE) -- YSX TECH. CO., LTD (NASDAQ: YSXT) (the Company), a Cayman Islands exempted company that, through its variable interest entities in China, provides … [+6350 chars]",,en,'Cayman Islands'
282,https://whyevolutionistrue.com/2025/12/15/readers-wildlife-photos-2502/,0,whyevolutionistrue.com,Readers’ wildlife photos,"Susan Harrison is back from Belize with bird photos for us. (And if you have any photos of your own, please send them in!).  Susan’s captions are indented, and you can enlarge her photos by clicking on them. Belize:  the Crooked Tree Wildlife Sanctuary Your c…",https://whyevolutionistrue.com/wp-content/uploads/2025/12/1.-Sungrebe-720x480.jpg,2025-12-15T14:25:33Z,,"Susan Harrison is back from Belize with bird photos for us. (And if you have any photos of your own, please send them in!).  Susan’s captions are indented, and you can enlarge her photos by clicking … [+3356 chars]",,en,'Belize'
283,https://off.road.cc/content/feature/from-a-puppy-printed-logo-to-half-of-the-uk-market-share-how-muddy-fox-brought,0,off.road.cc,From a puppy printed logo to half of the UK market share: How Muddy Fox brought mountain biking to the British masses,"[Images by Drew Lawson] There’s so much of the old “American Dream” about the free and easy story of the Californian klunker crew and the birth of mountain biking – a tale still regularly told today (including by me), and rightly so. However, as the American …",https://off.road.cc/sites/default/files/styles/640body/public/thumbnails/image/drew%2526john-peel.jpg?itok=B4yjBsCS,2025-12-15T14:55:00Z,,"[Images by Drew Lawson]
Theres so much of the old American Dream about the free and easy story of the Californian klunker crew and the birth of mountain biking a tale still regularly told today (inc… [+8244 chars]",,en,'England'
284,https://www.businessinsider.com/russia-new-missile-armed-shahed-drone-contains-foreign-parts-ukraine-2025-12,0,www.businessinsider.com,"Russia's new missile-armed Shahed drone is full of foreign-made parts, Ukraine says","Russia is now arming its drones with Soviet-era air-to-air missiles to hunt Ukrainian aircraft, Kyiv said.",https://i.insider.com/694016f2832e0ef1ead635a2?width=1200&format=jpeg,2025-12-15T15:04:18Z,http://web.archive.org/web/20251215200411/https://www.businessinsider.com/russia-new-missile-armed-shahed-drone-contains-foreign-parts-ukraine-2025-12,"Russia has armed its Geran-2 drones with heat-seeking missiles.Main Directorate of Intelligence of the Ministry of Defense of Ukraine/Screengrab
<ul><li>Russia has started arming its drones with air… [+3630 chars]",,en,'Kyiv'
285,https://getfootballnewsspain.com/jude-bellingham-sends-public-message-to-rodrygo-after-real-madrid-winner-vs/,0,getfootballnewsspain.com,Jude Bellingham sends public message to Rodrygo after Real Madrid winner vs Alavés,"Real Madrid star Jude Bellingham has taken to social media, to send a message of encouragement the way of teammate Rodrygo.This of course comes fresh off the Brazilian keeping alive his timely return ...",https://s.yimg.com/ny/api/res/1.2/HkYxrATdO6r5Y99suNZmhA--/YXBwaWQ9aGlnaGxhbmRlcjt3PTEyMDA7aD04MDA7Y2Y9d2VicA--/https://media.zenfs.com/en/get_spanish_football_news_articles_403/078f5cf74794a587d0c45900df5719fd,2025-12-15T15:05:00Z,,"Real Madrid star Jude Bellingham has taken to social media, to send a message of encouragement the way of teammate Rodrygo.
This of course comes fresh off the Brazilian keeping alive his timely retu… [+977 chars]",,en,'Madrid'
286,https://radaronline.com/p/rob-reiner-last-words-revealed-death/,0,radaronline.com,EXCLUSIVE: Rob Reiner's Last Words Revealed — And How He Was 'Dreaming of Filming Huge Comedy Project' in England Next Year',"Rob Reiner's final words have been revealed, as the director is said to have had a big comedy project in mind before his passing.",https://media.radaronline.com/brand-img/zhiT7mfd3/1200x628/rob-reiner-found-dead-mega-photo-2017-1765807973266.jpg,2025-12-15T15:15:00Z,,"Police sealed off the Reiner residence as investigators worked inside the property. The Los Angeles Fire Department was called to the home shortly after 3.30 pm and found Reiner and his wife dead, wi… [+585 chars]",,en,'England'
287,https://rollingout.com/2025/12/15/flu-season-h3n2-strain-hospitals-2025/,0,rollingout.com,Dangerous flu strain returns after years away,"Ireland is facing a challenging flu season that arrived several weeks earlier than expected, bringing with it a particularly nasty strain that health experts warn could make the coming weeks difficult for hospitals, patients and healthcare workers alike. The …",https://rollingout.com/wp-content/uploads/2025/12/shutterstock_2469793925-1-scaled.jpg,2025-12-15T15:30:57Z,,"Ireland is facing a challenging flu season that arrived several weeks earlier than expected, bringing with it a particularly nasty strain that health experts warn could make the coming weeks difficul… [+6005 chars]",,en,'England'
288,https://sports.yahoo.com/nfl/article/is-the-chiefs-dynasty-on-pause-or-did-it-just-end-153157764.html,0,sports.yahoo.com,"Is the Chiefs' dynasty on pause, or did it just end?","In today's edition: Chiefs eliminated as Mahomes tears ACL, Mendoza wins the Heisman, Wemby's Spurs down the Thunder, Messi's tour of India turns chaotic, Baker's Dozen, and more.",https://s.yimg.com/ny/api/res/1.2/7h3DRbq9hLx3.hH4EH3N0w--/YXBwaWQ9aGlnaGxhbmRlcjt3PTEyMDA7aD04MDA7Y2Y9d2VicA--/https://s.yimg.com/os/creatr-uploaded-images/2025-12/23efa580-d9c8-11f0-9ffd-5f34950d6589,2025-12-15T15:31:57Z,,"Yahoo Sports AM is our daily newsletter that keeps you up to date on all things sports. Sign up here to get it every weekday morning.
Husker heartbreak: Texas A&amp;M stunned previously undefeated N… [+9963 chars]",,en,'India'
289,https://www.businessinsider.com/rob-reiner-son-nick-arrested-after-parents-found-dead-2025-12,0,www.businessinsider.com,Director Rob Reiner's son Nick arrested after his parents were found dead in their home,"Nick Reiner, Rob Reiner's son, was arrested after the Hollywood director and his wife, Michelle, were found dead in their home.",https://i.insider.com/6940302464858d02d216ccb8?width=1200&format=jpeg,2025-12-15T16:02:33Z,,"Rob and Michelle ReinerMichael Buckner/Variety via Getty Images
<ul><li>Rob Reiner's son was arrested after the death of the Hollywood director and his wife.</li><li>Nick Reiner, 32, is being held o… [+1112 chars]",,en,'Hollywood'
290,https://www.thestar.com.my/news/world/2025/12/16/15-inmates-confirmed-dead-in-4-days-at-ecuador039s-largest-prison,0,www.thestar.com.my,15 inmates confirmed dead in 4 days at Ecuador's largest prison,"QUITO, Dec. 15 (Xinhua) -- Fifteen inmates have died over the past four days at Ecuador's largest prison, the Litoral Penitentiary in the coastal city of Guayaquil, prison authorities said Monday. Read full story",https://cdn.thestar.com.my/Themes/img/newTsol_logo_socmedia.png,2025-12-15T17:32:00Z,http://web.archive.org/web/20251215193703/https://www.thestar.com.my/news/world/2025/12/16/15-inmates-confirmed-dead-in-4-days-at-ecuador039s-largest-prison,"QUITO, Dec. 15 (Xinhua) -- Fifteen inmates have died over the past four days at Ecuador's largest prison, the Litoral Penitentiary in the coastal city of Guayaquil, prison authorities said Monday.
 … [+1195 chars]",,en,'Ecuador'
291,https://theconversation.com/festering-families-difficult-truths-and-transcendent-grace-best-podcasts-of-2025-270687,0,theconversation.com,"Festering families, difficult truths and transcendent grace: best podcasts of 2025","From Australia and around the world, here are the podcast gems of 2025.",https://images.theconversation.com/files/706589/original/file-20251205-56-jwi06h.jpg?ixlib=rb-4.1.0&rect=0%2C434%2C3025%2C1512&q=45&auto=format&w=1356&h=668&fit=crop,2025-12-15T19:06:48Z,,"Wellcome Collection
Quality narrative podcasts experienced a downturn this year, with industry layoffs in key networks including Pineapple Street Studios and Wondery. But commercial cutbacks have re… [+6137 chars]",,en,'Norfolk Island'
292,https://www.bbc.com/news/articles/cy4709kylkxo,0,www.bbc.com,"Epstein's UK flights had alleged British abuse victims on board, BBC finds",Lawyers representing victims say it is “shocking” there has never been a “full-scale” UK inquiry.,https://ichef.bbci.co.uk/news/1024/branded_news/dd7a/live/3f7a4ab0-8d4e-11f0-84c8-99de564f0440.jpg,2025-12-15T22:00:24Z,,"Will Dahlgreen,BBC News Investigations
Epstein took dozens more flights to the UK than were previously known
Almost 90 flights linked to Jeffrey Epstein arrived at and departed from UK airports, so… [+9331 chars]",,en,'Norfolk Island'
293,https://bleedingcool.com/tv/cia-cbs-releases-official-teaser-for-tom-ellis-nick-gehlfuss-starrer/,0,bleedingcool.com,"CIA: CBS Releases Official Teaser for Tom Ellis, Nick Gehlfuss-Starrer","After some shuffling behind the scenes that saw Michael Michele (The Equalizer), EP Eriq La Salle, and showrunner Warren Leight (Law & Order: SVU) depart the series, and Necar Zadegan (NCIS: New Orleans, Mayor of Kingstown) and showrunner/EP Mike Weiss (FBI) …",https://bleedingcool.com/wp-content/uploads/2025/12/MixCollage-15-Dec-2025-07-39-PM-1425.jpg,2025-12-16T01:02:04Z,,"Posted in: CBS, TV | Tagged: cia, tom ellis
Set to premiere on Feb. 23rd, check out our best look yet at what CBS's Tom Ellis (Lucifer) and Nick Gehlfuss (Chicago Med)-starring CIA has to offer.
Af… [+4038 chars]",,en,'Chicago'
294,https://indianexpress.com/article/explained/explained-global/australia-shored-up-gun-laws-after-96-tragedy-it-faces-a-fresh-reckoning-10422166/,0,indianexpress.com,Australia shored up gun laws after ’96 tragedy. It faces a fresh reckoning,"The attack, which has seemingly shaken Australia’s confidence in its gun control success story, may once again force the country to grapple with its gun laws.",https://images.indianexpress.com/2025/12/Police-officers-near-the-site-of-the-Bondi-Beach-shooting.-AP-1.jpg,2025-12-16T04:41:26Z,,"In the aftermath of the 1996 Port Arthur shooting, that left 35 people dead and another 23 injured, Australias conservative government stared down the gun lobby to introduce unprecedented restriction… [+3721 chars]",,en,'Canberra'
295,https://www.bbc.com/news/articles/c7413d9xvkeo,0,www.bbc.com,Trump defends his criticism of killed Hollywood director Rob Reiner,"Reiner was a longtime Democrat, liberal activist and outspoken opponent of the US president.",https://ichef.bbci.co.uk/news/1024/branded_news/5b40/live/a345f050-d9f5-11f0-ac1b-4520674608e4.jpg,2025-12-16T09:49:57Z,,"Bernd Debusmann Jrat the White House
US President Donald Trump has repeated his attack on Rob Reiner - after his earlier remarks about the killed Hollywood director, a longtime Trump critic, sparked… [+3654 chars]",,en,'Hollywood'
296,https://www.androidcentral.com/phones/oneplus/this-new-oneplus-series-promises-the-best-battery-life-in-its-class,0,www.androidcentral.com,This new OnePlus series promises the best battery life in its class,"OnePlus is launching a new Turbo phone line with beastly batteries and gaming power, but it's supposedly hitting China first.",https://cdn.mos.cms.futurecdn.net/GSz5zvNQyZCDRyfnqk6FaB-1200-80.jpg,2025-12-16T14:41:02Z,,"What you need to know
<ul><li>OnePlus is launching a new Turbo series to take on performance-focused rivals in the mid-range segment.</li><li>Performance and battery life are the core priorities, as… [+2443 chars]",,en,'China'
297,https://www.thestar.com.my/news/world/2025/12/17/chinese-built-sports-complex-shines-as-african-netball-cup-concludes-in-malawi,0,www.thestar.com.my,Chinese-built sports complex shines as African Netball Cup concludes in Malawi,"LILONGWE, Dec. 16 (Xinhua) -- As the 2025 African Netball Cup on Sunday concluded in Malawi, the host venue Griffin Saenda Sports Complex drew widespread attention for its modern facilities and capacity. Read full story",https://cdn.thestar.com.my/Themes/img/newTsol_logo_socmedia.png,2025-12-16T16:24:00Z,,"LILONGWE, Dec. 16 (Xinhua) -- As the 2025 African Netball Cup on Sunday concluded in Malawi, the host venue Griffin Saenda Sports Complex drew widespread attention for its modern facilities and capac… [+1669 chars]",,en,'Malawi'
298,https://www.flyingmag.com/archer-vertical-engineer-uk-air-taxi-push/,0,www.flyingmag.com,Archer Poaches Vertical Engineer Ahead of U.K. Air Taxi Push,Engineer Limhi Somerville joins the California-based company from what may be its largest United Kingdom competitor.,https://s.yimg.com/ny/api/res/1.2/_Z8tc2G1TKg0EiY71hHn5w--/YXBwaWQ9aGlnaGxhbmRlcjt3PTEyMDA7aD04MDA-/https://media.zenfs.com/en/flying_articles_763/df04323c74f7bac61a224fadd10df3d3,2025-12-16T18:23:12Z,,"California-based electric vertical takeoff and landing (eVTOL) air taxi developer Archer Aviation is putting down roots on both sides of the Atlantic.
On Tuesday, the company revealed its plans to b… [+5455 chars]",,en,'United Kingdom'
299,https://www.dailysignal.com/2025/12/16/jimmy-lais-family-looks-trump-world-leaders/,0,www.dailysignal.com,"Jimmy Lai’s Family Looks to Trump, World Leaders","Family members and friends of Jimmy Lai, a businessman and a pro-democracy newspaper owner in Hong Kong, are holding out hope that he can still... Read More
The post Jimmy Lai’s Family Looks to Trump, World Leaders appeared first on The Daily Signal.",https://www.dailysignal.com/wp-content/uploads/2025/12/GettyImages-2252098056.jpgRS_-scaled.jpg,2025-12-16T18:45:56Z,http://web.archive.org/web/20251216193703/https://www.dailysignal.com/2025/12/16/jimmy-lais-family-looks-trump-world-leaders/,"Family members and friends of Jimmy Lai, a businessman and a pro-democracy newspaper owner in Hong Kong, are holding out hope that he can still be released after his guilty verdict on national securi… [+5452 chars]",,en,'Hong Kong'
300,https://www.breitbart.com/politics/2025/12/16/exclusive-white-house-on-trumps-latest-travel-restrictions-the-trump-administration-will-always-choose-america-first/,0,www.breitbart.com,Exclusive–White House on Trump's Latest Travel Restrictions: 'The Trump Administration Will Always Choose America First',"President Donald Trump took action Tuesday to impose full travel restrictions and entry limitations on five more nations, including Burkina Faso, Niger, and South Sudan–as the White House tells Breitbart News the president ""is working to keep dangerous aliens…",https://media.breitbart.com/media/2025/12/Travel-Restrictions-640x335.jpeg,2025-12-16T21:57:39Z,,"President Donald Trump took action Tuesday to impose full travel restrictions and entry limitations on five more nations, including Burkina Faso, Niger, and South Sudanas the White House tells Breitb… [+3613 chars]",,en,'Burkina Faso'
301,https://fortune.com/2025/12/16/mit-professor-nuno-loureiro-shot-killed-home-brookline-massachusetts/,0,fortune.com,"MIT professor Nuno F.G. Loureiro, a 47-year-old physicist and fusion scientist, shot and killed in his home in Brookline, Mass.","Loureiro, who was married, grew up in Viseu, in central Portugal, and studied in Lisbon before earning a doctorate in London, according to MIT.","https://fortune.com/img-assets/wp-content/uploads/2025/12/AP25350855890854.jpg?resize=1200,600",2025-12-17T01:19:58Z,http://web.archive.org/web/20251217020704/https://fortune.com/2025/12/16/mit-professor-nuno-loureiro-shot-killed-home-brookline-massachusetts/,"A professor at the Massachusetts Institute of Technology was fatally shot at his home near Boston, and authorities said Tuesday they had launched a homicide investigation.Nuno F.G. Loureiro, a 47-yea… [+2425 chars]",,en,'London'
302,https://www.businessinsider.com/russia-economy-china-reliance-oil-exports-embarrassing-reversal-2025-12,0,www.businessinsider.com,Russia's wartime lifeline from China comes with a price: an 'embarrassing reversal' for Moscow,China buys Russian oil and gas at steep discounts while supplying Moscow with machinery and electronics as Western sanctions tighten.,https://i.insider.com/6942258b04eda4732f2da738?width=1200&format=jpeg,2025-12-17T07:03:38Z,http://web.archive.org/web/20251217103633/https://www.businessinsider.com/russia-economy-china-reliance-oil-exports-embarrassing-reversal-2025-12,"Russia's President Vladimir Putin and China's leader Xi Jinping.Alexander Kazakov/Pool/AFP/Getty Images
<ul><li>Sanctions have forced Russia to lean heavily on China to keep its economy afloat.</li>… [+3202 chars]",,en,'Russia'
303,https://www.insidehighered.com/news/quick-takes/2025/12/17/trump-restricts-travel-20-more-countries,0,www.insidehighered.com,Trump Restricts Travel From 20 More Countries,"The Trump administration announced entry restrictions on 20 more countries Tuesday, including Nigeria, a top source of international students for U.S. colleges and universities.",https://www.insidehighered.com/sites/default/files/styles/large/public/2025-10/Trump_GettyImages-2237540016_edit.jpg?itok=cD8uD_Iy,2025-12-17T08:00:00Z,,"The Trump administration announced entry restrictions on 20 more countries Tuesday, including Nigeria, a top source of international students for U.S. colleges and universities.
The proclamation exp… [+1560 chars]",,en,'Mauritania'
304,https://biztoc.com/x/b6a7e1ee461babdf,0,biztoc.com,Action Energy eyes regional expansion after Kuwait stock market listing,,https://biztoc.com/cdn/955/og.png,2025-12-17T11:42:02Z,,"{ window.open(this.href, '_blank'); }, 200); return false;""&gt;Why will Warner Bros reject Paramount's bid? { window.open(this.href, '_blank'); }, 200); return false;""&gt;How did Trump's Venezuela bl… [+751 chars]",,en,'Kuwait'
305,https://www.democracynow.org/2025/12/17/greg_grandin,0,www.democracynow.org,"A Path to WWIII? Greg Grandin on Venezuela, Trump's ""Madman Doctrine"" & More","President Trump has ordered what he called a “total and complete blockade” of sanctioned oil tankers entering and leaving Venezuela, as the United States escalates pressure on the government of President Nicolás Maduro. The move comes amid a major U.S. milita…",https://www.democracynow.org/images/story/37/80237/full_hd/seg-Trump-Maduro.jpg,2025-12-17T13:15:19Z,,"AMYGOODMAN: President Trump has ordered a “total and complete blockade” of sanctioned oil tankers entering and leaving Venezuela, as the U.S. ramps up pressure on the government of Nicolás Maduro. Th… [+14853 chars]",,en,'Venezuela'
306,https://www.digitaljournal.com/world/eus-mercosur-trade-deal-hits-french-italian-roadblock/article,0,www.digitaljournal.com,"EU’s Mercosur trade deal hits French, Italian roadblock","EU plans to seal a vast trade deal with South American bloc Mercosur this week were thrown into disarray Wednesday as Italy joined France in demanding more time to sign off on it. Twenty years in the making, the pact to create the world’s biggest free-trade a…",https://www.digitaljournal.com/wp-content/uploads/2025/12/5de9b3ac92ae57f1156868d4e51e7b6cc48f803c-1.jpg,2025-12-17T16:03:18Z,http://web.archive.org/web/20251217160947/https://www.digitaljournal.com/world/eus-mercosur-trade-deal-hits-french-italian-roadblock/article,"French farmers have expressed their anger over the agreement in recent protests - Copyright AFP ARNAUD FINISTRE
EU plans to seal a vast trade deal with South American bloc Mercosur this week were th… [+3570 chars]",,en,'France'
307,https://financialpost.com/pmn/italy-may-not-support-eu-mercosur-free-trade-deal-without-changes,0,financialpost.com,Italy may not support EU-Mercosur free trade deal without changes,"BRUSSELS (AP) — Italy signaled on Wednesday that it might not support a massive transatlantic free trade deal between the European Union and South American countries, casting further doubt on the agreement as European leaders gather for a summit in Brussels a…",https://smartcdn.gprod.postmedia.digital/financialpost/wp-content/uploads/2025/12/6942dacba9cbc00dbf541fcdjpeg.jpg,2025-12-17T16:34:16Z,,"BRUSSELS (AP) Italy signaled on Wednesday that it might not support a massive transatlantic free trade deal between the European Union and South American countries, casting further doubt on the agree… [+4899 chars]",,en,'Paraguay'
308,https://www.channelnewsasia.com/world/venezuela-trump-us-mexico-president-strikes-drugs-5624081,0,www.channelnewsasia.com,Mexico president calls on UN to prevent 'bloodshed' in Venezuela,The call comes after Washington announces blockade of sanctioned oil tankers entering and leaving Venezuela.,"https://dam.mediacorp.sg/image/upload/s--Bh7JDZTn--/c_fill,g_auto,h_676,w_1200/fl_relative,g_south_east,l_mediacorp:cna:watermark:2024-04:reuters_1,w_0.1/f_auto,q_auto/v1/one-cms/core/2025-12-17T140532Z_1_LYNXMPELBG0RN_RTROPTP_3_MEXICO-POLITICS-SALINAS.JPG?itok=-F3HXTfo",2025-12-17T17:41:27Z,http://web.archive.org/web/20251217181933/https://www.channelnewsasia.com/world/venezuela-trump-us-mexico-president-strikes-drugs-5624081,"Chile's hard-right president-elect Jose Antonio Kast on Tuesday said that he would back efforts to end Maduro's ""dictatorship,"" expanding Trump's support base in the region at a time when he is consi… [+693 chars]",,en,'Venezuela'
309,http://wwd.com/business-news/government-trade/eu-mercosur-trade-deal-luxury-market-expansion-1238427758/,0,wwd.com,Why the EU-Mercosur Trade Deal Matters for Luxury,"On Wednesday, Italy's Prime Minister Giorgia Meloni joined French President Emmanuel Macron in an attempt to delay the finalization of a crucial EU trade agreement that could pave the way for a free-trade zone with the South American bloc.",https://wwd.com/wp-content/uploads/2025/04/GettyImages-2209346972.jpg?w=1000&h=563&crop=1,2025-12-17T18:31:32Z,http://web.archive.org/web/20251217232423/https://wwd.com/business-news/government-trade/eu-mercosur-trade-deal-luxury-market-expansion-1238427758/,"MILAN — Luxury industry concerns hit a peak this year after U.S. President Donald Trump announced his trade policy that involved a 15 percent tariff on all exports. Since then, leaders here have been… [+5376 chars]",,en,'Italy'
310,https://www.dw.com/en/merz-touts-eu-mercosur-deal-while-france-italy-farmers-protest/a-75207512,0,www.dw.com,"Merz touts EU-Mercosur deal while France, Italy protest","The EU-Latin America trade deal has been in the making for a quarter of a century. While Germany's chancellor called for its completion, France and Italy said it would be ""premature"" to sign. The EU's planned Mercosur trade agreement with four Latin American …",https://static.dw.com/image/75209834_6.jpg,2025-12-17T18:38:00Z,,"The EU's planned Mercosur trade agreement with four Latin American countries appeared at risk of yet another delay, or possibly even collapse, on Wednesday, a day before leaders were set to discuss i… [+5923 chars]",,en,'Italy'
311,https://www.greaterbelize.com/belize-joins-latin-american-and-caribbean-schools-to-promote-healthy-eating/,0,www.greaterbelize.com,Belize Joins Latin American and Caribbean Schools to Promote Healthy Eating,Belize joined 10 other Latin American and Caribbean countries to serve up healthier school meals while inspiring regional innovation in sustainable school feeding.,https://www.greaterbelize.com/wp-content/uploads/2025/12/2-Grid-View-14.jpg,2025-12-17T18:47:33Z,http://web.archive.org/web/20251217185210/https://www.greaterbelize.com/belize-joins-latin-american-and-caribbean-schools-to-promote-healthy-eating/,Belize joined 10 other Latin American and Caribbean countries to serve up healthier school meals while inspiring regional innovation in sustainable school feeding. The country shared its experience a… [+751 chars],,en,'Paraguay'
312,https://www.theblaze.com/news/prominent-mit-professor-reportedly-jewish-pro-israel-fatally-shot-in-his-home-no-suspect-in-custody,0,www.theblaze.com,"Prominent MIT professor — reportedly Jewish, pro-Israel — shot to death in his home; no suspect in custody","A prominent professor at the Massachusetts Institute of Technology was fatally shot in his Brookline home, the Associated Press reported.Nuno Loureiro was Jewish and a vocal pro-Israel nuclear scientist, the Jerusalem Post said; but the paper added that it co…",https://www.theblaze.com/media-library/prominent-mit-professor-reportedly-jewish-pro-israel-shot-to-death-in-his-home-no-suspect-in-custody.png?id=62601362&width=1200&height=600&coordinates=0%2C87%2C0%2C88,2025-12-17T21:30:00Z,,"A prominent professor at the Massachusetts Institute of Technology was fatally shot in his Brookline home, the Associated Press reported.
Nuno Loureiro was Jewish and a vocal pro-Israel nuclear scie… [+2377 chars]",,en,'Israel'
313,https://www.aljazeera.com/news/2025/12/17/brazil-threatens-to-walk-away-if-further-delays-to-eu-mercosur-trade-deal,0,www.aljazeera.com,Lula threatens to walk away if further delays to EU-Mercosur trade deal,Brazilian president says it is now or never after Italy joins France in saying it is not ready to sign trade deal.,https://www.aljazeera.com/wp-content/uploads/2025/11/AP25324005455236-1763599984.jpg?resize=1200%2C675,2025-12-17T22:58:43Z,http://web.archive.org/web/20251217230747/https://www.aljazeera.com/news/2025/12/17/brazil-threatens-to-walk-away-if-further-delays-to-eu-mercosur-trade-deal,Brazilian President Luiz Inacio Lula da Silva has warned he may abandon a long-awaited trade deal between members of the South American bloc Mercosur and the European Union after key countries sought… [+2732 chars],,en,'Italy'
314,https://sports.yahoo.com/articles/brazils-botafogo-fires-carlo-ancelottis-235656718.html,0,sports.yahoo.com,Brazil's Botafogo fires Carlo Ancelotti's son from coaching position after frustrating season,Brazilian club Botafogo fired the son of Brazil's national team coach Carlo Ancelotti on Wednesday just five months after he had signed as its manager in his first full-time coaching job. The 36-year-old Davide Ancelotti was let go after Botafogo failed to de…,https://s.yimg.com/ny/api/res/1.2/jzmFE2bLsTvwwnDCVaOBhw--/YXBwaWQ9aGlnaGxhbmRlcjt3PTEyMDA7aD04MDA7Y2Y9d2VicA--/https://media.zenfs.com/en/ap.org/16c6c3c2b2ee806701429ec811cab2ea,2025-12-17T23:56:56Z,,RIO DE JANEIRO (AP) Brazilian club Botafogo fired the son of Brazil's national team coach Carlo Ancelotti on Wednesday just five months after he had signed as its manager in his first full-time coach… [+870 chars],,en,'Brazil'
315,https://www.bbc.com/news/articles/c1dz6wgn2w9o,0,www.bbc.com,"In this secret missile factory, Ukraine is ramping up its domestic arms industry","The BBC goes to a secret Ukrainian factory, where they are manufacturing new long-range missiles.",https://ichef.bbci.co.uk/news/1024/branded_news/741f/live/42af7550-db7f-11f0-a8dc-93c15fe68710.jpg,2025-12-18T00:00:22Z,http://web.archive.org/web/20251218141548/https://www.bbc.com/news/articles/c1dz6wgn2w9o,"The Flamingo missile is a new, long-range Ukrainian cruise missile, designed for deep strikes against Russia with a range of up to 3,000km 
Jonathan BealeDefence correspondent in Kyiv
We're driven … [+6345 chars]",,en,'China'
316,https://www.channelnewsasia.com/sport/ecuador-international-pineida-dies-in-attack-says-club-5624696,0,www.channelnewsasia.com,"Ecuador international Pineida dies in attack, says club","QUITO, Dec 17 : Ecuador international Mario Pineida died on Wednesday after being attacked in the city of Guayaquil, his Ecuadorean team Barcelona Sporting Club said in a statement.Local media reported the player, who was 33 years old, died in a gun attack ou…","https://dam.mediacorp.sg/image/upload/s--Mk6GuG4Q--/c_fill,g_auto,h_676,w_1200/fl_relative,g_south_east,l_mediacorp:cna:watermark:2024-04:reuters_1,w_0.1/f_auto,q_auto/v1/one-cms/core/2025-12-18T002046Z_1_LYNXMPELBH00N_RTROPTP_3_SOCCER-LIBERTADORES-BNA-FLA-REPORT.JPG?itok=qV3c7R3x",2025-12-18T00:20:46Z,,"QUITO, Dec 17 : Ecuador international Mario Pineida died on Wednesday after being attacked in the city of Guayaquil, his Ecuadorean team Barcelona Sporting Club said in a statement.
Local media repo… [+640 chars]",,en,'Ecuador'
317,https://www.digitaljournal.com/world/what-to-know-about-the-eu-mercosur-deal/article,0,www.digitaljournal.com,What to know about the EU-Mercosur deal,Squabbles over the EU-Mercosur trade deal are likely to punctuate a European Union summit in Brussels on Thursday. European Commission President Ursula von der Leyen is set to visit Brazil on Saturday to sign the so-called Mercosur deal. Over 20 years in the …,https://www.digitaljournal.com/wp-content/uploads/2025/12/a5dd70f4cedb6f111f6a6c6a4c08289cf1ba94bc.jpg,2025-12-18T03:57:20Z,,"South America's agriculture sector stands to benefit substantially from the free trade agreement - Copyright AFP Nelson ALMEIDA
Squabbles over the EU-Mercosur trade deal are likely to punctuate a Eu… [+4362 chars]",,en,'Brussels'
318,https://www.npr.org/2025/12/18/nx-s1-5648082/10-year-old-killed-bondi-mass-shooting-hate-laws,0,www.npr.org,Mourners grieve 10-year-old slain in Bondi mass shooting as Australia's leader pledges new hate laws,Hundreds of mourners bearing bright bouquets and clutching each other in grief gathered at a funeral in Sydney on Thursday for a 10-year-old girl who was gunned down in an antisemitic massacre during a Hanukkah celebration at Bondi Beach.,https://npr.brightspotcdn.com/dims3/default/strip/false/crop/5917x3328+0+308/resize/1400/quality/100/format/jpeg/?url=http%3A%2F%2Fnpr-brightspot.s3.amazonaws.com%2F84%2F14%2Fd1ca40964f4cafe5a233993945ee%2Fap25352119291010.jpg,2025-12-18T07:44:58Z,,SYDNEY Hundreds of mourners bearing bright bouquets and clutching each other in grief gathered at a funeral in Sydney on Thursday for a 10-year-old girl who was gunned down in an antisemitic massacre… [+6173 chars],,en,'Canberra'
319,https://financialpost.com/pmn/farmers-block-roads-in-brussels-to-protest-south-american-free-trade-deal,0,financialpost.com,Farmers block roads in Brussels to protest South American free-trade deal,"BRUSSELS (AP) — Farmers in tractors blocked roads and set off fireworks in Brussels on Wednesday outside a European Union leaders’ summit, prompting police to respond with tear gas and water cannons as protesters rallied against a major free-trade deal with S…",,2025-12-18T08:07:23Z,,"BRUSSELS (AP) Farmers in tractors blocked roads and set off fireworks in Brussels on Wednesday outside a European Union leaders summit, prompting police to respond with tear gas and water cannons as … [+5121 chars]",,en,'Brussels'
320,https://abcnews.go.com/Business/wireStory/farmers-block-roads-brussels-protest-south-american-free-128511250,0,abcnews.go.com,Farmers block roads in Brussels to protest South American free-trade deal,Farmers in tractors have blocked roads and set off fireworks in Brussels outside a European Union leaders’ summit,https://i.abcnewsfe.com/a/752c3ac3-9a71-408e-a5d1-6c5f609990fd/wirestory_88b455dcf234d9a36c6eac675a47e8e0_16x9.jpg?w=1600,2025-12-18T09:09:56Z,,"BRUSSELS -- Farmers in tractors blocked roads and set off fireworks in Brussels on Wednesday outside a European Union leaders summit, prompting police to respond with tear gas and water cannons as pr… [+4542 chars]",,en,'Paraguay'
321,https://lithub.com/on-the-past-and-present-of-authoritarianism-war-and-literature-in-europe/,0,lithub.com,"On the Past and Present of Authoritarianism, War, and Literature in Europe","From the World Wars to today’s Russian invasion of Ukraine, conflict has shaped Europe’s cultures, politics, and language. Author Artem Chapeye (Ukraine), Peter Osnos (Poland) and Antonia Lloyd-Jones (Poland) explore how war transforms personal destinies and …",https://s26162.pcdn.co/wp-content/uploads/2025/12/Ruined_Kyiv_in_WWII-1.jpg,2025-12-18T09:59:03Z,,"From the World Wars to todays Russian invasion of Ukraine, conflict has shaped Europes cultures, politics, and language. Author Artem Chapeye (Ukraine), Peter Osnos (Poland) and Antonia Lloyd-Jones (… [+19456 chars]",,en,'Poland'
322,https://newrepublic.com/article/204583/norman-podhoretz-ultimate-neocon-obituary,0,newrepublic.com,Norman Podhoretz Was the Ultimate Neocon,"My late father knew Norman Podhoretz (Alav Hashalom) when they were both counselors at a Jewish summer camp in upstate New York. This would have been in 1946, maybe 1947. Assigned to write lyrics for an official camp song, they got in trouble for making satir…",https://images.newrepublic.com/29cea0523e9567cc2549f24631cd5335b54d6ff8.jpeg?w=1200&h=630&crop=faces&fit=crop&fm=jpg,2025-12-18T11:00:00Z,http://web.archive.org/web/20251221130440/https://newrepublic.com/article/204583/norman-podhoretz-ultimate-neocon-obituary,"Podhoretz eventually settled into neoconservatism, an intellectual movement that began as a liberal critique of the New Left counterculture, hardened into anti-liberalism, then degenerated into an in… [+1683 chars]",,en,'New York'
323,https://www.aljazeera.com/sports/2025/12/18/former-football-star-mario-pineida-killed-as-violence-escalates-in-ecuador-barcelona-fluminense,0,www.aljazeera.com,Former football star Mario Pineida killed as violence escalates in Ecuador,Former Fluminense star Mario Pineida killed in attack as Ecuadorian president responds to most violent year in history.,https://www.aljazeera.com/wp-content/uploads/2025/12/2017-03-28T120000Z_67859820_RC1EE3190990_RTRMADP_3_SOCCER-WORLDCUP-ECU-COL-1766053316.jpg?resize=1920%2C1440,2025-12-18T11:09:11Z,,"Ecuadorian police have said that Mario Pineida, a 33-year-old Barcelona de Guayaquil defender and former national team player, was shot dead in an apparent attack as violence escalates in the Andean … [+2624 chars]",,en,'Ecuador'
324,https://www.cbsnews.com/news/soccer-mario-pineida-shot-killed-ecuador-police/,0,www.cbsnews.com,Soccer star Mario Pineida shot and killed in Ecuador,Guayaquil has become a hotspot for gang violence linked to drug trafficking and several soccer players in Ecuador have been targeted in recent months.,https://assets3.cbsnewsstatic.com/hub/i/r/2025/12/18/4ade4e68-f056-4646-85f9-d9620160cf0d/thumbnail/1200x630/24fd13bd757aaf05c7d97a3ae5b071e9/gettyimages-2251816301.jpg,2025-12-18T11:17:15Z,,"Ecuadorian police said on Wednesday that Mario Pineida, a 33-year-old Barcelona de Guayaquil defender and former national team player, was shot dead in an apparent attack as violence escalates in the… [+3954 chars]",,en,'Ecuador'
325,https://sports.yahoo.com/articles/staging-africa-cup-nations-part-112310346.html,0,sports.yahoo.com,Staging the Africa Cup of Nations part of Morocco's bid to become a soccer superpower,"Staging the Africa Cup of Nations from Sunday is another major step in Morocco’s road to becoming a global soccer power and a dry run as a co-host for the 2030 World Cup. Three years after reaching the semifinals of the 2022 World Cup, the North African kingd…",https://s.yimg.com/ny/api/res/1.2/Ljbl1X71F4RMgp8TLBxpPw--/YXBwaWQ9aGlnaGxhbmRlcjt3PTEyMDA7aD04MDA7Y2Y9d2VicA--/https://media.zenfs.com/en/ap.org/50609ac2a6c6de3cc3719f67a0590c4c,2025-12-18T11:23:10Z,,"RABAT, Morocco (AP) Staging the Africa Cup of Nations from Sunday is another major step in Moroccos road to becoming a global soccer power and a dry run as a co-host for the 2030 World Cup.
Three ye… [+5124 chars]",,en,'Morocco'
326,https://onefootball.com/en/news/conmebol-to-draw-pre-libertadores-this-thursday-see-the-details-42113002,0,onefootball.com," Conmebol to draw pre-Libertadores this Thursday, see the details","Conmebol draws, this Thursday (18), the matchups for the preliminary phases of the 2026 Libertadores.The event takes place at 12 PM (Brasília time), at the entity's headquarters in Paraguay, when Bah...",https://s.yimg.com/ny/api/res/1.2/zr0V5WW0fH.4HdOJyW765Q--/YXBwaWQ9aGlnaGxhbmRlcjt3PTEyMDA7aD04MDA7Y2Y9d2VicA--/https://media.zenfs.com/en/onefootball_articles_802/e506e8240bf6679c257c62024f2efd75,2025-12-18T11:36:00Z,,"Conmebol draws, this Thursday (18), the matchups for the preliminary phases of the 2026 Libertadores.
The event takes place at 12 PM (Brasília time), at the entity's headquarters in Paraguay, when B… [+484 chars]",,en,'Paraguay'
327,https://www.resilience.org/stories/2025-12-18/the-tehran-snapshot/,0,www.resilience.org,The Tehran snapshot,"Climate abandonment can be avoided, or put off, in only so many cases. The culprits of this crisis may be water barons, but it is just one early punctuation point on a much longer, much steeper trendline.",https://www.resilience.org/wp-content/uploads/2025/12/North_of_Tehran_Skyline_view.jpg,2025-12-18T11:42:40Z,,"Iran is in the grips of a historic drought, which has been dragging on for (at time of writing) 5 long years. The situation has got so severe that the Iranian government is openly contemplating evacu… [+11027 chars]",,en,'Tehran'
328,https://www.globenewswire.com/news-release/2025/12/18/3207619/0/en/Toobit-Expands-Futures-Suite-with-200x-Leverage-for-ETHUSDT-Perpetual-Contracts.html,0,www.globenewswire.com,Toobit Expands Futures Suite with 200x Leverage for ETHUSDT Perpetual Contracts,"GEORGE TOWN, Cayman Islands, Dec. 18, 2025 (GLOBE NEWSWIRE) -- Toobit, the award-winning global cryptocurrency exchange, today announces an upgrade to its futures trading suite: the introduction of 200x leverage for ETHUSDT Perpetual Contracts. This update gi…",https://ml.globenewswire.com/Resource/Download/52b556ae-0c1f-414f-94d2-603f7debb9cc,2025-12-18T12:32:00Z,,"GEORGE TOWN, Cayman Islands, Dec. 18, 2025 (GLOBE NEWSWIRE) -- Toobit, the award-winning global cryptocurrency exchange, today announces an upgrade to its futures trading suite: the introduction of 2… [+4117 chars]",,en,'Cayman Islands'
329,https://journals.plos.org/plosntds/article?id=10.1371/journal.pntd.0013767,0,journals.plos.org,Pilot study to assess the impact of feed-through insecticide on the sand fly density in an endemic area of zoonotic cutaneous leishmaniasis in Morocco,"Authors summary Cutaneous leishmaniasis (CL) is a persistent public health issue in Morocco, largely driven by zoonotic transmission involving the parasite Leishmania major. The parasite is spread by female sand flies (Phlebotomus papatasi), with the great ge…",https://journals.plos.org/plosntds/article/figure/image?id=10.1371/journal.pntd.0013767.g004&size=inline,2025-12-18T14:00:00Z,,"Citation: Van Bortel W, Benkirane R, Hmidane A, Sunyoto T, Poché R, Poché D, et al. (2025) Pilot study to assess the impact of feed-through insecticide on the sand fly density in an endemic area of z… [+40443 chars]",,en,'Morocco'
330,https://www.thestar.com.my/news/world/2025/12/18/belgian-farmers-in-anti-trade-protest-clash-with-police,0,www.thestar.com.my,Belgian farmers in anti-trade protest clash with police,"BRUSSELS, Dec 18 (Reuters) - Belgian police fired tear gas and water cannon on Thursday as a demonstration by farmers against an EU-Mercosur free trade agreement turned violent, with some protesters hurling rocks and potatoes at police and smashing windows. R…",https://apicms.thestar.com.my/uploads/images/2025/12/18/3680225.jpg,2025-12-18T14:53:00Z,,"Police officers run next to tractors, as farmers protest against the EU-Mercosur free-trade deal between the European Union and the South American countries of Mercosur, on the day of a European Unio… [+1215 chars]",,en,'Brussels'
331,https://www.irishtimes.com/politics/2025/12/18/states-decision-on-mercosur-has-to-also-account-for-nitrates-deal-taoiseach-says/,0,www.irishtimes.com,"State’s decision on Mercosur has to also account for nitrates deal, Taoiseach says",Government to come under pressure from Brussels to back EU-South American trade agreement,https://www.irishtimes.com/resizer/v2/GX6NSDWRTCHQVDA7CSCLYRIYL4.jpg?smart=true&auth=2455133db6cdee045de01f0d89f096affd27b2a0d0619c5060bb3af78b3e8a7a&width=1200&height=630,2025-12-18T14:58:40Z,,"What way the Government votes on the controversial Mercosur trade deal has to be seen in the round and take account of separate leeway the State was recently given on EU nitrates rules, Taoiseach Mic… [+3670 chars]",,en,'Brussels'
332,https://www.globalresearch.ca/washington-oil-blockade-launches-assault-venezuela-latin-america/5909637,0,www.globalresearch.ca,Iraq 2.0: Washington’s Oil Blockade Launches Assault on Venezuela and Latin America,"On 16 December, Donald Trump announced “a total and complete blockade” of all sanctioned oil tankers traveling to and from Venezuela. 
He claims that Venezuela “stole” oil and other riches from the US and aims to designate the Maduro government …
The post Ira…",https://www.globalresearch.ca/wp-content/uploads/2022/08/venezuela-oil_0.jpg,2025-12-18T15:41:31Z,,"On 16 December, Donald Trump announced a total and complete blockade of all sanctioned oil tankers traveling to and from Venezuela. 
He claims that Venezuela stole oil and other riches from the US a… [+8766 chars]",,en,'Iraq'
333,https://www.independent.ie/world-news/europe/farmers-block-roads-in-brussels-to-protest-over-south-american-free-trade-deal/a1779316386.html,0,www.independent.ie,Farmers block roads in Brussels to protest over South American free trade deal,"Farmers in tractors have blocked roads and set off fireworks in Brussels outside a European Union leaders' summit, prompting police to respond with tear gas and water cannons as protesters rallied against a major free trade deal with South American nations.",https://focus.independent.ie/thumbor/nU6JeVBIGYeCuJm6kZ61VjnHSws=/60x0:735x450/629x0/prod-mh-ireland/fed25806-e9c9-40e2-bedb-672cfd821f9a/0f8b3f04-d228-497c-851b-ad5cca59e7a3/video/video.jpg,2025-12-18T17:22:02Z,,"Farmers in tractors have blocked roads and set off fireworks in Brussels outside a European Union leaders' summit, prompting police to respond with tear gas and water cannons as protesters rallied ag… [+5990 chars]",,en,'Paraguay'
334,https://economictimes.indiatimes.com/opinion/et-editorial/a-critical-minerals-us-lesson-for-india/articleshow/126062032.cms,0,economictimes.indiatimes.com,A critical (minerals) US lesson for India,"Trump deals with Ukraine and Kazakhstan, Rwanda-DRC peace deal, dumping an assiduously-built relationship with India for Pakistan, all have one thing in common: the desire of the US to secure access to critical minerals. Meanwhile, China is doing something si…","https://img.etimg.com/thumb/width-1200,height-900,imgsize-334406,resizemode-75,msid-126062032/opinion/et-editorial/a-critical-minerals-us-lesson-for-india.jpg",2025-12-18T17:24:01Z,,"Taking a page out of George W's playbook, Trump has imposed an international naval blockade - his Iraq being Venezuela, his WMD being narcotics, and his Saddam being fellow strongman Nicolas Moros. T… [+1556 chars]",,en,'India'
335,https://www.breitbart.com/latin-america/2025/12/18/report-nicaragua-bans-travelers-bringing-bibles-country/,0,www.breitbart.com,Report: Nicaragua Bans Travelers from Bringing Bibles into Country,"Nicaragua’s communist regime is banning travelers from bringing Bibles into the country, the Nicaraguan newspaper La Prensa reported.
The post Report: Nicaragua Bans Travelers from Bringing Bibles into Country appeared first on Breitbart.",https://media.breitbart.com/media/2025/12/Man-in-prison-with-Bible-640x335.jpg,2025-12-18T17:41:58Z,,"Nicaraguas communist regime is banning travelers from bringing Bibles into the country, the Nicaraguan newspaper La Prensareported this week.
The measure, the newspaper said, is part of new broader … [+5933 chars]",,en,'Nicaragua'
336,https://www.hrw.org/news/2025/12/18/kazakhstan-draft-morality-laws-threaten-rights,0,www.hrw.org,Kazakhstan Draft ‘Morality’ Laws Threaten Rights,"Click to expand Image
 



 
 
 

 
 
 
 
 Kazakhstan Senate.
 © 2018 SenateKz/Wikimedia 
 
 


 
Kazakhstan’s Senate adopted two rights-violating laws on December 18, both of them threatening freedom of expression. The first is a discriminatory draft law ban…",https://www.hrw.org/sites/default/files/styles/opengraph/public/media_2025/12/202512eca_Kazakhstan_Senate.jpg?h=58c8a5e7&itok=Mi6Oz75l,2025-12-18T18:17:54Z,,"Kazakhstans Senate adopted two rights-violating laws on December 18, both of them threatening freedom of expression. 
The first is a discriminatory draft law banning so-called propaganda of lesbian,… [+1954 chars]",,en,'Kazakhstan'
337,https://www.breitbart.com/latin-america/2025/12/18/ecuador-launches-joint-u-s-military-operation-to-fight-narco-terrorism/,0,www.breitbart.com,Ecuador Launches Joint-U.S. Military Operation to Fight 'Narco-Terrorism',"The president of Ecuador, Daniel Noboa, announced on Wednesday that his country would be welcoming members of the United States Air Force for a temporary joint operation intended to fight drug trafficking and narco-terrorism.
The post Ecuador Launches Joint-U…",https://media.breitbart.com/media/2025/12/GettyImages-2244684102-640x335.png,2025-12-18T18:42:42Z,,"The president of Ecuador, Daniel Noboa, announced on Wednesday that his country would be welcoming members of the United States Air Force for a temporary joint operation intended to fight drug traffi… [+5257 chars]",,en,'Ecuador'
338,https://www.theflightdeal.com/2025/12/18/united-newark-grand-cayman-cayman-islands-245-basic-economy-325-regular-economy-roundtrip-including-all-taxes/,0,www.theflightdeal.com,"United: Newark – Grand Cayman, Cayman Islands. $245 (Basic Economy) / $325 (Regular Economy). Roundtrip, including all Taxes",A good sale to the Cayman IslandsMatrix Airfare Search by ITA Software will price this at $325 (Regular Economy). Use those dates on United should reprice to $245 (Basic Economy) and $325 (Regular,https://www.theflightdeal.com/wp-content/uploads/2018/05/grand_cayman_may-640x390.jpg,2025-12-18T18:55:44Z,,"A good sale to the Cayman Islands
Matrix Airfare Search by ITA Software will price this at $325 (Regular Economy). Use those dates on United should reprice to $245 (Basic Economy) and $325 (Regular … [+4001 chars]",,en,'Cayman Islands'
339,https://oilprice.com/Energy/Energy-General/Russia-Falls-Further-Behind-in-the-Space-Race-as-Kazakhstan-Turns-to-China.html,0,oilprice.com,Russia Falls Further Behind in the Space Race as Kazakhstan Turns to China,The bell may be tolling for a long-standing Russian-Kazakh space program following the launch of a “nanosatellite” jointly developed by Kazakhstan and China and launched into orbit by a Chinese rocket. The launch of the Dier-5 spacecraft on December 13 placed…,https://d32r1sh890xpii.cloudfront.net/article/718x300/2025-12-17_0rbnxxllp8.jpg,2025-12-18T19:00:00Z,,"A transformer failure at the…
Trump Media &amp; Technology Group,…
European economic and energy assets…
Set us as your preferred Google source
By Eurasianet - Dec 18, 2025, 1:00 PM CSTThe bell ma… [+3316 chars]",,en,'Russia'
340,https://www.rt.com/news/629434-kolomoysky-zelensky-mindich-corruption/,0,www.rt.com,"The Oligarch Part 2: How one powerful man made Zelensky president, Ukraine his pocket state, and sent it to war",Read Full Article at RT.com,https://mf.b37mrtl.ru/files/2025.12/article/694441c785f54072d56c3f31.jpg,2025-12-18T20:10:07Z,,"This is the second part of RT's special investigation on Igor Kolomoysky. You can find Part 1 here to read about Kolomoysky's rise to the status of godfather of Ukrainian corruption, his involvement … [+24906 chars]",,en,'Belize'
341,https://www.breitbart.com/europe/2025/12/18/protesting-farmers-pelt-police-with-potatoes-over-anti-agri-eu-deal/,0,www.breitbart.com,Pictures: Farmers Pelt Police With Potatoes in Protest Against Agriculture-Destroying EU Trade Deal,"Police, who held a line at the very gate of the European Parliament in Brussels, Belgium were pelted with potatoes by angry farmers.
The post Pictures: Farmers Pelt Police With Potatoes in Protest Against Agriculture-Destroying EU Trade Deal appeared first on…",https://media.breitbart.com/media/2025/12/GettyImages-2251896890-e1766088555631-640x335.jpg,2025-12-18T20:16:27Z,,"Police, who held a line at the very gate of the European Parliament in Brussels, Belgium on Thursday were pelted with potatoes by angry farmers worried a new free trade deal will see their livelihood… [+4219 chars]",,en,'Belgium'
342,https://www.euractiv.com/news/kazakhstan-pushes-middle-corridor-upgrades-as-eus-delivery-gap-widens/,0,www.euractiv.com,Kazakhstan pushes ‘Middle Corridor’ upgrades as EU’s delivery gap widens [Advocacy Lab],"Kazakhstan is accelerating connectivity investments, while Brussels faces growing calls to turn strategy into delivery",https://www.euractiv.com/content/uploads/sites/2/2025/12/GettyImages-2248797575.jpg,2025-12-18T21:04:44Z,,"The Trans-Caspian International Transport Route (TITR), also known as the Middle Corridor, is touted as a vital link for a more resilient Europe and a more visible EU presence in Central Asia.
But w… [+5138 chars]",,en,'Kazakhstan'
343,https://www.pbs.org/newshour/world/eu-delays-massive-free-trade-deal-with-south-american-bloc-mercosur-amid-farmer-protests,0,www.pbs.org,EU delays massive free-trade deal with South American bloc Mercosur amid farmer protests,"The European Union is delaying a massive free-trade deal with South American countries after fiery protests by farmers and last-minute opposition by France and Italy threatened to derail the pact, seen by its backers as an important geopolitical move for both…",https://d3i6fh83elv35t.cloudfront.net/static/2025/12/2025-12-18T124410Z_1072735809_RC2ZIIA3Y12Z_RTRMADP_3_EU-SUMMIT-FARMERS-PROTEST-1024x684.jpg,2025-12-18T22:59:37Z,,BRUSSELS (AP) The European Union is delaying a massive free-trade deal with South American countries after fiery protests by farmers and last-minute opposition by France and Italy threatened to derai… [+6437 chars],,en,'France'
344,https://financialpost.com/pmn/business-pmn/japan-eyes-bigger-role-in-central-asia-with-first-leaders-summit,0,financialpost.com,Japan Eyes Bigger Role in Central Asia With First Leaders Summit,"Japan will host leaders from five Central Asian nations, convening the first summit at the highest level as the resource-rich region draws growing interest from global powers.",https://smartcdn.gprod.postmedia.digital/financialpost/wp-content/uploads/2025/12/projected-2025-growth-the-five-countries-economies-are-expa.jpg,2025-12-18T23:24:41Z,,"(Bloomberg) Japan will host leaders from five Central Asian nations, convening the first summit at the highest level as the resource-rich region draws growing interest from global powers.
THIS CONTE… [+5204 chars]",,en,'Japan'
345,https://punchng.com/port-decentralisation-is-non-negotiable/,0,punchng.com,Port decentralisation is non-negotiable,"Congestion at Lagos ports stifles Nigeria’s economy. Discover why port decentralisation is crucial for boosting maritime trade and national growth.

Read More: https://punchng.com/port-decentralisation-is-non-negotiable/",https://cdn.punchng.com/wp-content/uploads/2025/12/09205232/NPA-1200x630.jpg,2025-12-18T23:36:50Z,,"THE debate over the decentralisation of ports was rekindled recently when Adekoya Hassan, Senior Special Assistant to the Lagos State Governor on Transportation and Logistics, criticised the Nigerian… [+4711 chars]",,en,'Lome'
346,https://www.newser.com/story/380651/eu-delays-free-trade-deal-in-face-of-farmers-protests.html,0,www.newser.com,EU Delays Free-Trade Deal in Face of Farmers' Protests,"The European Union is delaying a massive free-trade deal with South American countries after fiery protests by farmers and last-minute opposition by France and Italy threatened to derail the pact, seen by its backers as an important geopolitical move for both…",https://img1-azrcdn.newser.com/image/1653592-12-20251218185502.jpeg,2025-12-19T00:25:00Z,,"The European Union is delaying a massive free-trade deal with South American countries after fiery protests by farmers and last-minute opposition by France and Italy threatened to derail the pact, se… [+1945 chars]",,en,'Italy'
347,https://www.aljazeera.com/news/2025/12/19/eu-delays-trade-deal-with-south-americas-mercosur-bloc-as-farmers-protest,0,www.aljazeera.com,EU delays trade deal with South America’s Mercosur bloc as farmers protest,EU delays Mercosur trade deal until January amid farmer protests and opposition from France and Italy.,https://www.aljazeera.com/wp-content/uploads/2025/12/2025-12-18T145839Z_768270177_RC2XIIAKSXDV_RTRMADP_3_EU-SUMMIT-FARMERS-PROTEST-1766107259.jpg?resize=1920%2C1440,2025-12-19T01:53:07Z,,The European Union has delayed a massive free-trade deal with South American countries amid protests by EU farmers and as last-minute opposition by France and Italy threatened to derail the agreement… [+3597 chars],,en,'France'
348,https://cointelegraph.com/news/how-cheap-power-turned-libya-into-a-bitcoin-mining-hotspot,0,cointelegraph.com,How cheap power turned Libya into a Bitcoin mining hotspot,Libya’s cheap power fueled a covert Bitcoin mining boom. This article explains how it began and why authorities are now cracking down.,"https://images.cointelegraph.com/cdn-cgi/image/format=auto,onerror=redirect,quality=90,width=1200/https://s3.cointelegraph.com/uploads/2025-12/019b34ee-d90d-71ff-94a1-7543dea11565.jpg",2025-12-19T04:51:34Z,,"Key takeaways
<ul><li>Libyas cheap, subsidized electricity made it profitable to run even older, inefficient Bitcoin miners.
</li><li>At its peak, Libya is estimated to have generated around 0.6% o… [+10541 chars]",,en,'Libya'
349,https://www.independent.ie/world-news/europe/lula-says-meloni-will-try-to-persuade-italy-to-accept-mercosur-deal/a1398415942.html,0,www.independent.ie,Lula says Meloni will try to persuade Italy to accept Mercosur deal,Odds the trade deal between the European Union and Mercosur will be signed in January appeared to improve slightly after a call between Brazil’s president Luiz Inacio Lula da Silva and Italian prime minister Giorgia Meloni.,https://focus.independent.ie/thumbor/_S-bTmzizGHKLifwSka3-FBsyic=/629x460/smart/prod-mh-ireland/0e1a85d9-1c7e-4913-b069-2c626856cbba/9e420ea5-e90a-4b9a-877b-634224d0bbda/S-PROTEST%20%2866%29.jpg,2025-12-19T05:30:00Z,,Odds the trade deal between the European Union and Mercosur will be signed in January appeared to improve slightly after a call between Brazils president Luiz Inacio Lula da Silva and Italian prime m… [+2311 chars],,en,'Brazil'
350,https://www.lifesciencesworld.com/is-the-amazon-reef-the-largest-coral-reef-in-the-world/,0,www.lifesciencesworld.com,Is the Amazon reef the largest coral reef in the world?,"Is the Amazon Reef the Largest Coral Reef in the World? The Amazon reef is extensive and significant, but is not the largest coral reef in the world. That title belongs to the Great Barrier Reef off the coast of Australia. The Discovery and Significance of th…",,2025-12-19T05:33:43Z,,"The Amazon reef is extensive and significant, but is not the largest coral reef in the world. That title belongs to the Great Barrier Reef off the coast of Australia.
The Discovery and Significance … [+8082 chars]",,en,'Australia'
351,https://finance.yahoo.com/news/analysis-debt-boom-signals-yuans-081307515.html,0,finance.yahoo.com,Analysis-Debt boom signals yuan's arrival as a funding currency,Attractive pricing is helping drive a sustained push by Beijing to put the yuan on the global stage dominated by the dollar.,https://media.zenfs.com/en/reuters.com/5785fc765f3ef5cedbc6b00901257846,2025-12-19T08:13:07Z,,"HONG KONG, Dec 19 (Reuters) - Investors are snapping up yuan credits and surging yuan lending is poised to overtake overseas dollar loans at Chinese banks as attractive pricing helps drive a sustaine… [+6237 chars]",,en,'Beijing'
352,https://www.bbc.com/news/articles/cjezpd95v71o,0,www.bbc.com,Fraught EU summit backs Ukraine but divisions are clear,EU leaders agreed to loan Ukraine €90bn to stay financially afloat for the next two years.,https://ichef.bbci.co.uk/news/1024/branded_news/9d26/live/bcbd52f0-dcb9-11f0-b67b-690eb873de1b.jpg,2025-12-19T09:44:56Z,,"After 17 hours of at times heated debate, EU leaders agreed in the early hours of Friday morning to jointly raise 90bn (£79bn; $105bn) in zero-interest loans to keep Ukraine financially afloat for th… [+2629 chars]",,en,'Russia'
353,https://www.nbcnews.com/news/us-news/australia-assemblies-god-church-rules-prevent-child-sex-abuse-rcna245711,0,www.nbcnews.com,Australia's Assemblies of God church imposed rules to prevent child sex abuse. Why won't the U.S.?,"The Assemblies of God, the largest Pentecostal denomination in the world, does not require its churches in the U.S. to adopt strict child safety rules.","https://media-cldnry.s-nbcnews.com/image/upload/t_nbcnews-fp-1200-630,f_auto,q_auto:best/rockcms/2025-12/251217-assemblies-of-god-australia-jg-d48b3e.jpg",2025-12-19T10:00:00Z,,"This article is part of Pastors and Prey, a series investigating sex abuse allegations in the Assemblies of God.
The policies sound simple: Mandatory reporting of suspected child abuse. Reference ch… [+11987 chars]",,en,'Nicaragua'
354,https://www.globalsecurity.org/military/library/news/2025/12/mil-251218-sputnik01.htm,0,www.globalsecurity.org,Qatar Stages Massive Military Parade Amid Tensions Following Israeli Strikes,"Qatar on Thursday held its first large-scale military parade in six years to mark National Day, commemorating the state's founding, showcasing military readiness following Israel's September strikes on its capital, a Sputnik correspondent reported.",,2025-12-19T10:25:52Z,,"Sputnik News
20251218
DOHA (Sputnik) - Qatar on Thursday held its first large-scale military parade in six years to mark National Day, commemorating the state's founding, showcasing military readin… [+2130 chars]",,en,'Qatar'
355,https://www.channelnewsasia.com/east-asia/japan-central-asia-natural-resources-sanae-takaichi-5651846,0,www.channelnewsasia.com,Japan PM Takaichi hosts first summit with Central Asia leaders,"TOKYO: Japan's Prime Minister Sanae Takaichi hosted an inaugural summit on Friday (Dec 19) with five Central Asia leaders, as Tokyo competes for influence in the resource-rich region.Takaichi is meeting with counterparts from Kazakhstan, Kyrgyzstan, Tajikista…","https://dam.mediacorp.sg/image/upload/s--UM1Sc9Me--/c_crop,h_1125,w_2000,x_0,y_122/c_fill,g_auto,h_676,w_1200/fl_relative,g_south_east,l_mediacorp:cna:watermark:2023-11:afp_watermark_14112023,w_0.1/f_auto,q_auto/v1/mediacorp/cna/image/2025/12/19/sanae_takaichi_meeting_2_mod.jpg?itok=oyHdbhwf",2025-12-19T10:46:31Z,,"During the summit, Takaichi and the five leaders are expected to establish an ""AI partnership"" framework, aiming to use technology to explore mineral deposits in undeveloped mines, the Nikkei Asia bu… [+1368 chars]",,en,'Kazakhstan'
356,https://www.catholicnewsagency.com/news/268523/top-2025-religious-freedom-developments-included-mix-of-persecution-protection,0,www.catholicnewsagency.com,"Top 2025 religious freedom developments included mix of persecution, protection","null / Credit: Joe Belanger/Shutterstock

Washington, D.C. Newsroom, Dec 19, 2025 / 06:00 am (CNA).
Here is an overview of some of the religious freedom developments and news in the United States and abroad in 2025:White House started the Religious Liberty Co…",https://www.catholicnewsagency.com/images/crossreligiousfreedom.jpg?jpg,2025-12-19T11:00:00Z,,"Washington, D.C. Newsroom, Dec 19, 2025 /
 06:00 am
Here is an overview of some of the religious freedom developments and news in the United States and abroad in 2025:
White House started the Reli… [+5623 chars]",,en,'Washington'
357,https://www.niemanlab.org/2025/12/exiled-journalisms-biggest-threat-is-something-more-mundane-than-censorship/,0,www.niemanlab.org,Exiled journalism’s biggest threat is something more mundane than censorship,"In the summer of 2021, when our newsroom in Afghanistan was forced to leave the country urgently and resettle across the United States and Canada, I believed that moving to free societies would bring safety and stability. I assumed that once we escaped censor…",https://www.niemanlab.org/images/faisal-karimi-2025.jpeg,2025-12-19T11:16:57Z,,"In the summer of 2021, when our newsroom in Afghanistan was forced to leave the country urgently and resettle across the United States and Canada, I believed that moving to free societies would bring… [+5916 chars]",,en,'Afghanistan'
358,https://www.nakedcapitalism.com/?p=302820,0,www.nakedcapitalism.com,Links 12/19/2025,"Our labyrinthine daily links, including EU joint debt to fund Ukraine, Trump goes nuclear, forecasting a 'Gen Z' spring, and chonky cats.",https://www.nakedcapitalism.com/wp-content/uploads/2025/12/Screenshot-2025-12-18-at-8.37.27 PM-1024x496.png,2025-12-19T11:55:20Z,,"The Ozempic Revolution is Finally Coming for Our Pets. Up next: Chonky Cats ZME Science
How getting richer made teenagers less free Kelsey Piper
Magical galaxy frogs disappear after reports of phot… [+8358 chars]",,en,'Kazakhstan'
359,https://www.globenewswire.com/news-release/2025/12/19/3208442/0/en/VEON-s-Mobilink-Microfinance-Bank-Launches-Islamic-Banking-Operations-in-Pakistan.html,0,www.globenewswire.com,VEON’s Mobilink Microfinance Bank Launches Islamic Banking Operations in Pakistan,"Dubai and Islamabad, December 19, 2025 – VEON Ltd. (Nasdaq: VEON), a global digital operator, announced today that its financial services subsidiary, Mobilink Microfinance Bank Ltd., has launched Islamic banking operations in Pakistan, expanding access to Sha…",https://ml-eu.globenewswire.com/Resource/Download/b2ec2120-81f7-4710-97d1-bf1cbe5abe73,2025-12-19T13:00:00Z,,"Dubai and Islamabad, December 19, 2025 VEON Ltd. (Nasdaq: VEON), a global digital operator, announced today that its financial services subsidiary, Mobilink Microfinance Bank Ltd., has launched Islam… [+4563 chars]",,en,'Pakistan'
360,https://www.antiwar.com/blog/2025/12/19/no-best-case-scenario-the-likely-outcomes-of-war-in-venezuela/,0,www.antiwar.com,No Best-Case Scenario: The Likely Outcomes of War in Venezuela,"In a sordid slime harmonious Greed was born in yonder ditch, With a longing in his bosom – and for others’ goods an itch. As Christ died to make men holy, let men die to make us rich – Our god is marching on. The Battle Hymn of the Republic, Updated ~ Mark Tw…",https://d27srd8s9736cr.cloudfront.net/2025/12/war-on-venezuela-1.jpg,2025-12-19T13:16:19Z,,"In a sordid slime harmonious Greed was born in yonder ditch,With a longing in his bosom and for others goods an itch.As Christ died to make men holy, let men die to make us rich Our god is marching o… [+6128 chars]",,en,'Venezuela'
361,https://www.foxnews.com/politics/dhs-rips-dem-run-county-after-illegal-immigrant-murderer-released-blood-hands,0,www.foxnews.com,DHS rips Dem-run county after illegal immigrant murderer released: 'Blood on their hands',"An illegal immigrant from El Salvador with a lengthy criminal record was freed after Fairfax prosecutors dropped charges, then he allegedly killed a man in his Northern Virginia home the very next day.",https://static.foxnews.com/foxnews.com/content/uploads/2025/12/fairfax-illegal-immigrant-murder-2.jpg,2025-12-19T13:22:34Z,,"The Trump administration says ""sanctuary politicians"" in Northern Virginia ""have blood on their hands"" after an illegal immigrant with a lengthy criminal history was released by police and allegedly … [+4875 chars]",,en,'Nicaragua'
362,https://www.globenewswire.com/news-release/2025/12/19/3208491/0/en/Toobit-Celebrates-the-Holidays-with-1M-Christmas-Trading-Showdown.html,0,www.globenewswire.com,Toobit Celebrates the Holidays with $1M Christmas Trading Showdown,"GEORGE TOWN, Cayman Islands, Dec. 19, 2025 (GLOBE NEWSWIRE) -- Toobit, the award-winning global cryptocurrency exchange, today announces the launch of the Christmas Trading Showdown, a holiday campaign with a total prize pool exceeding $1,000,000.",https://ml.globenewswire.com/Resource/Download/52b556ae-0c1f-414f-94d2-603f7debb9cc,2025-12-19T13:42:00Z,,"GEORGE TOWN, Cayman Islands, Dec. 19, 2025 (GLOBE NEWSWIRE) -- Toobit, the award-winning global cryptocurrency exchange, today announces the launch of the Christmas Trading Showdown, a holiday campai… [+4955 chars]",,en,'Cayman Islands'
363,https://whyevolutionistrue.com/2025/12/19/readers-wildlife-photos-2505/,0,whyevolutionistrue.com,Readers’ wildlife photos,"Ecologist Susan Harrison contributed another batch of photos from her visit to Belize (see part 1 here). The IDs and her captions are indented below, and you can enlarge the photos by clicking on them. Belize – Birds of the Mennonite Farmlands Diverse agricul…",https://whyevolutionistrue.com/wp-content/uploads/2025/12/1.-Tractor-720x480.jpg,2025-12-19T14:25:03Z,,"Ecologist Susan Harrison contributed another batch of photos from her visit to Belize (see part 1 here). The IDs and her captions are indented below, and you can enlarge the photos by clicking on the… [+1773 chars]",,en,'Belize'
364,https://www.globalresearch.ca/kazakhstan-placed-itself-irreversible-collision-course-russia/5909775,0,www.globalresearch.ca,Kazakhstan on an Irreversible Collision Course with Russia?,"The production of NATO-standard shells hints that Kazakhstan plans to follow in Azerbaijan’s footsteps by having its armed forces conform with the bloc’s standards ahead of what its leadership might have been duped by the West to believe will be …
The post Ka…",https://www.globalresearch.ca/wp-content/uploads/2025/12/kazakhstan-russia.jpeg,2025-12-19T18:39:58Z,,The production of NATO-standard shells hints that Kazakhstan plans to follow in Azerbaijans footsteps by having its armed forces conform with the blocs standards ahead of what its leadership might ha… [+8995 chars],,en,'Kazakhstan'
365,https://www.aljazeera.com/news/2025/12/19/greece-rescues-more-than-500-asylum-seekers-off-coast-of-crete,0,www.aljazeera.com,Greece rescues more than 500 asylum seekers off coast of Crete,Greek coastguard says nearly 540 people will have their asylum claims processed after rescue south of the island.,https://www.aljazeera.com/wp-content/uploads/2025/12/2025-12-19T153808Z_1981350513_RC2PJIAI9KTQ_RTRMADP_3_MIGRATION-GREECE-1766178743.jpg?resize=1920%2C1440,2025-12-19T21:54:28Z,,"Nearly 540 asylum seekers have been rescued from a fishing boat south of the island of Crete, Greeces coastguard says.
The people were found some 16 nautical miles (29.6km) off Gavdos during a Greek… [+1996 chars]",,en,'Eritrea'
366,https://japantoday.com/category/world/four-died-in-ice-custody-this-week-as-2025-deaths-reach-20-year-high,0,japantoday.com,Four die in ICE custody this week as 2025 deaths reach 20-year high,"Four immigrants died in U.S. Immigration and Customs Enforcement ‌custody in the past week, according to the agency, as deaths in 2025 reached a two-decade high. The four detainees, from Haiti, Nicaragua, ⁠Eritrea and Bulgaria, died between December 12 ‍and 1…",,2025-12-19T21:59:45Z,,"Four immigrants died in U.S. Immigration and Customs Enforcement custody in the past week, according to the agency, as deaths in 2025 reached a two-decade high.
The four detainees, from Haiti, Nicar… [+1644 chars]",,en,'Bulgaria'
367,https://financialpost.com/pmn/business-wire-news-releases-pmn/mineros-resolves-tax-dispute-with-nicaraguan-tax-authorities,0,financialpost.com,Mineros Resolves Tax Dispute With Nicaraguan Tax Authorities,"(all amounts are expressed in U.S. dollars) MEDELLÍN, Colombia — Mineros S.A. (TSX: MSA, OTCQX: MNSAF, BVC: MINEROS) (“Mineros” or the “Company”) announces that today, after consulting with its legal and tax advisors, it has determined to resolve a tax disput…",,2025-12-19T22:11:03Z,,"(all amounts are expressed in U.S. dollars)
THIS CONTENT IS RESERVED FOR SUBSCRIBERS ONLY
Subscribe now to read the latest news in your city and across Canada.
<ul><li>Exclusive articles from Barb… [+6949 chars]",,en,'Colombia'
368,https://economictimes.indiatimes.com/industry/services/travel/indian-travellers-chase-offbeat-global-destinations-antarctica-tops-bucket-lists/articleshow/126084084.cms,0,economictimes.indiatimes.com,"Indian travellers chase offbeat global destinations, Antarctica tops bucket lists","Indian travellers are broadening their itineraries, venturing beyond the usual hotspots. The allure of Antarctic cruises is rising, drawing adventurous souls eager for the icy wilderness. South Korea is captivating wanderers, thanks to the global influence of…","https://img.etimg.com/thumb/msid-126084091,width-1200,height-630,imgsize-81324,overlay-economictimes/articleshow.jpg",2025-12-20T00:30:00Z,,NEW DELHI: Antarctica the icecovered edge of the world where only scientists and explorers ventured till recently is attracting a rising number of Indian travellers as they look beyond familiar hotsp… [+4644 chars],,en,'Antarctica'
369,https://www.contemporist.com/this-island-home-was-built-to-bring-everyone-together/#article,0,www.contemporist.com,This Island Home was Built to Bring Everyone Together,"Designed by The Ranch Mine with interiors by Designs by MB, this oceanfront home in San Pedro, Belize was created for connection. Built for a retired inventor and an interior designer, the house was planned as a place to gather, cook, swim, and stay for weeks…",https://www.contemporist.com/wp-content/uploads/2025/12/island-home-bathroom-design-201225-1031-01.jpg,2025-12-20T02:58:55Z,,"Designed by The Ranch Mine with interiors by Designs by MB, this oceanfront home in San Pedro, Belize was created for connection. Built for a retired inventor and an interior designer, the house was … [+5188 chars]",,en,'Belize'
370,https://www.trend.az/business/4132441.html,0,www.trend.az,Kazakhstan proposes joint research platform on sustainable agriculture with Japan,Kazakhstan proposes joint research platform on sustainable agriculture with Japantrend.az,https://www.trend.az/media/2025/09/23/agriculture.jpg,2025-12-20T06:13:51Z,,"ASTANA, Kazakhstan, December 20. President
Kassym-Jomart Tokayev has proposed the creation of a joint Research
Platform in Sustainable Agriculture with Japanese participation
during the Central As… [+1636 chars]",,en,'Japan'
371,https://japantoday.com/category/politics/japan-sets-19-billion-business-target-in-central-asia,0,japantoday.com,Japan sets $19 billion business target in Central Asia,Japan unveiled a five-year goal on Saturday for business projects totalling $19 billion in Central Asia as Tokyo vies for influence in the resource-rich region. The announcement came after Prime Minister Sanae Takaichi hosted an inaugural summit with the lead…,,2025-12-20T07:26:01Z,,"Japan unveiled a five-year goal on Saturday for business projects totalling $19 billion in Central Asia as Tokyo vies for influence in the resource-rich region.
The announcement came after Prime Min… [+2504 chars]",,en,'Tokyo'
372,https://www.businessinsider.com/ukraine-drone-schools-stay-off-russia-radar-2025-12,0,www.businessinsider.com,"Under threat, Ukraine’s drone schools are going to great lengths to stay off Russia's radar",The Ukrainian drone schools training operators for the fight with Russia take safety steps like giving staff polygraph tests and hiding.,https://i.insider.com/6942af5e64858d02d216f0fb?width=1200&format=jpeg,2025-12-20T12:48:01Z,,"Ukraine's drone operators are key to its fight against Russia's invasion.PETRO ZADOROZHNYY / AFP
<ul><li>Drone schools in Ukraine are training operators for the fight against Russia.</li><li>Three s… [+4693 chars]",,en,'Ukraine'
373,https://www.bbc.com/sport/cricket/articles/cm20d0nle64o,0,www.bbc.com,'I put my hands up' - McCullum admits Ashes mistakes,Coach Brendon McCullum accepts England may have made mistakes with their Ashes preparation after their series defeat was confirmed in Adelaide.,https://ichef.bbci.co.uk/ace/branded_sport/1200/cpsprodpb/87b5/live/9b173790-de2d-11f0-a88a-bd36c3297dfb.jpg,2025-12-21T05:46:14Z,http://web.archive.org/web/20251222024335/https://www.bbc.com/sport/cricket/articles/cm20d0nle64o,"After losing the first Test in Perth in two days, England also decided against sending their first XI players to Canberra to play in a pink-ball practice match before the day-night second Test and in… [+1619 chars]",,en,'England'
374,https://original.antiwar.com/david_stockman/2025/12/21/how-washingtons-syrian-caper-debunks-the-case-for-empire/,0,original.antiwar.com,How Washington’s Syrian Caper Debunks the Case for Empire,"Sometimes a microcosm sheds a powerful light on large-scale macro issues. That was surely the case with respect to last weekend’s news that five US military personnel were involved in an ambush in Syria, which resulted in three deaths and three wounded. The i…",https://original.antiwar.com/wp-content/uploads/https://dyn3qbr4ue2vr.cloudfront.net/2025/12/FireShot-Pro-Webpage-Screenshot-3947-syria-post-assad.webp,2025-12-22T00:00:32Z,,Sometimes a microcosm sheds a powerful light on large-scale macro issues. That was surely the case with respect to last weekends news that five US military personnel were involved in an ambush in Syr… [+18028 chars],,en,'Syria'
375,https://github.com/hoqqun/nanji,0,github.com,Show HN: Nanji – A minimal Rust CLI for timezone conversion,"Article URL: https://github.com/hoqqun/nanji
Comments URL: https://news.ycombinator.com/item?id=46350241
Points: 1
# Comments: 1",https://opengraph.githubassets.com/35890abec289fced996ac525e287b334952a471a2f5e614c4ccfea909719f104/hoqqun/nanji,2025-12-22T00:58:03Z,,"nanji (meaning what time is it? in Japanese) is a lightweight Rust-based CLI toolthat displays the current time across multiple world cities such as Tokyo, Dallas, and London.
Its simple, fast, and … [+14889 chars]",,en,'London'
376,https://economictimes.indiatimes.com/magazines/panache/food-fables-can-tax-evasion-promote-snail-consumption-in-india/articleshow/126115785.cms,0,economictimes.indiatimes.com,Food Fables : Can tax evasion promote snail consumption in India?,"Giant African Land Snails, a destructive invasive species, are appearing in Goan fields. While a problem elsewhere, invasivorism, or eating invasive species, could be a solution for Goa, which has a tradition of consuming local snails. This practice, though n…","https://img.etimg.com/thumb/msid-126115925,width-1200,height-630,imgsize-82296,overlay-etpanache/articleshow.jpg",2025-12-22T06:20:27Z,,"Goan farmers are finding Giant African Land Snails in their fields. They are already a problem for crops in Karnataka and Kerala and, globally, are recognised as a destructive invasive species, usual… [+3704 chars]",,en,'India'
377,https://www.just-food.com/news/gracekennedy-jamaica-fonterra-jv-buyout/,0,www.just-food.com,GraceKennedy to buy out Fonterra from local dairy JV,Jamaican conglomerate GraceKennedy has signed an agreement to acquire Fonterra’s shareholding in the equally split joint venture Dairy Industries (Jamaica). ...,https://s.yimg.com/ny/api/res/1.2/M76jjovqciOJh6O8ufNUiw--/YXBwaWQ9aGlnaGxhbmRlcjt3PTEyMDA7aD02NzU-/https://media.zenfs.com/en/just_food_692/2cffb8f3f92c39894b1664bba8883347,2025-12-22T10:26:16Z,,"Jamaican conglomerate GraceKennedy has signed an agreement to acquire Fonterras shareholding in the equally split joint venture Dairy Industries (Jamaica).
GraceKennedy Group, which operates in food… [+2415 chars]",,en,'Jamaica'
378,https://www.globenewswire.com/news-release/2025/12/22/3209069/0/en/DT-Cloud-Star-Acquisition-Corporation-Announces-Cancellation-of-Extraordinary-General-Meeting.html,0,www.globenewswire.com,DT Cloud Star Acquisition Corporation Announces Cancellation of Extraordinary General Meeting,"New York, New York, Dec. 22, 2025 (GLOBE NEWSWIRE) -- DT Cloud Star Acquisition Corporation (Nasdaq: DTSQU, DTSQ, DTSQR) (the “Company”), a newly organized blank check company incorporated in the Cayman Islands as a business company, today announced that it h…",https://ml.globenewswire.com/Resource/Download/61c3677a-74af-4391-897e-64e82daff4df,2025-12-22T11:30:00Z,,"New York, New York, Dec. 22, 2025 (GLOBE NEWSWIRE) -- DT Cloud Star Acquisition Corporation (Nasdaq: DTSQU, DTSQ, DTSQR) (the Company), a newly organized blank check company incorporated in the Cayma… [+4032 chars]",,en,'Cayman Islands'
379,https://www.gov.uk/government/news/uk-and-belize-work-together-to-strengthen-community-led-fisheries-management,0,www.gov.uk,UK and Belize work together to strengthen community-led fisheries management,"The UK's Marine Management Organisation, is working with the Belize government to protect marine ecosystems, through the Ocean Country Partnership Programme (OCPP).",https://www.gov.uk/assets/frontend/govuk-opengraph-image-4196a4d6333cf92aaf720047f56cfd91b3532d7635fc21ebcf0d5897df6b5f77.png,2025-12-22T15:19:21Z,,"A team from the UKs Marine Management Organisation (MMO), is working in close partnership with Belize Fisheries Department, Ministry of Blue Economy &amp; Marine Conservation to engage with local fis… [+4078 chars]",,en,'UK'
380,https://gizmodo.com/russia-is-developing-orbiting-clouds-of-shrapnel-to-take-down-starlinks-nato-suspects-2000702532,0,gizmodo.com,"Russia Is Developing Orbiting Clouds of Shrapnel to Take Down Starlinks, NATO Suspects","The intelligence findings are alarming, but some space security experts aren’t convinced Russia would take such a misguided risk.",https://gizmodo.com/app/uploads/2025/12/venus-and-starlinks-1200x675.jpg,2025-12-22T16:50:38Z,,"Of the more than 14,000 active satellites in low-Earth orbit today, roughly two-thirds belong to Elon Musks Starlink. Governments worldwideincluding the United Statesdepend on these satellites for re… [+4305 chars]",,en,'China'
381,https://press.un.org/en/2025/db251222.doc.htm,0,press.un.org,Daily Press Briefing by the Office of the Spokesperson for the Secretary-General,"Authorities in Somalia estimate that more than 4.6 million people — a quarter of the population — are being impacted by drought. UN partners indicate that at least 120,000 people were displaced between September and December, as water prices soar, food become…",,2025-12-22T22:36:51Z,,"The following is a near-verbatim transcript of todays briefing by Stéphane Dujarric, Spokesman for the Secretary-General.
**Scheduling
All right.  First the good news [] Well, the good news is that… [+26309 chars]",,en,'Dili'
382,https://www.bbc.com/news/articles/c2084nq2npjo,0,www.bbc.com,Trump unveils plans for 'Golden Fleet' battleships named after himself,The US president has vowed to revive American shipbuilding after lagging behind China in naval capacity.,https://ichef.bbci.co.uk/news/1024/branded_news/ff85/live/c94254d0-df84-11f0-b89f-11674143d4d8.jpg,2025-12-23T00:36:38Z,,"Bernd Debusmann Jrat Mar-a-Lago
Watch: Trump announces new class of Navy battleships
President Donald Trump has announced that the US will commission a new series of heavily armed Navy ""battleships… [+3861 chars]",,en,'China'
383,https://www.bbc.com/news/articles/cr4d99p63y4o,0,www.bbc.com,Three dead after Russia launches 'massive' attack across Ukraine,Several regions are without power after missile and drone strikes targeted several cities.,https://ichef.bbci.co.uk/news/1024/branded_news/2a2b/live/a2f21fc0-dfef-11f0-aae2-2191c0e48a3b.jpg,2025-12-23T12:48:21Z,http://web.archive.org/web/20251224033632/https://www.bbc.com/news/articles/cr4d99p63y4o,"Watch: BBC correspondent at the scene of Kyiv drone attack
Russia launched a ""massive"" attack on several Ukrainian cities overnight on Monday, President Volodymyr Zelensky has said, a day after he w… [+4069 chars]",,en,'Russia'
384,https://www.globenewswire.com/news-release/2025/12/23/3209942/0/en/Toobit-Announces-150-000-Event-Contracts-Campaign-with-Guaranteed-Loss-Compensation.html,0,www.globenewswire.com,"Toobit Announces $150,000 Event Contracts Campaign with Guaranteed Loss Compensation","GEORGE TOWN, Cayman Islands, Dec. 23, 2025 (GLOBE NEWSWIRE) -- Toobit, the award-winning global cryptocurrency exchange, today announces the launch of On the Horizon, a trading campaign centered on Event Contracts.",https://ml.globenewswire.com/Resource/Download/52b556ae-0c1f-414f-94d2-603f7debb9cc,2025-12-23T14:06:00Z,,"GEORGE TOWN, Cayman Islands, Dec. 23, 2025 (GLOBE NEWSWIRE) -- Toobit, the award-winning global cryptocurrency exchange, today announces the launch of On the Horizon, a trading campaign centered on E… [+4616 chars]",,en,'Cayman Islands'
385,https://www.globenewswire.com/news-release/2025/12/23/3209966/0/en/Westin-Acquisition-Corp-Announces-the-Separate-Trading-of-its-Class-A-Ordinary-Shares-and-Rights.html,0,www.globenewswire.com,Westin Acquisition Corp Announces the Separate Trading of its Class A Ordinary Shares and Rights,"New York, NY, Dec. 23, 2025 (GLOBE NEWSWIRE) -- Westin Acquisition Corp (NASDAQ: WSTNU, the “Company”), a Cayman Islands exempted company, announced that holders of its 5,750,000 units sold in the Company’s initial public offering may elect to separately trad…",,2025-12-23T14:40:00Z,,"New York, NY, Dec. 23, 2025 (GLOBE NEWSWIRE) -- Westin Acquisition Corp (NASDAQ: WSTNU, the Company), a Cayman Islands exempted company, announced that holders of its 5,750,000 units sold in the Comp… [+2074 chars]",,en,'Cayman Islands'
386,https://dailyhodl.com/2025/12/23/thorchain-launches-native-cross-chain-swap-interface-in-public-beta/,0,dailyhodl.com,THORChain Launches Native Cross-Chain Swap Interface in Public Beta,"George Town, Cayman Islands, 23rd December 2025, Chainwire
The post THORChain Launches Native Cross-Chain Swap Interface in Public Beta appeared first on The Daily Hodl.","https://dailyhodl.com/wp-content/uploads/2025/12/THORChain_Swap_Interface_1766463557RiGG9aRBQx.jpg?resize=1200,720",2025-12-23T15:30:11Z,,"December 23rd, 2025 George Town, Cayman Islands
First-of-its-kind DEX eliminates wrapped tokens and centralized exchanges, enabling direct native asset swaps across multiple blockchains
THORChain a… [+3693 chars]",,en,'Cayman Islands'
387,https://www.bbc.com/news/articles/c9d9wg2pwl1o,0,www.bbc.com,"Latest peace plan offers possible withdrawal from east Ukraine, Zelensky says","On the key question of Ukraine's eastern Donbas, Zelensky says a ""free economic zone"" was a potential option.",https://ichef.bbci.co.uk/news/1024/branded_news/40df/live/1a904fa0-e0ab-11f0-8516-3db1ae351283.jpg,2025-12-24T09:44:42Z,http://web.archive.org/web/20251227204353/https://www.bbc.com/news/articles/c9d9wg2pwl1o,"Ukraine's President Volodymyr Zelensky has given details of an updated peace plan that offers Russia the potential withdrawal of Ukrainian troops from the east that Moscow has demanded.
Giving detai… [+1709 chars]",,en,'Ukraine'
388,https://www.bbc.com/news/articles/cd749gqgg11o,0,www.bbc.com,Venezuela accuses US of 'extortion' over seizure of oil tankers,An emergency meeting of the UN Security Council was called to discuss the US seizure of two tankers.,https://ichef.bbci.co.uk/news/1024/branded_news/db3b/live/c8da8940-e0ab-11f0-8516-3db1ae351283.jpg,2025-12-24T09:46:14Z,,"Venezuela has accused the United States of the ""greatest extortion"" at an emergency session of the UN Security Council in New York. 
Washington's seizure of two Venezuelan oil tankers was ""worse tha… [+2865 chars]",,en,'Venezuela'
389,https://republica.com/politica/washington-puts-belizean-authorities-ports-and-free-zones-under-scrutiny-2025122412320,0,republica.com,"Washington puts Belizean authorities, ports and free zones under scrutiny","Belize has moved higher on Washington’s political and security agenda. High-level meetings, growing concern over ports and banking governance, and a scandal linked to Prime Minister John Briceño are shaping U.S. risk assessments. For American officials, trans…",https://cdn.republica.com/122025/1766601326572.jpg?&cw=600&ch=365,2025-12-24T18:32:00Z,,"Washington puts Belizean authorities, ports and free zones under scrutiny",,en,'Washington'
390,https://www.bbc.com/news/articles/ce8nep787pyo,0,www.bbc.com,Waterskiing Santas and giant cuts of meat: Christmas around the world,"From London to Bethlehem, services and festivities to mark the holiday cheer are in full swing.",https://ichef.bbci.co.uk/news/1024/branded_news/4671/live/6b0b5c90-e12d-11f0-b67b-690eb873de1b.jpg,2025-12-25T01:32:22Z,,"From skiing Santas in the US and Mass with Pope Leo XIV at the Vatican, to giant cuts of meat being thrown into crowds in London, Christmas celebrations around the world are in full swing.
Worshippe… [+280 chars]",,en,'China'
391,https://www.lifesciencesworld.com/what-are-the-2-largest-reefs-in-the-world/,0,www.lifesciencesworld.com,What are the 2 largest reefs in the world?,What are the 2 Largest Reefs in the World? Exploring Underwater Giants The largest reef in the world is the Great Barrier Reef in Australia. The second largest reef system is the Mesoamerican Barrier Reef System in Central America. Introduction to the Underwa…,,2025-12-25T06:50:09Z,,"What are the 2 Largest Reefs in the World? Exploring Underwater Giants
The largest reef in the world is the Great Barrier Reef in Australia. The second largest reef system is the Mesoamerican Barrie… [+10116 chars]",,en,'Belize'
392,https://mondoweiss.net/2025/12/yalla-yalla-abya-yala-the-history-and-future-of-latin-americas-engagement-on-palestine/,0,mondoweiss.net,"Yalla, Yalla, Abya Yala: The history and future of Latin America’s engagement on Palestine","The people of the world, especially those in the Global South, must move beyond symbolic support to take concrete actions, such as grassroots organizing, BDS, and South–South solidarity, to end Israel’s settler-colonial project.",https://mondoweiss.net/wp-content/uploads/2025/12/LatinAPalestineV2-scaled.jpg,2025-12-25T18:43:12Z,http://web.archive.org/web/20251226081755/https://mondoweiss.net/2025/12/yalla-yalla-abya-yala-the-history-and-future-of-latin-americas-engagement-on-palestine/,"The following is the first in a series of articles co-published by Mondoweiss and the Transnational Institute that places Palestine in the long trajectory of anti-colonial struggles.
I wrote this ar… [+84445 chars]",,en,'Belize'
393,https://www.bbc.com/news/articles/cd6x75x4j02o,0,www.bbc.com,India's solar boom faces a hidden waste problem,A recent study has found that India will generate over 11 million tonnes of solar waste by 2047 if it does not scale up recycling.,https://ichef.bbci.co.uk/news/1024/branded_news/69d0/live/12bfde50-d64f-11f0-a892-01d657345866.jpg,2025-12-25T23:11:20Z,http://web.archive.org/web/20251226160217/https://www.bbc.com/news/articles/cd6x75x4j02o,"India gets plenty of sunlight throughout the year, which makes solar power highly efficient
India's rapid solar energy expansion is widely hailed as a success. But without a plan to manage the waste… [+4569 chars]",,en,'China'
394,https://www.bbc.com/news/articles/c623rvzjjd2o,0,www.bbc.com,Should a top Russian archaeologist face trial for digging in occupied Crimea?,The case of a scholar wanted in Ukraine sparked a debate on the relationship between museums and the Russian state.,https://ichef.bbci.co.uk/news/1024/branded_news/097f/live/82c3aba0-da91-11f0-a935-a596470f30cd.jpg,2025-12-26T01:44:24Z,,"Grigor Atanesian &amp; Investigations TeamBBC News Russian
A selfie taken by Alexander Butyagin earlier this year at an ancient site in Crimea
A Russian archaeologist detained in Poland is at the c… [+5910 chars]",,en,'Ukraine'
395,https://www.bbc.com/news/articles/cp8zg25p26zo,0,www.bbc.com,Zelensky plans to meet Trump on Sunday for talks on ending Russian war,The Ukrainian leader says he will see the US president in Florida to discuss a US plan aimed at ending Russia's war.,https://ichef.bbci.co.uk/news/1024/branded_news/7da5/live/70bfb750-e257-11f0-adaa-4b49d24d5c3b.jpg,2025-12-26T14:21:38Z,http://web.archive.org/web/20251227060446/https://www.bbc.com/news/articles/cp8zg25p26zo,"Ukraine's president last met President Donald Trump at the White House in October
Ukrainian President Volodymyr Zelensky has said he will meet US President Donald Trump in Florida at the weekend, as… [+4566 chars]",,en,'Russia'
396,https://dpa-international.com/politics/urn:newsml:dpa.com:20090101:251227-99-17652/,0,dpa-international.com,Russia launches overnight missile strikes across Ukraine,"Russian forces launched another wave of missile strikes across Ukraine overnight, targeting several regions including Chernihiv, Mykolaiv, Kharkiv and...",https://media.zenfs.com/en/dpa_international_526/d1ba1c4108be004d1abd5e0a4fe2b9e1,2025-12-27T07:10:25Z,,"Russian forces launched another wave of missile strikes across Ukraine overnight, targeting several regions including Chernihiv, Mykolaiv, Kharkiv and Zhytomyr, the Ukrainian Air Force said on Saturd… [+677 chars]",,en,'Russia'
