index,url,valid,domain,title,description,image,published,archive,content,quote,language,keyword
0,https://www.businessinsider.com/texas-chicken-china-debut-long-lines-queue-sitting-offers-2026-9#article,0,www.businessinsider.com,Church's Texas Chicken's China debut drew 2-hour lines — and $22 offers to wait in them,"Church's Texas Chicken is betting big on China, with plans to develop at least 600 restaurants across the country over the next several years.",https://i.insider.com/6a9647513f7df8787cff5cc1?width=1200&format=jpeg,2026-09-01T05:31:01Z,http://web.archive.org/web/20260907015058/https://www.businessinsider.com/texas-chicken-china-debut-long-lines-queue-sitting-offers-2026-9,"Church's Texas Chicken plans to develop at least 600 restaurants across China.Ying Tang/NurPhoto/Getty Images
<ul><li>Church's Texas Chicken's first mainland China store drew two-hour lines despite … [+2573 chars]",,en,'China'
1,https://www.businessinsider.com/russia-surged-high-speed-jet-powered-shahed-drone-5x-month-2026-9#article,0,www.businessinsider.com,"Russia surged high-speed jet-powered Shahed attacks by 5 times in a single month, Ukraine's air force said","The faster, high-flying drones are difficult, if not impossible, for most Ukrainian interceptor drones to catch, posing a new crisis for Kyiv.",https://i.insider.com/6a96585679f11f0a89f93236?width=1200&format=jpeg,2026-09-01T05:39:34Z,http://web.archive.org/web/20260903025250/https://www.businessinsider.com/russia-surged-high-speed-jet-powered-shahed-drone-5x-month-2026-9,"Russia has been surging its use of Geran-3 and Geran-4 jet-powered drones.Miia Kliushnykova/Gwara Media/Global Images Ukraine via Getty Images
<ul><li>Ukraine says Russia increased jet-powered Shahe… [+3624 chars]",,en,'Ukraine'
2,https://www.scientificamerican.com/article/nepals-deadly-debris-avalanche-is-a-warning-for-the-rest-of-the-world/,0,www.scientificamerican.com,Nepal’s deadly debris avalanche is a warning for the rest of the world,Avalanches like the one that devastated parts of Nepal and Tibet are becoming more common thanks to climate change. Here’s where else is at risk,https://static.scientificamerican.com/dam/asset/965a000c-9bc2-412c-811f-e0d450ceb4f9/nepal-floods.jpg?m=1788286593.658&w=1200,2026-09-01T05:49:00Z,,"The death toll from the catastrophic floods that swept through parts of Nepal and Tibet last week has risen beyond 1,000 people, while thousands of people remain missing. Among them are hundreds of w… [+3733 chars]",,en,'Tibet'
3,https://www.naturalnews.com/2026-09-01-akhmetovs-rise-influence-chronicle-ukraines-wealthiest-figure.html,0,www.naturalnews.com,Akhmetov’s Rise and Influence: A Chronicle of Ukraine’s Wealthiest Figure,"Rinat Akhmetov, Ukraine’s wealthiest man with an estimated fortune of $8 billion, has maintained his influence through decades of political upheaval and conflict, according to a recent investigative report by RT. The report details his rise through connection…",https://www.naturalnews.com/wp-content/uploads/sites/91/2026/09/rinat-akhmetov-ukraine-oligarchs-donetsk-clan-3781-original.jpg,2026-09-01T06:00:00Z,http://web.archive.org/web/20260902070734/https://www.naturalnews.com/2026-09-01-akhmetovs-rise-influence-chronicle-ukraines-wealthiest-figure.html,"Rinat Akhmetov, Ukraine's wealthiest man with an estimated fortune of $8 billion, has maintained his influence through decades of political upheaval and conflict, according to a recent investigative … [+6396 chars]",,en,'Ukraine'
4,https://www.naturalnews.com/2026-09-01-vips-memo-warns-intelligence-assessments-russia-flawed.html,0,www.naturalnews.com,VIPS Memo to Trump Warns Intelligence Assessments on Russia May Be Flawed,"Intelligence Veterans Caution President on Russia Assessment A group of retired intelligence and military officers issued a memorandum to President Donald Trump on Aug. 28, 2026, warning that current U.S. intelligence assessments describing Russia’s position …",https://www.naturalnews.com/wp-content/uploads/sites/91/2026/09/vips-intelligence-assessments-russia-ukraine-war-3752-original.jpg,2026-09-01T06:00:00Z,http://web.archive.org/web/20260902032305/https://www.naturalnews.com/2026-09-01-vips-memo-warns-intelligence-assessments-russia-flawed.html,"Intelligence Veterans Caution President on Russia Assessment
A group of retired intelligence and military officers issued a memorandum to President Donald Trump on Aug. 28, 2026, warning that curren… [+5455 chars]",,en,'Russia'
5,https://www.bbc.co.uk/news/articles/cx2zmdgry3do,0,www.bbc.co.uk,Russian strike hits rail workers in new deadly attacks on Kyiv,"Ukrainian officials say 17 people, including two children, were injured in the capital and the wider region.",https://ichef.bbci.co.uk/ace/branded_news/1200/cpsprodpb/c4c8/live/843727a0-a5ca-11f1-8543-aba44f51f79c.png,2026-09-01T06:07:55Z,,"At least 12 people have been killed and 17 injured, including two children, in overnight Russian strikes on Ukraine's capital Kyiv and the wider region, local officials say.
In Kyiv, six of the eigh… [+728 chars]",,en,'Kyiv'
6,https://www.bbc.com/news/articles/c2e074nn8eko?xtor=AL-72-%5Bpartner%5D-%5Byahoo.north.america%5D-%5Bheadline%5D-%5Bnews%5D-%5Bbizdev%5D-%5Bisapi%5D,0,www.bbc.com,'I've never been to Afghanistan': Six million deportees forced to start over under the Taliban,"As of August, the number forced to return this year from Pakistan and Iran had reached another million.",https://s.yimg.com/lo/mysterio/api/529c58f51b8d86e3fd582152ac427f742c58016586e66c130912669ead223cf3/lightyear_networkapi/resizefill_w1200%3Bquality_80%3Bformat_jpg/https%3A%2F%2Fmedia.zenfs.com%2Fen%2Fbbc_us_articles_995%2F813dafe6c787aef3f6887c6838758023.jpg,2026-09-01T06:17:30Z,,"The elderly grimace, hobbling on crutches, and wide-eyed children stare, cradling chickens carried from homes they were forced to leave behind.
""It feels good to be in my own country,"" 35-year-old N… [+8388 chars]",,en,'Iran'
7,https://economictimes.indiatimes.com/news/international/business/behind-sheins-empire-is-founder-sky-xu-who-prefers-the-shadows/articleshow/133673166.cms,0,economictimes.indiatimes.com,Behind Shein’s empire is founder Sky Xu who prefers the shadows,"Shein's founder, Sky Xu, appeared briefly at the Hong Kong stock exchange debut.  He maintained a reclusive persona, unlike other company leaders.  This low profile reflects a broader trend among Chinese businessmen today.  Shein's valuation has significantly…","https://img.etimg.com/thumb/msid-133673216,width-1200,height-630,imgsize-90258,overlay-economictimes/articleshow.jpg",2026-09-01T07:51:37Z,http://web.archive.org/web/20260901154808/https://economictimes.indiatimes.com/news/international/business/behind-sheins-empire-is-founder-sky-xu-who-prefers-the-shadows/articleshow/133673166.cms,"Hong Kong/London: When online fast-fashion retailer Shein celebrated its maiden day of trade in Hong Kong on Tuesday, one question was on everyone's lips: Would its founder make a speech, would he ev… [+5008 chars]",,en,'Qingdao'
8,https://www.semafor.com/article/09/01/2026/how-china-can-muddle-through-to-superpower-status,0,www.semafor.com,How China can muddle through to superpower status,"Despite structural challenges, China could rely on its economic and technological engine to become a peerless superpower in 2036, experts believe.",https://s.yimg.com/lo/mysterio/api/e20bb8a7d1dfe4bbe3d4239cc594456470cb23a1aba98de23a8db3759de421e2/lightyear_networkapi/resizefill_w1200%3Bquality_80%3Bformat_jpg/https%3A%2F%2Fmedia.zenfs.com%2Fen%2Fsemafor_310%2Fd91fb21ab90c035ee13a34f73a3cbf84.jpg,2026-09-01T09:40:21Z,,"Ben's view
Analysis of China is often so polarized that a casual observer might get the impression that Beijing is an unstoppable force on the verge of global domination a precarious dictatorship on… [+5233 chars]",,en,'China'
9,https://abcnews.com/International/death-toll-tops-1000-after-nepal-flooding-search/story?id=136108774,0,abcnews.com,"Death toll tops 1,000 after Nepal flooding, as search continues for thousands","A total of 3,916 people were said to be missing throughout Nepal, the government said.",https://i.abcnewsfe.com/a/194ad2ac-83fc-4261-aeba-e9a2ca3eb65d/nepal-main_1788252734403_hpMain_16x9.jpg?w=1600,2026-09-01T09:48:53Z,http://web.archive.org/web/20260902014213/https://abcnews.com/International/death-toll-tops-1000-after-nepal-flooding-search/story?id=136108774,"LONDON -- More than 1,000 people were confirmed dead and almost 4,000 others were thought to be missing as of Tuesday afternoon in Nepal, where deadly flash flooding last week destroyed towns and swe… [+3192 chars]",,en,'Nepal'
10,https://consent.yahoo.com/v2/collectConsent?sessionId=1_cc-session_04c01084-62dd-4e53-89c5-fce5c3490fe5,0,consent.yahoo.com,The final minutes before floodwater crashed through Nepal-China border,,,2026-09-01T09:57:33Z,,"If you click 'Accept all', we and our partners, including 251 who are part of the IAB Transparency &amp; Consent Framework, will also store and / or access information on a device (in other words, us… [+1046 chars]",,en,'Nepal'
11,https://www.bbc.co.uk/sport/football/articles/c1kxmjvnl8yo,0,www.bbc.co.uk,Aston Villa complete £47m Mbaye signing,Aston Villa sign of Senegal winger Ibrahim Mbaye from Paris St-Germain for a fee of 55m euros (£47m).,https://ichef.bbci.co.uk/ace/branded_sport/1200/cpsprodpb/baed/live/327d7ef0-a5f2-11f1-8348-fb0cb1cd9761.jpg,2026-09-01T10:38:06Z,http://web.archive.org/web/20260901144107/https://www.bbc.co.uk/sport/football/articles/c1kxmjvnl8yo,"Aston Villa have completed the signing of 18-year-old Senegal winger Ibrahim Mbaye from Paris St-Germain for a fee of 55m euros (£47m).
Mbaye scored three goals and provided two assists in 31 games … [+1049 chars]",,en,'Senegal'
12,https://www.businessinsider.com/john-ternus-apple-ceo-ai-siri-challenges-tim-cook-2026-9#article,0,www.businessinsider.com,Apple's new CEO faces an early test,"John Ternus takes over as Apple CEO with the AI race, talent losses, China, tariffs, and Trump on his to-do list.",https://i.insider.com/6a95f69979f11f0a89f930ea?width=1200&format=jpeg,2026-09-01T11:14:15Z,,"Michael Buckner/Variety via Getty Images
<ul><li>This post originally appeared in the Business Insider Today newsletter.</li><li>You can sign up for Business Insider's daily newsletter here.</li></u… [+1718 chars]",,en,'China'
13,https://www.yahoo.com/news/politics/articles/iran-urges-us-comply-interim-111339974.html,0,www.yahoo.com,Iran urges US to comply with interim deal after Trump threatens further strikes,"DUBAI, Sept 1 (Reuters) - Iran said on Tuesday it would reciprocate if the United States honoured its commitments under a June interim deal on halting their...",https://s.yimg.com/lo/mysterio/api/147bcceb301bf2172b928f2ed0667cb3fc68415ab2459e811de0cb168a38b728/lightyear_networkapi/resizefill_w800_h531%3Bquality_80%3Bformat_jpg/https%3A%2F%2Fmedia.zenfs.com%2Fen%2Freuters.com%2Fe742d9b09bb3149feae59dfe514562d4.jpg,2026-09-01T11:17:24Z,,"By Parisa Hafezi
DUBAI, Sept 1 (Reuters) - Iran said on Tuesday it would reciprocate if the United States honoured its commitments under a June interim deal on halting their conflict, but tensions r… [+4402 chars]",,en,'Iran'
14,https://slashdot.org/submission/17350380/chinese-study-claims-stem-cell-therapy-reversed-type-2-diabetes-in-patient,0,slashdot.org,Chinese study claims stem cell therapy reversed type 2 diabetes in patient,"In a medical breakthrough, researchers in China have reported the world’s first successful reversal of type 2 diabetes using stem cell therapy. By restoring the body’s natural ability to produce insulin, the treatment moves beyond lifelong symptom management …",,2026-09-01T12:15:09Z,,The Fine Print: The following comments are owned by whoever posted them. We are not responsible for them in any way.,,en,'China'
15,https://www.rferl.org/a/russia-ukraine-refineries-fuel-shortage-kazakhstan/33843970.html,0,www.rferl.org,Ukraine's Refinery Attacks Force Russia To Turn Abroad To Process Its Oil,"With Ukrainian drone attacks knocking out major Russian refineries, Moscow is looking abroad to fill its fuel shortfall. Russia has struck a deal to use the small private Kondensat refinery in Kazakhstan.",https://gdb.rferl.org/cb3e29a1-79d1-4bd4-5a1d-08decd277110_cx0_cy17_cw0_w1200_h630.jpg,2026-09-01T12:16:57Z,,"As Ukraine targets Russia's refineries and fuel shortages worsen across the country, Moscow is now turning abroad to process its oil.
Kyiv has knocked out dozens of oil refineries across Russia with… [+4419 chars]",,en,'Moscow'
16,https://www.prnewswire.com/news-releases/cornerstone-robotics-announces-strategic-partnership-with-medtronic-to-expand-global-access-to-robotic-assisted-surgery-302866222.html,0,www.prnewswire.com,Cornerstone Robotics Announces Strategic Partnership with Medtronic to Expand Global Access to Robotic-assisted Surgery,"HONG KONG, Sept. 1, 2026 /PRNewswire/ -- Cornerstone Robotics, an innovative surgical robotics company founded and headquartered in Hong Kong, today announced a strategic partnership with Medtronic (NYSE: MDT), a global leader in healthcare technology. As par…",,2026-09-01T12:17:00Z,,"HONG KONG, Sept. 1, 2026 /PRNewswire/ -- Cornerstone Robotics, an innovative surgical robotics company founded and headquartered in Hong Kong, today announced a strategic partnership with Medtronic (… [+5310 chars]",,en,'Hong Kong'
17,https://financialpost.com/transportation/autos/china-cars-regulators-getting-worried,0,financialpost.com,China makes cars so quickly that regulators are getting worried,Chinese automakers’ ambitions to shave even more time off their development speeds are facing regulators' scrutiny. Read more.,https://smartcdn.gprod.postmedia.digital/financialpost/wp-content/uploads/2026/09/0902-bc-evs-.jpg,2026-09-01T12:19:45Z,,"The Ministry of Industry and Information Technology is paying close attention to customer complaints online, according to two executives at a Chinese automaker, who asked not to be identified because… [+3626 chars]",,en,'China'
18,https://www.channelnewsasia.com/asia/thailand-shortens-visa-free-stays-tourists-singapore-6354981,0,www.channelnewsasia.com,"Thailand shortens visa-free stays for dozens of nations, including Singapore, from Sep 15",Thai officials said the move is part of an effort to curb crime involving foreign nationals.,"https://dam.mediacorp.sg/image/upload/s--f0GFWzNZ--/c_fill,g_auto,h_676,w_1200/fl_relative,g_south_east,l_mediacorp:cna:watermark:2023-11:afp_watermark_14112023,w_0.1/f_auto,q_auto/v1/mediacorp/cna/image/2026/09/01/thailand_tourism.jpg?itok=RMS7vVWv",2026-09-01T12:22:45Z,,"BANGKOK: Thailand will halve the length of visa-free stays for tourists from dozens of countries and territories to 30 days, effective Sep 15, the foreign ministry said on Tuesday (Sep 1).
Tourism i… [+1566 chars]",,en,'Thailand'
19,https://thediplomat.com/2026/09/taiwan-finally-passed-its-2026-budget-what-got-cut/,0,thediplomat.com,Taiwan Finally Passed Its 2026 Budget. What Got Cut?,"The budget was passed almost 9 months late, amid growing concern that defense spending was being held up – especially funding for drones.",https://thediplomat.com/wp-content/uploads/2018/10/sizes/td-story-s-2/thediplomat-31344756118_59575f1437_k.jpg,2026-09-01T12:24:00Z,http://web.archive.org/web/20260901180210/https://thediplomat.com/2026/09/taiwan-finally-passed-its-2026-budget-what-got-cut/,"After many months of contention over Taiwans government spending, the pan-Blue camp seemed to finally relent on August 14. The budget was finally passed on that day 266 days past the deadline, and al… [+15887 chars]",,en,'China'
20,https://biztoc.com/x/b5aff0e404994fd9,0,biztoc.com,Fast-fashion giant Shein's shares fall after Hong Kong trading debut that spotlights its China roots,"Fast-fashion giant Shein’s shares fall after Hong Kong trading debut that spotlights its China roots
HONG KONG (AP) — Shares in fast-fashion online retail giant Shein fell as much as 10% after they began trading on Hong Kong’s stock market Tuesday, after a lo…",https://biztoc.com/cdn/b5aff0e404994fd9_s.webp,2026-09-01T12:25:44Z,,Fast-fashion giant Sheins shares fall after Hong Kong trading debut that spotlights its China rootsHONG KONG (AP) Shares in fast-fashion online retail giant Shein fell as much as 10% after they began… [+142 chars],,en,'Hong Kong'
21,https://timesofindia.indiatimes.com/world/china/china-warns-of-consequences-as-taiwan-attends-pacific-islands-forum/articleshow/133680224.cms,0,timesofindia.indiatimes.com,"China warns of ""consequences"" as Taiwan attends Pacific Islands Forum","China has issued a stern warning about Taiwan's involvement in the Pacific Islands Forum. In response, Taiwan’s foreign minister passionately defended the nation's regional partnerships and ongoing contributions. Leaders from Australia and New Zealand emphasi…","https://static.toiimg.com/thumb/msid-133681421,width-1280,height-720,resizemode-6,overlay-toi_sw,pt-32,y_pad-600/photo.jpg",2026-09-01T12:27:46Z,,"Follow Us On Social Media
Brittany Mahomes grows her $15 million business empire with fitness ventures, activewear and a stake in the $325 million Kansas City CurrentIndias tech workforce gets anoth… [+1705 chars]",,en,'Australia'
22,https://en.antaranews.com/news/429369/indonesia-deports-five-chinese-nationals-suspected-of-australia-route,0,en.antaranews.com,Indonesia deports five Chinese nationals suspected of Australia route,Indonesia has deported five Chinese nationals and barred them from re-entering after authorities suspected they planned to use Indonesia as an illegal route ...,https://cdn.antaranews.com/cache/1200x800/2026/09/01/1001910152.jpg,2026-09-01T12:28:09Z,,"Jakarta (ANTARA) - Indonesia has deported five Chinese nationals and barred them from re-entering after authorities suspected they planned to use Indonesia as an illegal route to Australia, immigrati… [+2566 chars]",,en,'China'
23,https://oilprice.com/Latest-Energy-News/World-News/Solar-Overtakes-Coal-as-Chinas-Largest-Power-Source.html,0,oilprice.com,Solar Overtakes Coal as China's Largest Power Source,"Solar power has just become the single largest electricity capacity source in China, toppling coal in a landmark achievement of the Chinese renewable energy rollout. Solar power capacity in China stood at 1,286 gigawatts (GW) at the end of July, Chinese media…",https://d32r1sh890xpii.cloudfront.net/news/1200x675/2026-09-01_dicuozs6fn.jpg,2026-09-01T12:30:00Z,http://web.archive.org/web/20260902120315/https://oilprice.com/Latest-Energy-News/World-News/Solar-Overtakes-Coal-as-Chinas-Largest-Power-Source.html,"A structural supply deficit is…
Nearly half of global oil…
Set us as your preferred Google source
By Tsvetana Paraskova - Sep 01, 2026, 7:30 AM CDTSolar power has just become the single largest el… [+2088 chars]",,en,'China'
24,https://gcaptain.com/russia-doubles-its-lng-dark-fleet-in-race-to-boost-gas-exports/,0,gcaptain.com,Russia Doubles Its LNG Dark Fleet in Race to Boost Gas Exports,"Russia has almost doubled the fleet of tankers ferrying liquefied natural gas from its US-sanctioned Arctic project in less than a year, as the country pushes to boost lucrative exports of the super-chilled fuel in spite of Western restrictions.",https://gcaptain.com/wp-content/uploads/2024/06/Honningsvaag-2019-STS.jpeg,2026-09-01T12:30:15Z,,"By Stephen Stapczynski
Sep 1, 2026 (Bloomberg) –Russia has almost doubled the fleet of tankers ferrying liquefied natural gas from its US-sanctioned Arctic project in less than a year, as the countr… [+4350 chars]",,en,'Russia'
25,https://cryptobriefing.com/nvidia-reduced-china-dependence-revenue/,0,cryptobriefing.com,Nvidia proves reduced dependence on China amid global shifts,"Nvidia's shift from China to US markets highlights the growing influence of US hyperscalers, raising concerns about market concentration risks.
The post Nvidia proves reduced dependence on China amid global shifts appeared first on Crypto Briefing.",https://static.cryptobriefing.com/wp-content/uploads/2026/09/01083226/library-nvidia-proves-reduced-dependence-on-china-amid-global-sh-800x450.png,2026-09-01T12:32:29Z,,The chipmaker's China revenue collapsed to 8% of sales while US hyperscalers drove a 106% revenue surge to $96.2 billion. Nvidia just posted fiscal Q2 2027 results that tell a very clear story: the c… [+2280 chars],,en,'China'
26,https://thediplomat.com/2026/09/despite-delays-china-could-gain-ground-in-the-space-race/,0,thediplomat.com,"Despite Delays, China Could Gain Ground in the Space Race","While the U.S. still holds considerable advantages gained through its earlier lunar explorations, China’s planned mission could provide it with a crucial edge.",https://thediplomat.com/wp-content/uploads/2024/10/sizes/td-story-s-2/thediplomat_2024-10-29-133251.jpg,2026-09-01T12:42:00Z,http://web.archive.org/web/20260901180219/https://thediplomat.com/2026/09/despite-delays-china-could-gain-ground-in-the-space-race/,"China abruptly postponed its planned Change 7 lunar launch, which was scheduled to take place on August 24. While the new launch timeline is unclear, the mission could still be a significant step in … [+9731 chars]",,en,'China'
27,https://www.hurriyetdailynews.com/chinas-xi-visits-egypt-as-us-sanctions-threat-looms-over-iran-links-226331,0,www.hurriyetdailynews.com,China's Xi visits Egypt as US sanctions threat looms over Iran links,"Chinese President Xi Jinping is set to arrive in Egypt on Sept. 1, making a rare trip to the Middle East as both countries face the threat of U.S. sanctions over financial links to Iran.",https://image.hurimg.com/i/hurriyet/75/200x200/6a96c8e19f5dc92a38fedb70.jpg,2026-09-01T12:45:47Z,,"BEIJING
China's President Xi Jinping visits Egypt for the first time in a decade, as the two countries mark 70 years of diplomatic ties. (AFP Photo)
Chinese President Xi Jinping is set to arrive in… [+3690 chars]",,en,'Iran'
28,https://www.notebookcheck.net/Pentagon-faces-CXMT-lawsuit-over-incorrect-military-label.1385007.0.html,0,www.notebookcheck.net,Pentagon faces CXMT lawsuit over 'incorrect' military label,"China’s largest DRAM manufacturer, CXMT, is suing the Pentagon over its designation as a Chinese military company, arguing that the label lacks factual evidence and relies solely on alleged government affiliations. The lawsuit seeks removal from the Section 1…",https://www.notebookcheck.net/fileadmin/Notebooks/News/_nc5/CXMT-LPDDR5X-Promotional-Render-Image-Source-CXMT.jpg.jpeg,2026-09-01T12:47:00Z,,"ChangXin Memory Technologies, CXMT, Chinas largest DRAM semiconductor chip manufacturer, is taking on the Pentagon by suing the institution over its military label. For now, the U.S. Department of De… [+3397 chars]",,en,'China'
29,https://ca.finance.yahoo.com/news/blockade-succeeds-where-sanctions-failed-125249295.html,0,ca.finance.yahoo.com,Blockade succeeds where sanctions failed as Iran oil exports stall,"By Ahmad Ghaddar, Enes Tunagur and Robert Harvey LONDON, Sept 1 (Reuters) - For the first time on record, Iran has gone about seven weeks without shipping me...",https://s.yimg.com/lo/mysterio/api/482d496a1efab797114cd7e2ebb33fb0c0e21f78fe4178803cdc4afd8c9bfea9/lightyear_networkapi/resizefill_w1200%3Bquality_80%3Bformat_webp/https%3A%2F%2Fmedia.zenfs.com%2Fen%2Freuters.com%2Fa2b9a2c3cbc513c9107921c76230c2b3.jpg,2026-09-01T12:52:49Z,http://web.archive.org/web/20260901162245/https://ca.finance.yahoo.com/news/blockade-succeeds-where-sanctions-failed-125249295.html,"By Ahmad Ghaddar, Enes Tunagur and Robert Harvey
LONDON, Sept 1 (Reuters) - For the first time on record, Iran has gone about seven weeks without shipping meaningful crude exports through the Strait… [+4035 chars]",,en,'Iran'
30,https://slashdot.org/firehose.pl?op=view&amp;id=185346488,0,slashdot.org,White House says deal to take control of Venezuelan oil will rely on North American Blue Energy Partners - CBS News,White House says deal to take control of Venezuelan oil will rely on North American Blue Energy PartnersCBS News How the Pentagon Is Getting Into the Venezuelan Oil Business Under TrumpThe New York Times China demands rights guarantee as US firm secures 100-y…,,2026-09-01T12:53:07Z,,The Fine Print: The following comments are owned by whoever posted them. We are not responsible for them in any way.,,en,'China'
31,https://biztoc.com/x/aeea0069266a3f67,0,biztoc.com,"Solar surpasses coal in China, becomes top power source","Solar surpassed coal as China’s top source of power for the first time ever, underscoring the country’s remarkable rollout of green energy as it looks to contain the impact of the Iran war. Solar accounted for almost a third of total installed capacity at the…",https://biztoc.com/cdn/aeea0069266a3f67_s.webp,2026-09-01T12:55:26Z,,"Solar surpassed coal as Chinas top source of power for the first time ever, underscoring the countrys remarkable rollout of green energy as it looks to contain the impact of the Iran war. Solar accou… [+136 chars]",,en,'China'
32,https://www.globalresearch.ca/europe-falling-behind-us-priorities/5938546,0,www.globalresearch.ca,Europe Falling Behind in US Priorities. Trump Wants to Break the US-Europe “Automatic Alignment”,"Diverging interests between the US and Europe are becoming increasingly apparent. 
One sign of these tensions is Europe’s loss of priority status within US strategic affairs. European partners now appear to be far down Washington’s list of major concerns, pro…",https://www.globalresearch.ca/wp-content/uploads/2026/09/us-eu.jpeg,2026-09-01T12:56:53Z,,"Diverging interests between the US and Europe are becoming increasingly apparent. 
One sign of these tensions is Europe’s loss of priority status within US strategic affairs. European partners now a… [+5681 chars]",,en,'WASHINGTON'
33,https://abcnews.com/video/136112840/,0,abcnews.com,"WATCH: 'Blobbing' world record broken, Guinness World Records says","Robin Steiner was launched more than 92 feet into the air from a huge airbag nine stories high, doing somersaults before landing in a lake in Switzerland.",https://i.abcnewsfe.com/a/d14370ac-2d42-451c-b70a-9f9fa325a00b/260901_gma_playoftheday_748_hpMain_16x9.jpg?w=992,2026-09-01T12:57:40Z,http://web.archive.org/web/20260902014214/https://abcnews.com/video/136112840/,"<ul><li>Northeast storms and new flood watch
</li><li>Urgent search for missing after deadly Grand Canyon flash flood
</li><li>Search for dozens of missing Americans and thousands of others in Nepa… [+4439 chars]",,en,'Switzerland'
34,https://www.aljazeera.com/news/2026/9/1/sco-slams-attacks-sanctions-on-iran-key-takeaways-from-bishkek-summit,0,www.aljazeera.com,"SCO slams attacks, sanctions on Iran: Key takeaways from Bishkek summit",The SCO started in 1996 and accounts for 43 percent of the world’s population and 23 percent of the global economy.,https://www.aljazeera.com/wp-content/uploads/2026/09/afp_6a9668f52ad5-1788242165.jpg?resize=1920%2C1440,2026-09-01T13:32:33Z,http://web.archive.org/web/20260901212121/https://www.aljazeera.com/news/2026/9/1/sco-slams-attacks-sanctions-on-iran-key-takeaways-from-bishkek-summit,"Leaders of the Shanghai Cooperation Organisation (SCO) have signed a joint statement condemning the US and Israels war on Iran and Western sanctions on some of their members, after a two-day summit i… [+6988 chars]",,en,'Bishkek'
35,https://thenextweb.com/news/ubs-china-asml-euv-decade-immersion-duv-dutch-export-licence,0,thenextweb.com,UBS says China is unlikely to match ASML’s top tool this decade,UBS analysts say China’s lithography programme is at roughly the stage ASML reached in 2004 and will not produce a viable EUV alternative within a decade. They also expect China to reach high-volume manufacturing of immersion DUV machines in two to five years…,https://media.thenextweb.com/2026/07/asml-slides-china-duv-lithography-tool-production.jpg,2026-09-01T13:39:23Z,,UBS analysts say Chinas lithography programme is at roughly the stage ASML reached in 2004 and will not produce a viable EUV alternative within a decade. They also expect China to reach high-volume m… [+2468 chars],,en,'China'
36,https://www.theverge.com/policy/987356/tim-cook-apple-trump-xi,0,www.theverge.com,"Tim Cook’s legacy isn’t just phones, it’s politics","As much as any Apple product released during his time as CEO, Tim Cook's tenure will be remembered for its ruthlessly efficient tight-rope walk between an autocrat in China and a would-be autocrat in the US. During his 15 years as CEO, Cook steered Apple thro…",https://platform.theverge.com/wp-content/uploads/sites/2/chorus/uploads/chorus_asset/file/25345071/STK468_APPLE_ANTITRUST_CVIRGINIA_I.jpg?quality=90&strip=all&crop=0%2C10.732984293194%2C100%2C78.534031413613&w=1200,2026-09-01T13:51:02Z,http://web.archive.org/web/20260901232151/https://www.theverge.com/policy/987356/tim-cook-apple-trump-xi,"<ul><li></li><li></li><li></li></ul>
Cook preserved Apples supply chain by deftly appeasing Donald Trump and Xi Jinping.
Cook preserved Apples supply chain by deftly appeasing Donald Trump and Xi J… [+5849 chars]",,en,'China'
37,https://www.aljazeera.com/sports/2026/9/1/napolis-ex-man-utd-star-mctominay-needs-surgery-for-irregular-heartbeat,0,www.aljazeera.com,Napoli’s ex Man Utd star McTominay needs surgery for irregular heartbeat,"Scotland international Scott McTominay, who joined Napoli from Manchester United, to undergo heart surgery.",https://www.aljazeera.com/wp-content/uploads/2026/09/AP26244435072924-1788270156.jpg?resize=1920%2C1440,2026-09-01T14:11:04Z,,"Napoli midfielder Scott McTominay will undergo a surgical procedure to treat an irregular heartbeat, the Serie A club has announced.
Napoli added that McTominay will be out until after the seasons f… [+903 chars]",,en,'Manchester'
https://www.bbc.co.uk/news/articles/c5ylm3m67n2o,https://www.bbc.co.uk/news/articles/c5ylm3m67n2o,0,www.bbc.co.uk,Germany says Russia behind Leipzig airport drone attack,A drone carrying an explosive device was discovered at the airport close to Ukrainian cargo planes on 4 August.,https://ichef.bbci.co.uk/ace/branded_news/1200/cpsprodpb/a6b5/live/bf0d1e90-a618-11f1-9ca2-a3e18de91b7b.jpg,2026-09-01T15:43:44Z,,"Germany has said Russia was responsible for last month's drone attack at Leipzig's airport. 
A drone carrying an explosive device was discovered at Leipzig/Halle Airport in eastern Germany, close to… [+1383 chars]",,en,'Russia'
38,https://www.bbc.co.uk/news/articles/c3eq499d0lgo,0,www.bbc.co.uk,Briton rescued in Nepal nearly a week after deadly floods,"More than 3,900 people remain missing after floodwaters surged across the Nepal-Tibet border last week.",https://ichef.bbci.co.uk/ace/branded_news/1200/cpsprodpb/1a2d/live/537ff930-6139-11ee-b101-6f93d6dfbcc2.png,2026-09-01T16:42:59Z,http://web.archive.org/web/20260901231652/https://www.bbc.co.uk/news/articles/c3eq499d0lgo,"A British national has been rescued in Nepal nearly a week after deadly floods hit the country, killing more than 1,000 people.
A Nepali army spokesperson confirmed on Tuesday they had rescued 118 N… [+1135 chars]",,en,'Nepal'
39,https://www.aljazeera.com/economy/2026/9/1/chinas-xi-makes-first-visit-to-egypt-in-a-decade-amid-regional-turmoil,0,www.aljazeera.com,"China’s Xi makes first visit to Egypt in a decade, amid regional turmoil",Chinese President Xi visits Egypt to deepen economic ties and align strategies amid Middle East crises.,https://www.aljazeera.com/wp-content/uploads/2026/09/2026-09-01T093245Z_1967461799_RC27ANAH4TFJ_RTRMADP_3_EGYPT-CHINA-1788276737.jpg?resize=1920%2C1440,2026-09-01T16:59:22Z,http://web.archive.org/web/20260901230448/https://www.aljazeera.com/economy/2026/9/1/chinas-xi-makes-first-visit-to-egypt-in-a-decade-amid-regional-turmoil,"China President Xi Jinping has made his first visit to Egypt since 2016, coinciding with the 70th anniversary of diplomatic ties between the two countries.
Egyptian President Abdel Fattah el-Sisi re… [+3702 chars]",,en,'Egypt'
40,https://www.aljazeera.com/sports/2026/9/1/pitso-mosimane-appointed-by-south-africa-ahead-of-afcon-qualifiers,0,www.aljazeera.com,Pitso Mosimane appointed by South Africa ahead of AFCON qualifiers,Pitso Mosimane replaces Hugo Broos as manager of the South Africa national football team following World Cup exit.,https://www.aljazeera.com/wp-content/uploads/2026/09/2026-09-01T101737Z_606142246_UP1EM910SLC0Z_RTRMADP_3_SOUTH-AFRICA-SOCCER-MOSIMANE-1788282514.jpg?resize=1920%2C1440,2026-09-01T17:25:45Z,,"Pitso Mosimane was confirmed as South Africa coach on Tuesday, 24 days after the national football association approved his appointment.
On August 8, association president Danny Jordaan said, We nee… [+1605 chars]",,en,'South Africa'
41,https://timesofindia.indiatimes.com/city/patna/eight-bihar-players-to-represent-india-at-u18-asian-rugby-meet/articleshow/133689823.cms,0,timesofindia.indiatimes.com,Eight Bihar players to represent India at U18 Asian rugby meet,"Eight Bihar rugby players, including captains Rohit Kumar and Saloni Kumari, join India for the U-18 Asia Rugby Emirates Sevens in Qingdao, Sept 5-6.","https://static.toiimg.com/thumb/msid-133689821,width-1280,height-720,resizemode-6,overlay-toi_sw,pt-32,y_pad-600/photo.jpg",2026-09-01T18:14:31Z,,"Follow Us On Social Media
Former Tupac Producer Says Keffe D Was His Own Worst Enemy After VerdictPakistans PoK Elections Under Fire: Rights Watchdog Exposes CrackdownPM Modis SCO Warning: Terrorism… [+1482 chars]",,en,'Qingdao'
42,https://freerepublic.com/focus/f-news/4393875/posts,0,freerepublic.com,US strikes targets in Iran as hostilities flare again after a month without military action,"The U.S. military hit targets in Iran on Tuesday after it said Tehran tried to attack commercial ships and American forces in the Middle East, as hostilities flare once again in an intermittent war that has lasted more than six months. The U.S. strikes, and o…",,2026-09-01T18:22:32Z,,"Skip to comments.
US strikes targets in Iran as hostilities flare again after a month without military actionAP ^
 | Sept 1, 2026
 | BEN FINLEY
Posted on 09/01/2026 11:22:32 AM PDT by McGruff
Th… [+3027 chars]",,en,'China'
43,https://pypi.org/project/geocoordinates-rs/0.14.1/,0,pypi.org,geocoordinates-rs 0.14.1,Geospatial coordinate library: China datums (GCJ-02/BD-09) and geodetic transforms.,,2026-09-01T18:24:44Z,,"A required part of this site couldnt load. This may be due to a browser
 extension, network issues, or browser settings. Please check your
 connection, disable any ad blockers, or try using a diffe… [+12 chars]",,en,'China'
44,https://slashdot.org/firehose.pl?op=view&amp;id=185352238,0,slashdot.org,Drones helped find people after Nepal floods but the search inside hydropower tunnels is a challenge - AP News,"Drones helped find people after Nepal floods but the search inside hydropower tunnels is a challengeAP News China Censors and Punishes to Shape Narrative on Floods in Tibet, a Contrast to NepalThe New York Times Hindu pilgrims on an arduous trek are among Nep…",,2026-09-01T18:33:53Z,http://web.archive.org/web/20160119174443/http://slashdot.org/firehose.pl?op=view,The Fine Print: The following comments are owned by whoever posted them. We are not responsible for them in any way.,,en,'China'
45,https://nypost.com/2026/09/01/world-news/hundreds-of-workers-feared-to-be-trapped-in-tunnels-in-nepal-need-breathable-air-clean-water-to-survive/,0,nypost.com,The race to free hundreds of Nepal workers feared trapped in tunnels — and what they need to survive,Catastrophic flooding along the Nepal-China border has killed hundreds and left thousands more missing.,https://nypost.com/wp-content/uploads/sites/2/2026/09/139206350.jpg?quality=75&strip=all&w=1200,2026-09-01T18:42:48Z,,"NEW YORK For those stranded by a flood, survival depends on many factors, including access to oxygen, food and water.
Catastrophic flooding along the Nepal-China border has killed hundreds and left … [+3405 chars]",,en,'China'
46,https://www.channelnewsasia.com/asia/nepal-disaster-climate-warning-signal-6355746,0,www.channelnewsasia.com,Nepal disaster a climate 'warning signal': Foreign minister,"""The support to Nepal should not be just seen from an angle of aid or charity, but should be seen from a perspective of climate justice as well,"" says Nepal's foreign minister.","https://dam.mediacorp.sg/image/upload/s--EdM1gddg--/c_crop,h_449,w_799,x_1,y_1/c_fill,g_auto,h_676,w_1200/fl_relative,g_south_east,l_mediacorp:cna:watermark:2024-04:reuters_1,w_0.1/f_auto,q_auto/v1/one-cms/core/2026-09-01T132404Z_1_LYNXMPEM8039K_RTROPTP_3_NEPAL-FLOODS.JPG?itok=gWxKhBLM",2026-09-01T18:45:00Z,http://web.archive.org/web/20260902094602/https://www.channelnewsasia.com/asia/nepal-disaster-climate-warning-signal-6355746,"Glaciers in the wider Himalayan and Hindu Kush ranges are a crucial water source for around 240 million people in the mountainous regions, as well as for another 1.65 billion people in the South Asia… [+843 chars]",,en,'Nepal'
47,https://www.channelnewsasia.com/world/nepal-disaster-climate-warning-signal-6355746,0,www.channelnewsasia.com,Nepal disaster a climate 'warning signal': foreign minister,"KATHMANDU: A devastating glacial collapse in Nepal that unleashed deadly floods was a ""warning signal"" of the growing risks climate change poses to the Himalayan nation, its foreign ministe","https://dam.mediacorp.sg/image/upload/s--bFq1kULE--/c_fill,g_auto,h_676,w_1200/fl_relative,g_south_east,l_mediacorp:cna:watermark:2024-04:reuters_1,w_0.1/f_auto,q_auto/v1/one-cms/core/2026-09-01T132404Z_1_LYNXMPEM8039K_RTROPTP_3_NEPAL-FLOODS.JPG?itok=gWxKhBLM",2026-09-01T18:45:03Z,,"Glaciers in the wider Himalayan and Hindu Kush ranges are a crucial water source for around 240 million people in the mountainous regions, as well as for another 1.65 billion people in the South Asia… [+842 chars]",,en,'Nepal'
48,https://www.notebookcheck.net/Anker-launches-safer-20-000mAh-power-bank-with-55W-fast-charging-and-special-iPhone-compatibility.1384665.0.html,0,www.notebookcheck.net,"Anker launches safer 20,000mAh power bank with 55W fast charging and special iPhone compatibility","Anker has released a new 20K Zolo Power Bank in China, designed to meet the 2026 safety standard. It has two built-in USB-C cables and supports up to 55W charging. For iPhone users, it can identify the connected model to optimize charging and even display upd…",https://www.notebookcheck.net/fileadmin/Notebooks/News/_nc5/Anker-20K-Zolo-Power-Bank.jpg,2026-09-01T18:46:00Z,,Anker has finally launched its first power bank certified under China's 2026 national safety standard for portable chargers. The standard requires stricter testing to reduce battery-related fire and … [+1292 chars],,en,'China'
49,https://biztoc.com/x/2c776327750c237b,0,biztoc.com,Coffee Break: Armed Madhouse – Can U.S. Submarines Defeat China?,"The United States possesses 48 nuclear-powered attack submarines, but inventory is not combat power. Maintenance, deployment cycles, competing missions, Pacific geography, finite weapons, rearmament, and attrition progressively discount the force that could a…",https://biztoc.com/cdn/995/og.png,2026-09-01T18:46:15Z,,"The United States possesses 48 nuclear-powered attack submarines, but inventory is not combat power. Maintenance, deployment cycles, competing missions, Pacific geography, finite weapons, rearmament,… [+153 chars]",,en,'China'
50,https://www.dailysignal.com/2026/09/01/georgia-data-center-debate/,0,www.dailysignal.com,Data Center Debate Draws Contrast Between Democrats and GOP in Georgia,"Data centers are shaping politics and elections across the country, but that is especially true in Georgia, which has a critical gubernatorial election and a Senate race that could determine the balance of power in Washington. Democrats and Republicans are sc…",https://static.dailysignalmedia.org/2026/09/Data-Center-.jpg,2026-09-01T18:46:36Z,,"Data centers are shaping politics and elections across the country, but that is especially true in Georgia, which has a critical gubernatorial election and a Senate race that could determine the bala… [+4472 chars]",,en,'Washington'
51,https://streetartutopia.com/2026/09/01/time-was-working-here/,0,streetartutopia.com,What Time Reveals (8 Photos),"Time does some of its best work slowly. A Roman floor reappears beneath modern London, roots redraw a Hong Kong pavement, and a mural in Poland keeps changing as its tree grows. These eight scenes make time visible.  Roman Mosaic Unearthed in Southwark — Lo…",https://streetartutopia.com/wp-content/uploads/2026/08/time-was-working-here-split-2-1200x675.png?crop=1,2026-09-01T18:54:16Z,,"A Roman floor reappears beneath modern London, roots redraw a Hong Kong pavement, and a mural in Poland keeps changing as its tree grows. These eight scenes make time visible.
Archaeologists from MO… [+5225 chars]",,en,'Poland'
52,https://economictimes.indiatimes.com/news/international/global-trends/hormuz-will-be-bypassed-in-two-years-scott-bessent/articleshow/133690463.cms,0,economictimes.indiatimes.com,Hormuz will be bypassed in two years: Scott Bessent,"The Treasury department has taken a more central role in recent weeks in the conflict, with Bessent announcing plans last week to expand sanctions on financial institutions and other entities that still do business with Iran. The US moved against United Arab …","https://img.etimg.com/thumb/msid-133690461,width-1200,height-630,imgsize-122610,overlay-economictimes/articleshow.jpg",2026-09-01T18:54:55Z,http://web.archive.org/web/20260902191621/https://economictimes.indiatimes.com/news/international/global-trends/hormuz-will-be-bypassed-in-two-years-scott-bessent/articleshow/133690463.cms,"Treasury Secretary Scott Bessent dismissed the importance of the Strait of Hormuz on Tuesday, saying the crucial waterway for Persian Gulf energy that's been controlled by Iran during the recent conf… [+1667 chars]",,en,'Iran'
53,https://www.commondreams.org/news/iran-trump-miscalculating,0,www.commondreams.org,Iran Says Trump's New Attacks Show Americans 'Stuck in the Massive Error They’ve Made',"As US President Donald Trump returns to bombing Iranian territory, Esmaeil Baghaei Hamaneh, the spokesperson for Iran's Foreign Ministry, said at a press conference on Tuesday that it's only a sign of the quagmire he's found himself in, and emphasized that th…",https://www.commondreams.org/media-library/image.jpg?id=67708864&width=1200&height=600&coordinates=0%2C166%2C0%2C167,2026-09-01T18:55:43Z,,"As US President Donald Trump returns to bombing Iranian territory, Esmaeil Baghaei Hamaneh, the spokesperson for Iran's Foreign Ministry, said at a press conference on Tuesday that it's only a sign o… [+3993 chars]",,en,'China'
54,https://www.rt.com/news/644984-canada-tehran-common-us/,0,www.rt.com,What do Canada and Iran have in common? The US bullies both,"Ottawa and Tehran face different forms of pressure, but both reveal the same pattern: a declining hegemon lashing out as resistance grows Read Full Article at RT.com",https://mf.b37mrtl.ru/files/2026.09/article/6a971f1785f540470b1ed81d.jpg,2026-09-01T18:57:32Z,http://web.archive.org/web/20260901225948/https://www.rt.com/news/644984-canada-tehran-common-us/,"Canada has very few similarities with Iran – to Canada’s own shame.
Let’s leave aside the basic differences, such as location, demographics, weather, and cuisine, and focus on the essentials: Histor… [+6663 chars]",,en,'Iran'
55,https://economictimes.indiatimes.com/news/economy/indicators/india-manufacturing-pmi-falls-to-5-year-low-in-august-as-demand-weakens/articleshow/133690512.cms,0,economictimes.indiatimes.com,India manufacturing PMI falls to 5-year low in August as demand weakens,"Indian manufacturing faced its lowest growth rate in five years during August, characterized by a slowdown in output and new orders amid diminished demand. This period also marked the first job contraction in over two years, although input procurement remaine…","https://img.etimg.com/thumb/msid-133690557,width-1200,height-630,imgsize-68546,overlay-economictimes/articleshow.jpg",2026-09-01T18:58:52Z,,"New Delhi: Manufacturing activity in India slowed to its weakest pace in five years in August as growth in output and new orders moderated, reflecting softer demand conditions, showed a private surve… [+2210 chars]",,en,'India'
56,https://www.channelnewsasia.com/business/us-pushes-g20-cut-trade-imbalances-focus-china-6355506,0,www.channelnewsasia.com,"US pushes G20 to cut trade imbalances, focus on China","The US presses G20 countries to confront trade gaps with China, but divisions over subsidies, rare earth curbs and Russia cloud a joint communique.","https://dam.mediacorp.sg/image/upload/s--jbpqDq5v--/c_fill,g_auto,h_676,w_1200/fl_relative,g_south_east,l_mediacorp:cna:watermark:2024-04:reuters_1,w_0.1/f_auto,q_auto/v1/one-cms/core/2026-09-01T164956Z_2_LYNXMPEM803KR_RTROPTP_3_G20-FINANCE.JPG?itok=2uT4_4qB",2026-09-01T19:10:13Z,,ASHEVILLE: The Trump administration was pushing on Tuesday (Sep 1) for G20 countries to agree on ways to reduce global trade and fiscal imbalances as another bond market sell-off revives worries abou… [+4625 chars],,en,'russia'
57,https://www.aljazeera.com/news/2026/9/1/hakainde-hichilema-returns-as-zambias-president-following-disputed-vote,0,www.aljazeera.com,Hakainde Hichilema returns as Zambia’s president following disputed vote,Incumbent is inaugurated with his main rival in last month's election jailed and the courts shuttered.,https://www.aljazeera.com/wp-content/uploads/2026/09/reuters_6a96f972-1788279154.jpg?resize=1920%2C1440,2026-09-01T19:18:29Z,,"President Hakainde Hichilema has been sworn in for a second term as Zambias president following his victory in disputed elections.
As Hichilema was inaugurated at the National Heroes Stadium in the … [+2077 chars]",,en,'China'
58,https://www.usatoday.com/story/news/state/georgia/atlanta/2026/09/01/canton-woman-missing-in-nepal-after-flash-floods-bury-hundreds/91558895007/,0,www.usatoday.com,Georgia mom among Americans missing in Nepal following deadly floods,"A Canton woman, just outside Atlanta, is missing in Nepal, her family says. She was on her way home when floods hit an immigration center.",https://s.yimg.com/lo/mysterio/api/20ad4ab4911714b1a47a5f7618f5c4385f17d02bc7e566bd0beec761ce888b09/lightyear_networkapi/resizefill_w1200%3Bquality_80%3Bformat_jpg/https%3A%2F%2Fmedia.zenfs.com%2Fen%2Fusa_today_news_641%2F2bf6b99a8aa27b8beeaef4a7bec4ef61.jpg,2026-09-01T19:26:04Z,,"A glacier collapse and mudslide in the Himalayas caused a catastrophic and cascading flood in Nepal, and thousands of people remain missing as the death toll rises.
More than 2,500 people are unacco… [+3572 chars]",,en,'Nepal'
59,https://nypost.com/2026/09/01/lifestyle/fresh-flights-and-la-rams-are-linking-world-sports-capitals/,0,nypost.com,Touch down: Fresh flights and football are connecting two world capitals of sports,"Tickets sold out in just hours. Now, two of the world’s greatest cities for pros and their fans are ready to create an intercontinental superpower of sports. Next week on Sept. 11, the LA Rams will play the San Francisco 49ers in Melbourne, Australia — a firs…",https://nypost.com/wp-content/uploads/sites/2/2026/09/newspress-collage-mnfwxogrv-1788290421508.jpg?quality=75&strip=all&1788276231&w=1200,2026-09-01T19:26:44Z,,"Tickets sold out in just hours. Now, two of the worlds greatest cities for pros and their fans are ready to create an intercontinental superpower of sports. Next week on Sept. 11, the LA Rams will pl… [+2920 chars]",,en,'China'
60,https://www.aljazeera.com/video/newsfeed/2026/9/1/chinas-xi-makes-his-first-visit-to-egypt-in-a-decade,0,www.aljazeera.com,China’s Xi makes his first visit to Egypt in a decade,Chinese President Xi Jinping arrived in Cairo and was greeted by Egyptian President Abdel Fattah el-Sisi.,https://www.aljazeera.com/wp-content/uploads/2026/09/Screenshot-2026-09-01-at-20.34.14-1788291404.png?resize=1200%2C630,2026-09-01T19:38:37Z,,Chinese President Xi Jinping arrived in Cairo and was greeted by Egyptian President Abdel Fattah el-Sisi. The visit is the first by a Chinese president to Egypt in a decade.,,en,'CAIRO'
61,https://cnaluxury.channelnewsasia.com/experiences/india-fine-dining-regional-cuisine-295131,0,cnaluxury.channelnewsasia.com,How India’s regional cuisines are reshaping fine dining,"At restaurants in Himachal Pradesh, Mumbai and Bengaluru, chefs are drawing on local ingredients, preservation techniques and culinary traditions to rethink what contemporary Indian food can be.","https://dam.mediacorp.sg/image/upload/s--_SUG15Ts--/c_crop,h_701,w_1247,x_1,y_100/c_fill,g_auto,h_676,w_1200/f_auto,q_auto/v1/mediacorp/cna/image/2026/08/24/h1_india-fine-dining-regional-cuisine.jpg?itok=mTBRGf5M",2026-09-01T22:09:00Z,http://web.archive.org/web/20260902210131/https://cnaluxury.channelnewsasia.com/experiences/india-fine-dining-regional-cuisine-295131,"In a country with countless regional cuisines served from humble carts and venerable restaurants, Indian food has rarely been framed within the realm of fine dining. That is quickly changing, as a ne… [+738 chars]",,en,'Mumbai'
62,https://www.livemint.com/companies/news/apple-to-pay-tim-cook-47-million-as-he-takes-over-as-executive-chair-heres-how-much-he-will-make-in-annual-salary-11788320408532.html,0,www.livemint.com,Apple to pay Tim Cook $47 million as he takes over as executive chair: Here's how much he will make in annual salary,"Apple’s former CEO Tim Cook is set to receive $47 million as executive chairman, including a $2 million salary and $45 million in equity. New CEO John Ternus will lead the company as Apple seeks to strengthen its position in AI and manage US-China tensions.",https://www.livemint.com/lm-img/img/2026/09/02/1600x900/logo/Tim_Cook_Apple_1788320704114_1788320704220_ee688505-c5c7-4616-80e3-ca34c2632889.jpg,2026-09-02T03:47:44Z,,"iPhone maker Apple Inc. is paying its former Chief Executive Officer (CEO), Tim Cook, a $47 million compensation package as he transitions to the newly created role of executive chairman. The latest … [+3994 chars]",,en,'China'
63,https://timesofindia.indiatimes.com/world/south-asia/pre-event-indications-did-nepal-miss-warning-signs-before-deadly-floods-what-report-says/articleshow/133696756.cms,0,timesofindia.indiatimes.com,‘Pre-event indications’: Did Nepal miss warning signs before deadly floods? What report says,"A glacier collapse in Nepal and China showed visible signs days before the disaster. Scientists noted brown meltwater and a propagating crack as pre-event indications. The disaster killed over 1,100 people, with more lives potentially saved by better warning …","https://static.toiimg.com/thumb/msid-133697059,width-1280,height-720,resizemode-6,overlay-toi_sw,pt-32,y_pad-600/photo.jpg",2026-09-02T03:56:21Z,,"Follow Us On Social Media
File report on unregulated sale of MTP kits, Telangana HC directs health &amp; medical deptPre-event indications: Did Nepal miss warning signs before deadly floods? What re… [+1697 chars]",,en,'China'
64,https://www.autocar.co.uk/opinion/business-electric-vehicles/why-uk-must-rethink-its-ev-rules-and-learn-chinas-hybrids,0,www.autocar.co.uk,Why the UK must rethink its EV rules (and learn from China's hybrids),"Big-battery range-extenders give customers the flexibility they need to feel confident in making the switch

Earlier this year, Stellantis-backed Leapmotor launched in China a plug-in hybrid model with what it said is the world’s largest battery yet to be fit…",https://images.cdn.autocar.co.uk/sites/autocar.co.uk/files/images/car-reviews/first-drives/legacy/d19_gibbs.jpg,2026-09-02T04:00:00Z,,"Earlier this year, Stellantis-backed Leapmotor launched in China a plug-in hybrid model with what it said is the world’s largest battery yet to be fitted to a car also powered by a combustion engine.… [+225 chars]",,en,'China'
65,https://economictimes.indiatimes.com/news/international/world-news/as-climate-change-warms-the-himalayas-disasters-like-the-nepal-floods-are-becoming-more-frequent/articleshow/133697128.cms,0,economictimes.indiatimes.com,"As climate change warms the Himalayas, disasters like the Nepal floods are becoming more frequent","Recent flash floods in Nepal and China killed over one thousand people.  High mountain glaciers are melting, increasing flood frequency and intensity.  Communities face repeated disasters with little time for recovery and adaptation.  Climate change impacts a…","https://img.etimg.com/thumb/msid-133697141,width-1200,height-630,imgsize-241078,overlay-economictimes/articleshow.jpg",2026-09-02T04:00:27Z,,"Kathmandu: When a wall of water, rocks and mud tore through her remote village in Nepal last week, Pema Tamang and her neighbours fled uphill to a Buddhist shrine that had been rebuilt the previous y… [+5722 chars]",,en,'China'
66,https://www.prnewswire.com/news-releases/armenian-ambassador-highlights-new-opportunities-for-cooperation-between-qingdao-and-yerevan-302867130.html,0,www.prnewswire.com,Armenian Ambassador Highlights New Opportunities for Cooperation between Qingdao and Yerevan,"QINGDAO, China, Sept. 2, 2026 /PRNewswire/ -- A news report from iQingdao: Qingdao's advanced port facilities, growing high-tech industries and strong international connectivity are opening up new possibilities for cooperation with Armenia, Armenian Ambassado…",https://mmx.prnewswire.com/media/MS1979313/20260901042037EDT_video_1.mp4?id=OA2922753&p=thumbnail,2026-09-02T04:06:00Z,,"QINGDAO, China, Sept. 2, 2026 /PRNewswire/ -- A news report from iQingdao: Qingdao's advanced port facilities, growing high-tech industries and strong international connectivity are opening up new po… [+3249 chars]",,en,'China'
67,https://www.rte.ie/news/world/2026/0902/1590026-g20-finance-ministers/,0,www.rte.ie,G20 leaders close talks marked by US welcoming Russia,"G20 finance leaders closed their two-day gathering with a statement that all but China backed in full, as the United States insisted that the presence of a Russian minister had no effect on talks.",https://www.rte.ie/images/0024f073-1600.jpg,2026-09-02T04:06:07Z,,"G20 finance leaders closed their two-day gathering with a statement that all but China backed in full, as the United States insisted that the presence of a Russian minister had no effect on talks.
U… [+4320 chars]",,en,'russia'
68,https://www.juancole.com/2026/09/shanghai-cooperation-condemns.html,0,www.juancole.com,Shanghai Cooperation Org. Roundly Condemns War on Iran,The Bishkek statement condemned the war on Iran noting the civilian casualties and extensive economic damage from strikes on that country,https://media.juancole.com/images/2026/09/mike-dudin-I1wB8lmDEoU-unsplash.jpg,2026-09-02T04:15:53Z,,"Ann Arbor (Informed Comment) – The Shanghai Cooperation Organization wrapped up its summit in Bishkek, Kyrgyzstan, on September 1. Its members include Russia, China, India, Pakistan, Iran, Belarus, U… [+3794 chars]",,en,'Bishkek'
69,https://www.gsmarena.com/nubias_navix_ultra_ai_phone_is_coming_this_month-news-74440.php,0,www.gsmarena.com,nubia's NaviX Ultra AI phone is coming this month,"Back in July, nubia first talked about the NaviX Ultra, an ""AI-powered smartphone"" because nubia didn't want to let a company you've probably never heard of claim that title all by itself.

Now the nubia NaviX Ultra has been certified in China by the Ministry…",https://fdn.gsmarena.com/imgroot/news/26/09/nubia-navix-ultra-september/-952x498w6/gsmarena_000.jpg,2026-09-02T04:16:02Z,,"Back in July, nubia first talked about the NaviX Ultra, an ""AI-powered smartphone"" because nubia didn't want to let a company you've probably never heard of claim that title all by itself.
Now the n… [+974 chars]",,en,'China'
70,https://www.bbc.co.uk/news/articles/c9v9yydy2wvo,0,www.bbc.co.uk,Zelensky says airlines should avoid Russian airspace as Ukraine escalates drone operations,"Chinese and Gulf state airlines are among those still using Russian airspace. Meanwhile, Russia says it will intensify its own attacks on Ukraine.",https://ichef.bbci.co.uk/ace/branded_news/1200/cpsprodpb/a3a3/live/cb052080-a663-11f1-8e27-73ef28718a3e.jpg,2026-09-02T04:23:23Z,http://web.archive.org/web/20260902060217/https://www.bbc.co.uk/news/articles/c9v9yydy2wvo,"Ukraine's president has told airlines that Russian airspace will be ""effectively closing"" as his country escalates its drone strikes. 
""We want to warn every airline that uses Russian airspace, ever… [+3208 chars]",,en,'China'
71,https://economictimes.indiatimes.com/news/international/world-news/bessent-says-19-finance-ministers-agreed-cheap-exports-are-unsustainable-but-china-dissented/articleshow/133697655.cms,0,economictimes.indiatimes.com,"Bessent says 19 finance ministers agreed 'cheap exports' are unsustainable, but China dissented","Treasury Secretary Scott Bessent stated nineteen G20 members agreed to address cheap exports. China dissented from this agreement, which aims to curb global economic imbalances. Bessent urged other nations to adopt measures similar to the Trump administration…","https://img.etimg.com/thumb/msid-133697675,width-1200,height-630,imgsize-34826,overlay-economictimes/articleshow.jpg",2026-09-02T04:24:11Z,,"Asheville: Treasury Secretary Scott Bessent said Tuesday that 19 of the members of the G20 had agreed to address streams of ""cheap exports"" that cause global economic imbalances, but said China had d… [+4658 chars]",,en,'China'
72,https://economictimes.indiatimes.com/news/international/world-news/taiwan-says-its-companies-plan-to-invest-another-20-billion-in-us/articleshow/133697633.cms,0,economictimes.indiatimes.com,Taiwan says its companies plan to invest another $20 billion in US,Taiwanese firms plan additional twenty billion dollars investment in the United States. This significant investment is driven by increasing demand for artificial intelligence applications. The announcement came from Taiwan's economy minister at a trade show i…,"https://img.etimg.com/thumb/msid-133697677,width-1200,height-630,imgsize-71508,overlay-economictimes/articleshow.jpg",2026-09-02T04:24:22Z,,"TAIPEI, Taiwanese companies are planning another $20 billion of investments in the U.S. driven by demand for AI applications, the island's economy minister said on Wednesday without giving details, t… [+2044 chars]",,en,'Taiwan'
73,https://www.abc.net.au/news/2026-09-02/australians-found-after-nepal-tibet-flood-disaster/107105860,0,www.abc.net.au,"Four Australians found in Nepal, but dozens of others still missing","A week on from the flood disaster, another four Australians have been found safe.",https://live-production.wcms.abc-cdn.net.au/a7f797f592e3dd28cf8a08f55dae6e03?impolicy=wcms_watermark_news&cropH=2813&cropW=5000&xPos=0&yPos=261&width=862&height=485&imformat=generic,2026-09-02T04:24:43Z,http://web.archive.org/web/20260902043022/https://www.abc.net.au/news/2026-09-02/australians-found-after-nepal-tibet-flood-disaster/107105860,"Four more Australians have been confirmed safe in the Nepal-Tibet flood disaster, but 38 others remain unaccounted-for as loved ones urge authorities to do more to find those missing.
Five Australia… [+2915 chars]",,en,'China'
74,https://www.rediff.com/sports/report/lakshya-sen-exits-china-masters-srikanth-progresses/20260902.htm,0,www.rediff.com,"Sen Knocked Out Of China Masters, Srikanth Through","Lakshya Sen faced an early exit from the China Masters after a straight-games defeat to Canada's Victor Lai, marking his third loss to the Canadian. Meanwhile, Kidambi Srikanth secured his spot in the second round by defeating Chi Yu Jen of Chinese Taipei. In…",https://im.rediff.com/1200-630/sports/2023/jul/10sen3.jpg,2026-09-02T04:26:40Z,,"Indian badminton star Lakshya Sen faced an unexpected early exit from the China Masters after a defeat to Victor Lai, while Kidambi Srikanth and the mixed doubles pair of Dhruv Kapila and Tanisha Cra… [+2530 chars]",,en,'China'
75,https://www.business-standard.com/finance/news/temasek-backed-philanthropy-group-expands-india-network-backs-2-ventures-126090101278_1.html,0,www.business-standard.com,"Temasek-backed philanthropy group expands India network, backs 2 ventures","Temasek Trust's Philanthropy Asia Alliance is expanding in India with support for education and rural women ventures, while exploring climate, health and AI-led solutions",https://bsmedia.business-standard.com/_media/bs/img/article/2026-09/01/thumb/fitandfill/1200X628/1788285674-7073.jpg,2026-09-02T04:30:03Z,,"Temasek Trust's Philanthropy Asia Alliance is expanding in India with support for education and rural women ventures, while exploring climate, health and AI-led solutions
Shaun Seow, chief executive… [+5424 chars]",,en,'China'
76,https://everything-everywhere.com/the-watergate-scandal/,0,everything-everywhere.com,The Watergate Scandal,"Podcast Transcript On June 17, 1972, a seemingly minor burglary at a Washington, D.C. office building set off a chain of events that would shake the American political system to its core.  What began with five arrests soon revealed secret campaign operations,…",https://photos.smugmug.com/Other/n-hRFP2/Podcast-Images/i-VGxk7Dz/0/LRvBj26C63khz65gKDsZChxF7xqzj8GzJgnDBCz9m/L/2249epart-L.jpg,2026-09-02T04:34:31Z,,"On June 17, 1972, a seemingly minor burglary at a Washington, D.C. office building set off a chain of events that would shake the American political system to its core. 
What began with five arrests… [+12587 chars]",,en,'WASHINGTON'
77,https://www.rte.ie/news/world/2026/0902/1590027-nepal-flooding/,0,www.rte.ie,"Funerals in Nepal for missing, a week after deadly floods","Nepali families were holding symbolic funeral ceremonies to ""liberate the souls"" of loved ones missing since deadly flash floods swept away their villages and homes in the Himalayan region a week ago.",https://www.rte.ie/images/0024f077-1600.jpg,2026-09-02T04:38:09Z,,"Nepali families were holding symbolic funeral ceremonies to ""liberate the souls"" of loved ones missing since deadly flash floods swept away their villages and homes in the Himalayan region a week ago… [+3597 chars]",,en,'Nepal'
78,https://www.thehindubusinessline.com/news/as-climate-change-warms-the-himalayas-disasters-like-the-nepal-floods-are-becoming-more-frequent/article71418043.ece,0,www.thehindubusinessline.com,"As climate change warms the Himalayas, disasters like the Nepal floods are becoming more frequent",The risk of natural disasters in the Hindu Kush Himalayan region is rising as it is warming at a considerably faster pace than many other parts of the world,https://bl-i.thgim.com/public/incoming/rj3jrb/article71418095.ece/alternates/LANDSCAPE_1200/PTI09_02_2026_000017B.jpg,2026-09-02T04:40:53Z,,"When a wall of water, rocks and mud tore through her remote village in Nepal last week, Pema Tamang and her neighbours fled uphill to a Buddhist shrine that had been rebuilt the previous year after a… [+5544 chars]",,en,'China'
79,https://economictimes.indiatimes.com/news/india/sridhar-vembu-7-8-gdp-growth-modi-foreign-travel-gold-forex-east-nations-strategy-japan-example/articleshow/133697636.cms,0,economictimes.indiatimes.com,"India's 7.8% growth, yet no foreign trips, no gold: Sridhar Vembu explains Modi’s message","With India's robust economic expansion comes a pressing need to manage foreign exchange effectively. Zoho's Sridhar Vembu emphasizes that as growth accelerates, so does the reliance on imported energy and technology. To ensure long-term sustainability, India …","https://img.etimg.com/thumb/msid-133698062,width-1200,height-630,imgsize-100310,overlay-economictimes/articleshow.jpg",2026-09-02T04:41:16Z,,"Indias 7.8% economic growth has triggered a new question, mostly online: if the economy is growing this fast, why is Prime Minister Narendra Modi asking Indians to cut back on overseas travel, foreig… [+3830 chars]",,en,'India'
80,https://www.profootballnetwork.com/wnba/she-didnt-have-to-say-it-like-that-wnba-rips-team-usa-kara-lawson-admission-aja-wilson-kelsey-plum/,0,www.profootballnetwork.com,"‘She Didn’t Have To Say It Like That’ – WNBA World Rips Team USA HC Kara Lawson’s Bold Admission About A’ja Wilson, Kelsey Plum","Team USA HC Kara Lawson has sparked controversy with her bold statement that A’ja Wilson and Kelsey Plum will not play in the FIBA Women’s Basketball World Cup in Berlin. Her comment didn’t sit well with the WNBA world, attracting plenty of scathing comments.",https://s.yimg.com/lo/mysterio/api/22ee018814618eb3301d16e059573ce463ac6c26eb10a2eb2a938f3a2a2ec211/lightyear_networkapi/resizefill_w1200%3Bquality_80%3Bformat_webp/https%3A%2F%2Fmedia.zenfs.com%2Fen%2Fpro_football_network_512%2F8c99d60342069759dd0420bf9ac3b004.jpg,2026-09-02T04:42:33Z,,Team USA HC Kara Lawson has sparked controversy with her bold statement that A'ja Wilson and Kelsey Plum will not play in the FIBA Women's Basketball World Cup in Berlin. Her comment didn't sit well … [+2960 chars],,en,'Berlin'
81,https://economictimes.indiatimes.com/news/sports/badminton/china-masters-lakshya-sen-makes-another-early-exit-kidambi-srikanth-progresses/articleshow/133698213.cms,0,economictimes.indiatimes.com,"China Masters: Lakshya Sen makes another early exit, Kidambi Srikanth progresses",Lakshya Sen exited the China Masters after a listless performance against Victor Lai. Kidambi Srikanth progressed to the second round after beating Chi Yu Jen. India's mixed doubles pair Dhruv Kapila and Tanisha Crasto also advanced. Sen struggled to find a w…,"https://img.etimg.com/thumb/msid-133698270,width-1200,height-630,imgsize-79776,overlay-economictimes/articleshow.jpg",2026-09-02T04:51:49Z,,"Shenzhen, Lakshya Sen was knocked out of the China Masters after a listless performance against Canada's Victor Lai but Kidambi Srikanth progressed to the second round here on Wednesday.Lakshya, a 20… [+1503 chars]",,en,'India'
82,https://abcnews.com/video/136128536/,0,abcnews.com,WATCH: Los Angeles Zoo celebrates milestone after their great ape baby boom,David Muir reports on how much the great apes have grown over the past year – and what their births mean for the endangered species.,https://i.abcnewsfe.com/a/68b8d3ca-29e4-40e1-81c5-a2c8ca4b5aec/260901_wn_ender_hpMain_16x9.jpg?w=992,2026-09-02T05:53:03Z,http://web.archive.org/web/20260902234331/https://abcnews.com/video/136128536/,"<ul><li>Nepal-Tibet flood death toll tops 1,000 as rescue efforts continue
</li><li>Anthropic meet on new AI rules, regulations and concerns surrounding the software
</li><li>Tropical Storm Edouard… [+4613 chars]",,en,'Tibet'
83,https://www.npr.org/2026/09/02/nx-s1-5947220/morning-news-brief,0,www.npr.org,Morning news brief,"U.S. military strikes rock Iran for a second day in a row, Trump attempts to combat rising gas prices as midterm approaches, Sen. Ed Markey wins Massachusetts' Democratic primary.",https://media.npr.org/include/images/facebook-default-wide-s1400-c85.jpg,2026-09-02T08:43:34Z,,"U.S. military strikes rock Iran for a second day in a row, Trump attempts to combat rising gas prices as midterm approaches, Sen. Ed Markey wins Massachusetts' Democratic primary.",,en,'Iran'
84,https://www.bbc.co.uk/news/articles/cg59d09nyyvo,0,www.bbc.co.uk,UK aid worker says he was mistaken for survivor in Nepal,Alastair Chambers says the mix-up was after he returned to Kathmandu after flying back in an aid helicopter.,https://ichef.bbci.co.uk/ace/branded_news/1200/cpsprodpb/28d2/live/e33af8e0-a6aa-11f1-b048-153395f36aa1.jpg,2026-09-02T09:24:23Z,http://web.archive.org/web/20260903020430/https://www.bbc.co.uk/news/articles/cg59d09nyyvo,"A British aid worker has spoken about being mistaken as a survivor of Nepal's flash floods, after it was incorrectly announced he had been rescued.
Alastair Chambers, from Gloucester, said the mix-u… [+1550 chars]",,en,'Nepal'
85,https://uk.news.yahoo.com/us-iran-exchange-attacks-lull-024046890.html,0,uk.news.yahoo.com,"US pounds Iran, Tehran strikes back at bases in biggest exchange since July","WASHINGTON/CAIRO, Sept 2 (Reuters) - Iran and its Arab neighbours were plunged back into war on Wednesday by the biggest exchange of fire between Tehran and...",https://s.yimg.com/lo/mysterio/api/c2714bbfbcd7843ab7894d6e935403afa6a543011a72a69044d3f43311a10d2e/lightyear_networkapi/resizefill_w446_h800%3Bquality_80%3Bformat_jpg/https%3A%2F%2Fmedia.zenfs.com%2Fen%2Freuters.com%2F5c1b80d9b61be606617d377191dc5733.jpg,2026-09-02T09:42:04Z,http://web.archive.org/web/20260903095316/https://uk.news.yahoo.com/us-iran-exchange-attacks-lull-024046890.html,"By Kanishka Singh and Ahmed Tolba
WASHINGTON/CAIRO, Sept 2 (Reuters) - Iran and its Arab neighbours were plunged back into war on Wednesday by the biggest exchange of fire between Tehran and Washing… [+5415 chars]",,en,'Cairo'
86,https://abcnews.com/International/nepal-tibet-flood-death-toll-tops-1100-tens/story?id=136136947,0,abcnews.com,"Nepal-Tibet flood death toll tops 1,100 as tens of thousands search for missing","The Nepali prime minister said the government's focus would shift to ""rehabilitation.""",https://i.abcnewsfe.com/a/e27afa30-a90a-401b-873e-4c3ad5680616/nepal-main_1788342914571_hpMain_16x9.jpg?w=1600,2026-09-02T10:40:02Z,http://web.archive.org/web/20260902234321/https://abcnews.com/International/nepal-tibet-flood-death-toll-tops-1100-tens/story?id=136136947,"LONDON -- The death toll following the massive flash flooding along the Nepal-Tibet border climbed on Wednesday to 1,114 in Nepal, officials said, as the country's leader said his government would be… [+2748 chars]",,en,'Tibet'
87,https://www.bbc.co.uk/news/articles/c74k39g3ee5o,0,www.bbc.co.uk,Criminals publish data of 8.7m people after airports hack,"The company, which owns Manchester, Stansted and East Midlands airports, was hacked last month.",https://ichef.bbci.co.uk/ace/branded_news/1200/cpsprodpb/fa2e/live/1c4ecf40-a6be-11f1-ae1e-219da1d6451a.jpg,2026-09-02T11:00:59Z,,"Stolen data experts at HaveIBeenPwned have analysed the published data and confirmed that it contains people's email addresses, phone numbers, addresses, licence plate numbers, purchasing history and… [+1465 chars]",,en,'Manchester'
88,https://www.yahoo.com/news/videos/zelenskyy-vows-retaliation-russia-launches-112906768.html,0,www.yahoo.com,Zelenskyy Vows Retaliation After Russia Launches Massive Attack,"Russia launched a massive bombardment across Ukraine, targeting warehouses and damaging private homes, according to local officials. Ukraine’s President Volo...",https://s.yimg.com/lo/mysterio/api/3496576344200d7d609c38a143d08948f67d861273d7fa4a8e4320001da00015/lightyear_networkapi/resizefill_w1200%3Bquality_80%3Bformat_jpg/https%3A%2F%2Fmedia.zenfs.com%2Fen%2Fnbcu_713%2Fdc9cc8c219a6e5d75d6c0c14694baf86.jpg,2026-09-02T11:29:06Z,http://web.archive.org/web/20260903045025/https://www.yahoo.com/news/videos/zelenskyy-vows-retaliation-russia-launches-112906768.html,"Russia launched a massive bombardment across Ukraine, targeting warehouses and damaging private homes, according to local officials. Ukraine's President Volodymyr Zelenskyy is vowing retaliation, war… [+188 chars]",,en,'russia'
89,https://www.bbc.co.uk/news/articles/c62j50n131mo,0,www.bbc.co.uk,Rosenberg: Putin's veiled threat to UK part of Russia's campaign against West,The Russian president wants to keep Britain guessing - and stressing - over Moscow's real intentions.,https://ichef.bbci.co.uk/ace/branded_news/1200/cpsprodpb/f73a/live/e93452f0-a6c3-11f1-b109-879e35c24276.jpg,2026-09-02T11:47:11Z,,"But look what's happening elsewhere in Europe. 
Germany now says Russia was responsible for last month's drone attack at Leipzig airport. 
Putin accused Germany of ""planting the evidence"". But Germ… [+2426 chars]",,en,'UK'
90,https://www.rte.ie/news/world/2026/0902/1590082-us-marines-thailand/,0,www.rte.ie,"Thailand welcomes 5,000 US sailors after months at sea","Around 5,000 US sailors and marines arrived in Thailand and headed for a resort town after a Middle East deployment that sparked concerns over conditions on board.",https://www.rte.ie/images/0024f150-1600.jpg,2026-09-02T11:59:03Z,,"Around 5,000 US sailors and marines arrived in Thailand and headed for a resort town after a Middle East deployment that sparked concerns over conditions on board.
The crew of the USS Abraham Lincol… [+3971 chars]",,en,'George Town'
https://www.yahoo.com/news/politics/articles/lawmakers-ask-army-explain-why-120058901.html,https://www.yahoo.com/news/politics/articles/lawmakers-ask-army-explain-why-120058901.html,0,www.yahoo.com,Lawmakers ask Army to explain why it told a military unit to stop specializing in drone warfare,"A bipartisan group of U.S. lawmakers is pressing the Army to explain why it told a unit based in Europe to stop specializing in drone warfare, an order that...",https://s.yimg.com/lo/mysterio/api/5acacd4e5a5843bde5e39a6e5c5f29e7351d461bbfd36fb5a28249632bd7eb81/lightyear_networkapi/resizefill_w1200%3Bquality_80%3Bformat_jpg/https%3A%2F%2Fmedia.zenfs.com%2Fen%2Fap.org%2Fcda3e366d9d451c67875937e1bf82660.jpg,2026-09-02T12:00:58Z,http://web.archive.org/web/20260903010359/https://www.yahoo.com/news/politics/articles/lawmakers-ask-army-explain-why-120058901.html,"WASHINGTON (AP) A bipartisan group of U.S. lawmakers is pressing the Army to explain why it told a unit based in Europe to stop specializing in drone warfare, an order that comes as the world's battl… [+3105 chars]",,en,'Europe'
91,https://www.yahoo.com/news/videos/iran-war-driving-everyday-american-121838554.html,0,www.yahoo.com,How the Iran War is Driving Up Everyday American Costs,"As the war between the United States and Iran ramps up again, it continues to have a major impact on American's wallets with rising oil prices, interest rate...",https://s.yimg.com/lo/mysterio/api/8bd4e347878a3f42b78c295af755e7558b251d35d76590919ca893e3db943f8c/lightyear_networkapi/resizefill_w1200%3Bquality_80%3Bformat_jpg/https%3A%2F%2Fmedia.zenfs.com%2Fen%2Fnbcu_713%2Ffc019cab7d58fcbcdcd0f7935cd965c1.jpg,2026-09-02T12:18:38Z,,"As the war between the United States and Iran ramps up again, it continues to have a major impact on American's wallets with rising oil prices, interest rates and more. NBC's chief business correspon… [+105 chars]",,en,'Iran'
92,https://matadornetwork.com/read/european-second-cities/,0,matadornetwork.com,"Best ""second cities"" in Europe","From Florence to Munich, Europe’s second cities show you the soul of a country — with fewer crowds but all the charm.",https://cdn1.matadornetwork.com/blogs/1/2018/09/Douro-River-with-traditional-Rabelo-boats-in-Porto-Portugal-1200x854.jpg,2026-09-02T13:00:00Z,,"Florence, Italy
Florence, known as the cradle of the Renaissance, is an elegant town tucked into a wooded valley in Tuscany — rich in art, history, and architecture. It’s also less overwhelming than… [+6073 chars]",,en,'Europe'
93,https://www.aljazeera.com/news/2026/9/2/chinas-xi-visits-egypts-el-sisi-why-it-matters,0,www.aljazeera.com,China’s Xi visits Egypt’s el-Sisi: Why it matters,Xi Jinping's historic Egypt visit aims to strengthen China-Egypt ties amid rising Middle East tensions.,https://www.aljazeera.com/wp-content/uploads/2026/09/afp_6a97f983d508-1788344707_a590e2-1788355585.jpg?resize=1200%2C630&quality=80,2026-09-02T15:00:30Z,,"Chinese President Xi Jinping is visiting Egypt for the first time in a decade, as Cairo looks to foster deeper economic and military ties with Beijing while maintaining its long-standing relationship… [+5208 chars]",,en,'China'
94,https://www.aljazeera.com/news/2026/9/2/chinas-xi-urges-new-middle-east-security-framework-during-rare-egypt-visit,0,www.aljazeera.com,China’s Xi urges new Middle East security framework during rare Egypt visit,"Chinese, Egyptian leaders discuss the US-Israel war on Iran, which has prompted regional powers to rethink defence.",https://www.aljazeera.com/wp-content/uploads/2026/09/AFP__20260902__C76B4ZT__v1__HighRes__EgyptChinaPoliticsDiplomacy-1788358904.jpg?resize=1920%2C1440,2026-09-02T15:42:01Z,,"Chinese President Xi Jinping has called on Middle East countries to oppose external influence and consider reshaping the regions security order.
Xis remarks on Wednesday to his Egyptian counterpart … [+3550 chars]",,en,'Egypt'
95,https://www.scientificamerican.com/article/how-the-super-el-nino-could-turbocharge-warming-in-the-himalayas/,0,www.scientificamerican.com,How the super El Niño could turbocharge warming in the Himalayas,"After one of the worst natural disasters in the region’s history, attention is turning to the looming super El Niño",https://static.scientificamerican.com/dam/asset/87e5e3e8-1c2d-4de4-bb92-c720092cd42f/himalayas.jpg?m=1788373281.869&w=1200,2026-09-02T18:00:00Z,http://web.archive.org/web/20260902213405/https://www.scientificamerican.com/article/how-the-super-el-nino-could-turbocharge-warming-in-the-himalayas/,"Rescue operations and clean-up crews are still working in the wake of last week’s devastating debris avalanche and floods in Nepal and Tibet. Researchers believe the catastrophe, which has so far kil… [+3687 chars]",,en,'Nepal'
96,https://consent.yahoo.com/v2/collectConsent?sessionId=1_cc-session_9ddf3d51-da84-4edf-ae7c-4f3c7f12d7e7,0,consent.yahoo.com,Moscow vows to avoid airspace disruption despite Zelenskiy's warning,,,2026-09-02T20:05:41Z,,"If you click 'Accept all', we and our partners, including 251 who are part of the IAB Transparency &amp; Consent Framework, will also store and / or access information on a device (in other words, us… [+1046 chars]",,en,'MOSCOW'
97,https://www.nature.com/articles/s41598-026-69077-2.pdf,0,www.nature.com,"Genomic and epidemiological comparative analysis of clinical Campylobacter isolates from public and private healthcare centers in Santiago, Chile","Scientific Reports - Genomic and epidemiological comparative analysis of clinical Campylobacter isolates from public and private healthcare centers in Santiago, Chile",,2026-09-03T00:00:00Z,,"<li>Hospital de Niños Roberto del Río, Santiago, Chile
Dona Benadof
</li><li>Centro de Investigación Clínica Avanzada (CICA), Santiago, Chile
Dona Benadof &amp; Mirta I. Acuña-Ávila
</li><li>Depa… [+1950 chars]",,en,'Santiago'
98,https://punchng.com/fury-confirms-joshua-fight-in-usa/,0,punchng.com,Fury confirms Joshua fight in USA,"Tyson Fury confirms his heavyweight showdown with Anthony Joshua will take place at Madison Square Garden, New York. Get details on the venue and ongoing n

Read More: https://punchng.com/fury-confirms-joshua-fight-in-usa/",https://cdn.punchng.com/wp-content/uploads/2026/09/03003915/J-vs-F_1788392355.webp,2026-09-03T00:07:15Z,,"Tyson Fury has confirmed that his long-awaited heavyweight showdown with British-Nigerian Anthony Joshua, will take place at Madison Square Garden in New York, ending months of uncertainty over the v… [+2381 chars]",,en,'USA'
99,https://www.yahoo.com/news/world/articles/exclusive-nepal-rebuild-early-warning-133616693.html,0,www.yahoo.com,"Exclusive-Nepal to rebuild early-warning system on China border after deadly flood, sources say","By Sarita Chaganti Singh Sept 2 (Reuters) - Nepal plans to rebuild an early-warning system for landslides on part of its border with China, installing seismi...",https://s.yimg.com/lo/mysterio/api/051a660ddab3c95063777197987ee12b16e8a78388ef494f92448952a0af3f5d/lightyear_networkapi/resizefill_w800_h612%3Bquality_80%3Bformat_jpg/https%3A%2F%2Fmedia.zenfs.com%2Fen%2Freuters.com%2F27ff91154d960705bcbcf2266b59ccd5.jpg,2026-09-03T03:31:44Z,http://web.archive.org/web/20260903052406/https://www.yahoo.com/news/world/articles/exclusive-nepal-rebuild-early-warning-133616693.html,"By Sarita Chaganti Singh
Sept 2 (Reuters) - Nepal plans to rebuild an early-warning system for landslides on part of its border with China, installing seismic sensors, cameras and a satellite link, … [+3556 chars]",,en,'Nepal'
100,https://www.businessinsider.com/hundreds-firms-apply-trophy-lab-ukraine-russian-weapons-2026-9#article,0,www.businessinsider.com,Hundreds of firms are trying to access a new website that lets them study salvaged Russian weapons,"Ukraine said over 430 firms have applied for access to TrophyLab, its new catalog of over 115 Russian weapons that also offers physical samples.",https://i.insider.com/6a98eddcb56943d508c4aeb8?width=1200&format=jpeg,2026-09-03T05:09:58Z,,"A captured Russian tank seen near the front lines in 2023.Ercin Erturk/Anadolu Agency via Getty Images
<ul><li>Ukraine says hundreds of firms have applied to join TrophyLab, its new catalog of Russi… [+2560 chars]",,en,'Ukraine'
101,https://www.naturalnews.com/2026-09-03-russian-forces-strike-energy-facilities-in-odessa.html,0,www.naturalnews.com,"Russian Forces Strike Energy Facilities in Odessa, Says Defense Ministry","The Russian armed forces have hit energy infrastructure facilities that support the operation of Ukrainian ports in Odessa and the Odessa region, according to a statement from the Russian Defense Ministry on Wednesday. The announcement, reported by Sputnik, s…",https://www.naturalnews.com/wp-content/uploads/sites/91/2026/09/russian-armed-forces-energy-infrastructure-odessa-ports-3829-original.jpg,2026-09-03T06:00:00Z,,"The Russian armed forces have hit energy infrastructure facilities that support the operation of Ukrainian ports in Odessa and the Odessa region, according to a statement from the Russian Defense Min… [+5719 chars]",,en,'Donbass'
102,https://www.prnewswire.com/news-releases/aurra-markets-receives-most-transparent-broker-award-in-mumbai-302868741.html,0,www.prnewswire.com,Aurra Markets Receives 'Most Transparent Broker' Award in Mumbai,"Aurra Markets wins the 'Most Transparent Broker' award at Money Expo Mumbai 2026. Read about our MT5 infrastructure and Aurra Wallet. MUMBAI, India, Sept. 3, 2026 /PRNewswire/ -- Aurra Markets Wins 'Most Transparent Broker' Award at Money Expo Mumbai Aurra Ma…",https://mmx.prnewswire.com/media/MS1980155/20260901230808EDT_image_1.jpg?id=OA2925091&p=facebook,2026-09-03T06:56:00Z,,"Aurra Markets wins the 'Most Transparent Broker' award at Money Expo Mumbai 2026. Read about our MT5 infrastructure and Aurra Wallet.
MUMBAI, India, Sept. 3, 2026 /PRNewswire/ --Aurra Markets Wins '… [+2204 chars]",,en,'Mumbai'
103,https://www.yahoo.com/news/articles/iran-warns-us-against-israeli-070203416.html,0,www.yahoo.com,"Iran warns US against Israeli attack on south Lebanon ridge held by Hezbollah, sources say","By Maya Gebeily BEIRUT, Sept 3 (Reuters) - Iran has warned the United States that it would respond forcefully to an Israeli offensive on a mountainous ridge...",https://s.yimg.com/lo/mysterio/api/9a766095ac5917d8f5f3004977ece320ac70ff0482b1e43b107ec0c6175ac5d9/lightyear_networkapi/resizefill_w800_h450%3Bquality_80%3Bformat_jpg/https%3A%2F%2Fmedia.zenfs.com%2Fen%2Freuters.com%2F118dfaa85cdf05604a5a68ad165050a9.jpg,2026-09-03T07:02:03Z,,"By Maya Gebeily
BEIRUT, Sept 3 (Reuters) - Iran has warned the United States that it would respond forcefully to an Israeli offensive on a mountainous ridge in southern Lebanon where Iranian militar… [+5054 chars]",,en,'Lebanon'
104,https://abcnews.com/International/zelenskyy-foreign-airlines-suspend-russia-flights-after-ukrainian/story?id=136164969,0,abcnews.com,Zelenskyy says foreign airlines suspend Russia flights after Ukrainian warning,"Zelenskyy said this week that Russian airspace ""will effectively be closing.""",https://s.yimg.com/lo/mysterio/api/48f21ce62bf779bed6905e369273338113f8d33cd128e5dfd407faaa25c61128/lightyear_networkapi/resizefill_w1200%3Bquality_80%3Bformat_jpg/https%3A%2F%2Fmedia.zenfs.com%2Fen%2Fus.abcnews.gma.com%2F2a38acb386eb1d4045785cfa8f8d252c.jpg,2026-09-03T08:29:48Z,http://web.archive.org/web/20260903225013/https://abcnews.com/International/zelenskyy-foreign-airlines-suspend-russia-flights-after-ukrainian/story?id=136164969,Ukrainian President Volodymyr Zelenskyy said on Thursday that the first airlines had begun suspending flights to Russian airports following his vow earlier this week to force the closure of Russian a… [+3754 chars],,en,'Russia'
105,https://www.businessinsider.com/ukraine-special-forces-units-clashed-downtonw-shootout-gur-sbu-2026-9#article,0,www.businessinsider.com,Ukrainian special forces units clashed with each other in a bitter downtown Kyiv shootout,"Ukrainian President Volodymyr Zelenskyy slammed the incident as ""absolutely shameful,"" vowing personnel changes among leaders responsible.",https://i.insider.com/6a9940b1b56943d508c4af45?width=1200&format=jpeg,2026-09-03T10:20:13Z,http://web.archive.org/web/20260912065759/https://www.businessinsider.com/ukraine-special-forces-units-clashed-downtonw-shootout-gur-sbu-2026-9,"Servicemen of the Security Service of Ukraine stand next to a ""SeaBaby"" seadrone.GENYA SAVILOV/AFP via Getty Images
<ul><li>Two units run by Ukraine's spy agencies fought each other in a shootout in… [+3355 chars]",,en,'Ukraine'
106,https://abcnews.com/International/nepal-floods-death-toll-climbs-1252-rescue-efforts/story?id=136167244,0,abcnews.com,"Nepal floods death toll climbs to 1,252 as rescue efforts continue","An additional 4,216 people were believed to still be missing, officials said.",https://i.abcnewsfe.com/a/c5524a5d-b2bf-4242-a7a7-e4f667dd30b9/nepal-main_1788433991420_hpMain_16x9.jpg?w=1600,2026-09-03T11:35:18Z,http://web.archive.org/web/20260903231340/https://abcnews.com/International/nepal-floods-death-toll-climbs-1252-rescue-efforts/story?id=136167244,"LONDON -- The death toll following an unprecedented flash flood at the Nepal-Tibet border has climbed to 1,252, with an additional 4,216 people believed to still be missing, officials said.
These fi… [+1142 chars]",,en,'Tibet'
107,https://www.theatlantic.com/international/2026/09/china-nepal-food-xi-jinping/688484/,0,www.theatlantic.com,What the Floods Say About Xi Jinping,China’s leader behaves more like an emperor than a man of the people.,https://cdn.theatlantic.com/thumbor/I3L_MpT4Hz2pQWBkAnNDMO_b5j4=/0x21:1498x801/1200x625/media/img/mt/2026/09/2026_09_02_.What_The_Floods_Say_About_Xi_Jinpingjpg/original.jpg,2026-09-03T12:06:00Z,,"When the Yangtze River flooded in 1998 and inundated villages in central China, Jiang Zemin, the Communist Party’s general secretary, was on the scene, bullhorn in hand, to encourage local relief eff… [+5806 chars]",,en,'Tibet'
108,https://www.yahoo.com/news/videos/putin-floats-chance-peace-agreement-121043789.html,0,www.yahoo.com,Putin Floats Chance of Peace Agreement to End War With Ukraine,"Russian President Vladimir Putin is saying there is a chance of a peace agreement to end the war in Ukraine. However, he said, the conflict must be resolved...",https://s.yimg.com/lo/mysterio/api/4b0c9b26abff642dcddd726264712462ffccbddbb5ca64ea2254373f56353b42/lightyear_networkapi/resizefill_w1200%3Bquality_80%3Bformat_jpg/https%3A%2F%2Fmedia.zenfs.com%2Fen%2Fnbcu_713%2Ffe69e049a9f473f4ccd1aeb1cc3c27ad.jpg,2026-09-03T12:10:43Z,http://web.archive.org/web/20260905113611/https://www.yahoo.com/news/videos/putin-floats-chance-peace-agreement-121043789.html,"Russian President Vladimir Putin is saying there is a chance of a peace agreement to end the war in Ukraine. However, he said, the conflict must be resolved by the countries involved and not by leade… [+60 chars]",,en,'Ukraine'
109,https://www.yahoo.com/news/politics/articles/putin-cites-chance-peace-deal-095255693.html,0,www.yahoo.com,"Putin cites chance of peace deal, Ukraine sees 'new dynamic'","By Vladimir Soldatkin VLADIVOSTOK, Russia, Sept 3 (Reuters) - Russian President Vladimir Putin said on Thursday there was a chance of reaching an agreement t...",https://s.yimg.com/lo/mysterio/api/cd23e3b326474f684580af89343cb6421c4ae7865559ede117385f2e7134dd18/lightyear_networkapi/resizefill_w800_h533%3Bquality_80%3Bformat_jpg/https%3A%2F%2Fmedia.zenfs.com%2Fen%2Freuters.com%2F980799564f7161f0c1efff2f5f970256.jpg,2026-09-03T12:25:42Z,http://web.archive.org/web/20260904023001/https://www.yahoo.com/news/politics/articles/putin-cites-chance-peace-deal-095255693.html,"By Vladimir Soldatkin
VLADIVOSTOK, Russia, Sept 3 (Reuters) - Russian President Vladimir Putin said on Thursday there was a chance of reaching an agreement to end the war in Ukraine, while Kyiv said… [+3153 chars]",,en,'Russia'
110,https://uk.news.yahoo.com/russia-recruits-danes-sabotage-planning-072516888.html,0,uk.news.yahoo.com,"Russia recruits Danes for sabotage planning, Denmark says","COPENHAGEN, Sept 3 () - Russia is recruiting Danish citizens to help plan sabotage against Danish defence firms with ties to ‌Ukraine, the Nordic country's n...",https://s.yimg.com/lo/mysterio/api/23c763a0d3a3a637694842adb12dd934b608e6f06146e5ef742083fe245c1894/lightyear_networkapi/resizefill_w800_h540%3Bquality_80%3Bformat_jpg/https%3A%2F%2Fmedia.zenfs.com%2Fen%2Freuters.com%2F0ab366c15fb5e8e0167bac7969a17f31.jpg,2026-09-03T13:22:24Z,,"COPENHAGEN, Sept 3 (Reuters) - Russia is recruiting Danish citizens to help plan sabotage against Danish defence firms with ties to Ukraine, the Nordic country's national security and intelligence se… [+1793 chars]",,en,'russia'
111,https://www.rt.com/russia/645089-lavrov-eef-forum-takeaways/,0,www.rt.com,‘West wants to dictate’: Lavrov on ‘Führer Ursula’ and NATO’s drive to divide Eurasia (KEY REMARKS),"The EU is sacrificing its economy for anti-Russia militarization as the West seeks to divide Eurasia and freeze the Ukraine conflict, Russian Foreign Minister Sergey Lavrov has said",https://mf.b37mrtl.ru/files/2026.09/article/6a997281203027210a4d9d42.jpg,2026-09-03T13:35:16Z,http://web.archive.org/web/20260904193115/https://www.rt.com/russia/645089-lavrov-eef-forum-takeaways/,"The EU and NATO are pursuing an increasingly aggressive campaign to attempt to divide Eurasia, contain Russia and China, and preserve Western global dominance, while hurting themselves in the process… [+7471 chars]",,en,'Ukraine'
112,https://finance.yahoo.com/energy/articles/oil-prices-rise-escalation-middle-140846139.html,0,finance.yahoo.com,Oil prices rise on escalation in Middle East,"By Shadia Nasralla LONDON, Sept 3 (Reuters) - Oil prices rose on Thursday after U.S. strikes on Iran and renewed Israeli threats against Tehran revived conce...",https://s.yimg.com/lo/mysterio/api/4e251a487f5f10ee15d1bff582a73b7c4b9dd1ca4c29ec5b534f3e62daed294b/lightyear_networkapi/resizefill_w1200%3Bquality_80%3Bformat_webp/https%3A%2F%2Fmedia.zenfs.com%2Fen%2Freuters.com%2F824dcc5b6412fb8db5c347040925474f.jpg,2026-09-03T14:08:46Z,,"By Shadia Nasralla
LONDON, Sept 3 (Reuters) - Oil prices rose on Thursday after U.S. strikes on Iran and renewed Israeli threats against Tehran revived concerns about disruptions to Middle East supp… [+2343 chars]",,en,'Iran'
113,https://sputnikglobe.com/20260903/russian-forces-strike-two-ukrainian-military-supply-ships-in-black-sea--mod-1124676415.html,0,sputnikglobe.com,Russian Forces Strike Two Ukrainian Military Supply Ships in Black Sea — MoD,"MOSCOW (Sputnik) - The Russian armed forces struck a dry cargo ship carrying weapons and ammunition, as well as a container ship carrying military equipment for the Ukrainian armed forces in the Black Sea, the Russian Ministry of Defense reported on Thursday.",https://cdn1.img.sputnikglobe.com/images/sharing/article/eng/1124676415.jpg?11245993391788445008,2026-09-03T14:16:47Z,http://web.archive.org/web/20260904011049/https://sputnikglobe.com/20260903/russian-forces-strike-two-ukrainian-military-supply-ships-in-black-sea--mod-1124676415.html,"Russia's Special Operation in Ukraine
On February 24, 2022 Russia launched a special military operation in Ukraine, aiming to liberate the Donbass region where the people's republics of Donetsk and … [+1620 chars]",,en,'MOSCOW'
114,https://www.cnn.com/2026/09/03/world/russian-general-assassination-attempt-intl,0,www.cnn.com,Russian general accused of masterminding the attack against Kyiv’s children’s hospital injured in assassination attempt,A Russian general who has been accused by Ukraine of ordering a missile strike against a children’s hospital in Kyiv has reportedly been shot in northwestern...,https://s.yimg.com/lo/mysterio/api/383470def8e0b23c4acabe79898ce337a5f1b7313b9b631946ffc1975ed9ae40/lightyear_networkapi/resizefill_w960_h540%3Bquality_80%3Bformat_jpg/https%3A%2F%2Fmedia.zenfs.com%2Fen%2Fcnn_articles_875%2F59613a82b0b16532be444dc0475c2553.jpg,2026-09-03T14:57:58Z,http://web.archive.org/web/20260904132647/https://www.cnn.com/2026/09/03/world/russian-general-assassination-attempt-intl,"A Russian general who has been accused by Ukraine of ordering a missile strike against a children's hospital in Kyiv has reportedly been shot in northwestern Russia on Thursday.
The Russian Investig… [+3000 chars]",,en,'Ukraine'
115,https://punchng.com/emir-of-gumel-dies-in-cairo/,0,punchng.com,Emir of Gumel dies in Cairo,"The Emir of Gumel, Alhaji Dr Ahmed Muhammad Sani II, has died in Cairo, Egypt. Learn more about the respected monarch’s life and legacy.

Read More: https://punchng.com/emir-of-gumel-dies-in-cairo/",https://cdn.punchng.com/wp-content/uploads/2026/09/03163026/Emir-of-Gumel_1788449426-1200x630.webp,2026-09-03T15:38:36Z,http://web.archive.org/web/20260903171749/https://punchng.com/emir-of-gumel-dies-in-cairo/,"The Emir of Gumel in Jigawa State, Alhaji Dr Ahmed Muhammad Sani II, CON, has died.
Former Minister of Communications and Digital Economy, Prof Isa Ali Pantami, announced the monarchs death in a con… [+873 chars]",,en,'CAIRO'
116,https://uk.news.yahoo.com/norway-seizes-russian-ship-over-173425445.html,0,uk.news.yahoo.com,"Norway seizes Russian ship, sparking anger in Moscow, to compensate Ukrainian energy firm","OSLO, Sept 3 (Reuters) - Norwegian authorities have seized a Russian cruise ship in the Arctic on behalf of Ukrainian energy company Naftogaz, which is seeki...",https://s.yimg.com/lo/mysterio/api/e016730d2b3c509443e2a294bb2612e92c808d0a98b2be8f177c745e5b3ac5e8/lightyear_networkapi/resizefill_w800_h450%3Bquality_80%3Bformat_jpg/https%3A%2F%2Fmedia.zenfs.com%2Fen%2Freuters.com%2F2d12cc241c40545213df9924b351ccdb.jpg,2026-09-03T17:11:25Z,http://web.archive.org/web/20260903173159/https://uk.news.yahoo.com/norway-seizes-russian-ship-over-173425445.html,"By Terje Solsvik, Pavel Polityuk and Mark Trevelyan
OSLO, Sept 3 (Reuters) - Norwegian authorities have seized a Russian cruise ship in the Arctic on behalf of Ukrainian energy company Naftogaz, whi… [+4408 chars]",,en,'Moscow'
117,https://www.yahoo.com/news/politics/articles/trump-turns-dual-economic-military-171747288.html,0,www.yahoo.com,Trump turns to a dual economic and military approach in latest attempt to squeeze Iran,"Confronted by an intransigent Iranian government that has refused to back down in the face of a massive military campaign, President Donald Trump appears to...",https://s.yimg.com/lo/mysterio/api/c17116eb2be9a66c289a14808b01151b6290a33907e36754af0f734833e18fa0/lightyear_networkapi/resizefill_w1200%3Bquality_80%3Bformat_jpg/https%3A%2F%2Fmedia.zenfs.com%2Fen%2Fap.org%2Fc61baba38e30aedf854311a67079013a,2026-09-03T17:17:47Z,http://web.archive.org/web/20260903202111/https://www.yahoo.com/news/politics/articles/trump-turns-dual-economic-military-171747288.html,"WASHINGTON (AP) Confronted by an intransigent Iranian government that has refused to back down in the face of a massive military campaign, President Donald Trump appears to have settled on a dual-pro… [+6795 chars]",,en,'Iran'
118,https://www.breitbart.com/asia/2026/09/03/xi-jinping-proposes-elbowing-u-s-out-of-middle-east-on-egypt-trip/,0,www.breitbart.com,Xi Jinping Proposes Elbowing U.S. Out of Middle East on Egypt Trip,"China's communist dictator Xi Jinping debuted yet another vague plan toward world peace on Wednesday during an official visit to Egypt, one that not-so-subtly suggested Middle Eastern states should consider limiting their ties to America.
The post Xi Jinping …",https://media.breitbart.com/media/2026/09/AP26245528147885-640x335.jpg,2026-09-03T17:33:56Z,,"China’s communist dictator Xi Jinping debuted yet another vague plan toward world peace on Wednesday during an official visit to Egypt, one that not-so-subtly suggested Middle Eastern states should c… [+7216 chars]",,en,'Egypt'
119,https://biztoc.com/x/9f449bc4d0e7503b,0,biztoc.com,"Trump Says Iran Strikes to Be Short, Asserts Hormuz Control","President Donald Trump said renewed attacks on Iran would likely be short-lived, reiterating his claim that the US controls the ...",https://biztoc.com/cdn/9f449bc4d0e7503b_s.webp,2026-09-03T17:37:43Z,,"President Donald Trump said renewed attacks on Iran would likely be short-lived, reiterating his claim that the US controls the ...
This story appeared on youtube.com, 2026-09-03 17:37:05.",,en,'Iran'
120,https://www.israelnationalnews.com/news/432674,0,www.israelnationalnews.com,IDF finishes clearing Hezbollah out of Ali Taher Ridge,IDF troops seize control of the Ali al-Taher Ridge and neutralize an Iran-funded Hezbollah underground network equipped for extended combat operations.,https://2.a7.org/files/pictures/000/1220807.jpg,2026-09-03T17:41:00Z,,"IDF soldiers from the 36th Division have operated in recent weeks to clear and neutralize the two underground routes in the Ali al-Taher Ridge area in the Security Zone.
The soldiers achieved operat… [+1542 chars]",,en,'Iran'
121,https://www.dw.com/en/trumps-iran-strategy-could-this-become-a-forever-war/a-78875030,0,www.dw.com,Trump's Iran strategy: Could this become a forever war?,"The US has launched fresh attacks on military targets in Iran. It wants to prevent Tehran rebuilding its destroyed capabilities, but risks triggering a sustained downward spiral of reconstruction followed by new attacks. US president Donald Trump has given a …",https://static.dw.com/image/78567044_6.jpg,2026-09-03T17:46:00Z,http://web.archive.org/web/20260903233642/https://www.dw.com/en/trumps-iran-strategy-could-this-become-a-forever-war/a-78875030,"US president Donald Trump has given a fairly clear description of what the next phase of the Iran war could look like. The Iranians had tried to rebuild their radar equipment, Trump stated after the … [+5885 chars]",,en,'Iran'
122,https://timesofindia.indiatimes.com/world/rest-of-world/nba-star-yao-ming-saw-elephants-and-rhinos-killed-for-ivory-and-horns-he-later-became-a-leading-wildlife-conservation-campaigner-in-china/articleshow/133742555.cms,0,timesofindia.indiatimes.com,NBA star Yao Ming saw elephants and rhinos killed for ivory and horns; he later became a leading wildlife conservation campaigner in China,"Rest of World News: Yao Ming had spent years being watched by millions of people, but nothing in his basketball career prepared him for what he encountered in Africa. In .","https://static.toiimg.com/thumb/msid-133743245,width-1280,height-720,resizemode-6,overlay-toi_sw,pt-32,y_pad-600/photo.jpg",2026-09-03T17:46:36Z,,"<ul><li>News</li>
<li>World News</li>
<li>Rest of World News</li>
<li>NBA star Yao Ming saw elephants and rhinos killed for ivory and horns; he later became a leading wildlife conservation campaig… [+1962 chars]",,en,'Iran'
123,https://www.israelnationalnews.com/news/432677,0,www.israelnationalnews.com,From a large terror army to a decentralized guerilla threat,"Hezbollah has sustained unprecedented damage, but it currently continues to invest in recovery and force buildup, while adapting its force structure and operational plans to the new reality that has emerged in Lebanon and the region. Opinion.",https://2.a7.org/files/pictures/000/1224559.jpg,2026-09-03T17:55:20Z,,"With the stabilization of the IDF security zone in southern Lebanon (the Yellow Line""), we assess, based on several incidents that occurred in recent months, that the threat within the security zone … [+22518 chars]",,en,'Lebanon'
124,https://oilprice.com/Geopolitics/Asia/A-Subdued-Asian-Summit-Sharpens-the-Contrast-Between-Xi-and-Trump.html,0,oilprice.com,A Subdued Asian Summit Sharpens the Contrast Between Xi and Trump,"It was a relatively subdued Shanghai Cooperation Organization summit for Chinese leader Xi Jinping. He departed the host city Bishkek having made few attention-grabbing headlines.  There were no big announcements or viral moments, unlike at 2025’s SCO summit …",https://d32r1sh890xpii.cloudfront.net/article/1200x675/2026-09-03_zk7nhiwzu3.jpg,2026-09-03T18:00:00Z,,"The Trump administration has identified…
Kazakhstans new political system could…
Russia and Iran are increasingly…
Set us as your preferred Google source
By Eurasianet - Sep 03, 2026, 1:00 PM CDT… [+7508 chars]",,en,'Bishkek'
125,https://www.business-standard.com/world-news/iran-strikes-kuwait-after-us-bombardments-gulf-tensions-escalate-126090301669_1.html,0,www.business-standard.com,"Iran strikes Kuwait after US bombardments, Gulf tensions escalate","Fighting between the US and Iran has increased this week after the US hit Iranian rocket launchers on an island in the Strait of Hormuz on Sunday, saying Iran was planning to use them to shoot mines",https://bsmedia.business-standard.com/_media/bs/img/article/2021-09/12/thumb/fitandfill/1200X628/1631469034-4208.jpg,2026-09-03T18:13:36Z,,"Fighting between the US and Iran has increased this week after the US hit Iranian rocket launchers on an island in the Strait of Hormuz on Sunday, saying Iran was planning to use them to shoot mines… [+1775 chars]",,en,'Iran'
126,https://www.aljazeera.com/news/2026/9/3/israel-releases-lebanese-civilian-says-five-more-will-be-freed,0,www.aljazeera.com,"Israel releases Lebanese civilian, says five prisoners will be freed","The prisoner, identified as Malek Ghazi, is the first Lebanese citizen held by Israel to be set free since talks began.",https://www.aljazeera.com/wp-content/uploads/2026/09/AP26246520558900-1788452375.jpg?resize=1920%2C1440,2026-09-03T18:13:55Z,http://web.archive.org/web/20260904013355/https://www.aljazeera.com/news/2026/9/3/israel-releases-lebanese-civilian-says-five-more-will-be-freed,"Israel has released one Lebanese civilian detainee and has pledged to free five prisoners, the first such handover since the outbreak of the latest Israel-Hezbollah war six months ago.
Prime Ministe… [+3604 chars]",,en,'Iran'
127,https://smallwarsjournal.com/2026/09/03/9-3-26-national-security-and-korean-news-and-commentary/,0,smallwarsjournal.com,9/3/26 National Security and Korean News and Commentary,Access National Security News HERE. Access Korean News HERE. National Security News: The Case for a Stalemate With Iran – America Can Win If It Stays the Course Chinese Warships Are Cruising Too Close for Comfort Off Japan’s Shores Why Washington’s ‘Economic …,https://smallwarsjournal.com/wp-content/uploads/2024/09/og-img.png,2026-09-03T18:14:53Z,,"Access National Security News HERE.
Access Korean News HERE.
National Security News:
<ol><li>The Case for a Stalemate With Iran America Can Win If It Stays the Course</li><li>Chinese Warships Are … [+2897 chars]",,en,'WASHINGTON'
128,https://www.dailymail.com/news/us-politics/article-16096827/Midterm-bloodbath-GOP-Democrats-Iran.html,0,www.dailymail.com,Midterm bloodbath looms for the GOP: Democrats storm to an 8-point lead as Trump's Iran war and prices bite,"Democrats are heading into the 2026 midterms with a significant polling advantage, as a new survey shows the party leading Republicans by 10 points among likely voters.",https://i.dailymail.com/1s/2026/09/01/22/110983371-0-image-a-14_1788296904665.jpg,2026-09-03T18:15:39Z,,Democrats head into the 2026 midterms with an 8-point lead over Republicans on the generic ballot as anger over the cost of living and President Donald Trump's handling of the Iran war weighs on vote… [+5826 chars],,en,'Iran'
129,https://www.haaretz.com/middle-east-news/lebanonnews/2026-09-03/ty-article/idf-says-it-took-over-hezbollah-stronghold-after-reports-of-iran-threats/000001a0-6874-d60b-a1f2-ec7eb70d0001,0,www.haaretz.com,IDF says it took over strategic Hezbollah stronghold after Iran reportedly threatened strikes,"Earlier on Monday, Iran has warned the United States that it would respond ‌forcefully to an Israeli offensive on a mountainous ridge in southern Lebanon where Iranian military personnel are holed up alongside Hezbollah fighters",https://img.haarets.co.il/bs/000001a0-6874-d60b-a1f2-ec7eb70d0001/1e/4e/3b44c5424f9eaa4721b7d0204c8b/096156-2.jpg?&width=1200&height=630&cmsprod,2026-09-03T18:16:40Z,,"Earlier on Monday, Iran has warned the United States that it would respond forcefully to an Israeli offensive on a mountainous ridge in southern Lebanon where Iranian military personnel are holed up … [+27 chars]",,en,'Iran'
130,https://newrepublic.com/post/215106/widow-airman-killed-iran-war-denied-benefits,0,newrepublic.com,Widow of Airman Killed in Iran War Says She Was Denied Benefits,"A U.S. military widow whose husband was killed in the Iran war claims that she is being denied death benefits. Libby Klinner, the widow of U.S. Air Force Major John “Alex” Klinner, who died in a crash in Iraq in March, said on Instagram Sunday that she had no…",https://images.newrepublic.com/f87db2af81ac9f6d0de752d408265fe8ecf3a19e.jpeg?w=1200&h=630&crop=faces&fit=crop&fm=jpg,2026-09-03T18:20:31Z,http://web.archive.org/web/20260903234413/https://newrepublic.com/post/215106/widow-airman-killed-iran-war-denied-benefits,The Trump administration has long asserted that the very programs meant to address the nations history of racial discrimination and segregation are themselves a form of racial discrimination in viola… [+1195 chars],,en,'Iran'
131,https://www.kpbs.org/news/military/2026/09/03/uss-lincoln-crew-hits-the-streets-of-thai-beach-city-after-lengthy-middle-east-deployment,0,www.kpbs.org,USS Lincoln crew hits the streets of Thai beach city after lengthy Middle East deployment,"The crew of the aircraft carrier USS Abraham Lincoln has streamed into Pattaya, Thailand, as part of the port call after the ship's lengthy deployment to the Middle East.",https://cdn.kpbs.org/dims4/default/ad7276f/2147483647/strip/true/crop/7752x4070+0+549/resize/1200x630!/quality/90/?url=http%3A%2F%2Fkpbs-brightspot.s3.us-west-2.amazonaws.com%2Fc9%2F97%2Fd1e856c84fc9b339fde5d2315008%2Fap26246236294911.jpg,2026-09-03T18:28:34Z,,"Buses carrying crew members of the USS Abraham Lincoln aircraft carrier streamed into Thailands seaside resort city of Pattaya on Thursday, as part of a port call after a lengthy deployment to the Mi… [+3836 chars]",,en,'Thailand'
132,https://www.bbc.co.uk/news/videos/cr4vn247550o,0,www.bbc.co.uk,Watch: JD Vance 'extremely sceptical' over alleged strike on Iranian wedding,"Iran has accused the US of a war crime after officials said a missile strike killed four people, including two children, at a wedding celebration.",https://ichef.bbci.co.uk/ace/branded_news/1200/cpsprodpb/d198/live/a0fee010-a7c5-11f1-aed2-8d6da8d75094.jpg,2026-09-03T18:33:25Z,,"During a White House press briefing, US vice-president JD Vance was asked about an alleged strike on Iranian wedding celebration.
Iran has accused the US of a war crime after officials said a missil… [+113 chars]",,en,'Iran'
133,https://biztoc.com/x/5aeb894e2d27ccc5,0,biztoc.com,Vance: Not revealing how we will engage with Iran,"United States Vice President JD Vance underlined on Thursday that the Trump administration will not ""advertise how we are going to engage with the Iranians,"" after being asked if Washington would prov...",https://biztoc.com/cdn/5aeb894e2d27ccc5_s.webp,2026-09-03T18:33:26Z,,"United States Vice President JD Vance underlined on Thursday that the Trump administration will not ""advertise how we are going to engage with the Iranians,"" after being asked if Washington would pro… [+69 chars]",,en,'WASHINGTON'
134,https://economictimes.indiatimes.com/news/defence/kuwait-third-us-ally-attacked-in-two-days-iranian-military-toll-hits-13-this-week/articleshow/133744606.cms,0,economictimes.indiatimes.com,Kuwait third US ally attacked in two days; Iranian military toll hits 13 this week,"Tehran's semi-official Tasnim news agency reported on Thursday the deaths of six more military personnel from US strikes this week, bringing the military death toll to at least 13. In the latest report on military deaths, Tasnim said six members of the regula…","https://img.etimg.com/thumb/msid-133744605,width-1200,height-630,imgsize-448354,overlay-etdefence/articleshow.jpg",2026-09-03T18:39:29Z,,"Iran fired at Kuwait on Thursday as part of its retaliation for US bombardments earlier in the week. Sirens sounded in Kuwait early on Thursday, where air defences intercepted missiles and drones dur… [+2030 chars]",,en,'Tehran'
135,https://www.aljazeera.com/video/newsfeed/2026/9/3/5-dead-dozens-missing-after-migrant-boat-found-after-weeks-at-sea,0,www.aljazeera.com,"5 dead, dozens missing after migrant boat found after weeks at sea",Authorities say at least 5 people have died as they attempted to reach Spain’s Canary Islands on a wooden vessel.,https://www.aljazeera.com/wp-content/uploads/2026/09/image-1788461062.jpg?resize=1920%2C1080&quality=80,2026-09-03T18:44:31Z,http://web.archive.org/web/20260904013711/https://www.aljazeera.com/video/newsfeed/2026/9/3/5-dead-dozens-missing-after-migrant-boat-found-after-weeks-at-sea,"Authorities say at least 5 people have died as they attempted to reach Spains Canary Islands on a wooden vessel that set sail on August 7 from Gambia. Some migrants were rescued, but dozens of people… [+83 chars]",,en,'Spain'
136,https://www.channelnewsasia.com/asia/israel-release-five-lebanese-detainees-talks-6360656,0,www.channelnewsasia.com,Lebanon receives first detainee of five to be freed by Israel,"“It was decided to release five Lebanese civilians,” the office of Israeli Prime Minister Benjamin Netanyahu says after interrogations find no terror links.","https://dam.mediacorp.sg/image/upload/s--Qk5Ks6rT--/c_fill,g_auto,h_676,w_1200/fl_relative,g_south_east,l_one-cms:core:watermark:ap_data-1,w_0.1/f_auto,q_auto/v1/one-cms/core/Lebanon_Israel_Iran_War_61594.jpg?itok=gtyB1b1f",2026-09-03T18:48:24Z,,"The announcement came after Lebanon said its army received a man returned by the International Committee of the Red Cross (ICRC), the first since Beirut called in August talks for the release of an i… [+3338 chars]",,en,'Lebanon'
137,https://biztoc.com/x/2d70747fb273c197,0,biztoc.com,Vance suggests China willing to isolate Iran,"United States Vice President JD Vance stated on Thursday that he thinks China is willing to comply with Washington's attempt to impose a full economic blockade on Iran.Nevertheless, Vance did not dire...",https://biztoc.com/cdn/2d70747fb273c197_s.webp,2026-09-03T18:48:54Z,,"United States Vice President JD Vance stated on Thursday that he thinks China is willing to comply with Washington's attempt to impose a full economic blockade on Iran.Nevertheless, Vance did not dir… [+69 chars]",,en,'Iran'
138,https://slashdot.org/firehose.pl?op=view&amp;id=185411124,0,slashdot.org,Iran targets US bases as Israel warns sanctions could drive Tehran to ‘desperate steps’ - The Guardian,"Iran targets US bases as Israel warns sanctions could drive Tehran to ‘desperate steps’The Guardian Iran attacks Kuwait with missiles and drones after US strikesFox News Iran war live: Tehran says it targeted Kuwait, UAE over US military supportaljazeera.com …",,2026-09-03T18:53:30Z,http://web.archive.org/web/20160119174443/http://slashdot.org/firehose.pl?op=view,"Top Ten Things Overheard At The ANSI C Draft Committee Meetings:
 (4) How many times do we have to tell you, ""No prior art!""",,en,'Israel'
139,https://www.israelnationalnews.com/news/432678,0,www.israelnationalnews.com,Report: Oman quietly rejects Iran plan for Strait of Hormuz,"Despite Iran's claims that an agreement has been reached to jointly charge fees to transit the Strait of Hormuz, Muscat has backed away from the talks.",https://2.a7.org/files/pictures/000/1073087.jpg,2026-09-03T18:56:34Z,,"Oman has rejected Iran's plan for the two countries to charge fees for ships that transit the Strait of Hormuz, the New York Post reported.
According to a high-ranking official, Oman has refused to … [+1286 chars]",,en,'Oman'
140,https://www.rferl.org/a/zelenskyy-witkoff-kushner-trump-kyiv-russia/33846491.html,0,www.rferl.org,"Zelenskyy Says US Envoys To Visit Kyiv, Moscow As Russia Again Strikes Ukraine's Capital","Ukrainian President Volodymyr Zelenskyy said he spoke with the two US special envoys who told him they will visit Kyiv ""in the coming days"" and that they will also travel to Moscow for talks, even as Russian strikes continued on the Ukrainian capital.",https://gdb.rferl.org/3932711b-e5b9-424e-9ab8-d13b4f93ec05_cx0_cy4_cw0_w1200_h630.jpg,2026-09-03T19:00:36Z,,"Ukrainian President Volodymyr Zelenskyy said he spoke on September 3 with two key US special envoys, who told him they will visit Kyiv ""in the coming days"" and will also travel to Moscow for talks, e… [+10663 chars]",,en,'Iran'
141,https://truthout.org/articles/strait-of-hormuz-the-latest-thing-trump-may-try-to-name-after-himself/,0,truthout.org,Strait of Hormuz The Latest Thing Trump May Try to Name After Himself,"The president claims that the strait is “under USA control,” but that assertion is widely disputed.",https://truthout.org/app/uploads/2026/09/2026-0903-trump.jpg,2026-09-03T19:02:49Z,,"Support justice-driven, accurate and transparent news make a quick donation to Truthout today! 
In a Truth Social post on Wednesday, President Donald Trump suggested renaming the Strait of Hormuz af… [+3676 chars]",,en,'USA'
142,https://biztoc.com/x/2bc2a72574e156f0,0,biztoc.com,Bloomberg Economist: ‘This Was All About Oil’ and Compares Chevron’s Venezuela Deal to 1953 Iran Coup,"The post Bloomberg Economist: ‘This Was All About Oil’ and Compares Chevron’s Venezuela Deal to 1953 Iran Coup appeared first on 24/7 Wall St..
Although Chevron (NYSE:CVX) shares have climbed to a 52-week high on the back of a $7 billion Venezuela expansion, …",https://biztoc.com/cdn/2bc2a72574e156f0_s.webp,2026-09-03T19:03:45Z,,The post Bloomberg Economist: This Was All About Oil and Compares Chevrons Venezuela Deal to 1953 Iran Coup appeared first on 24/7 Wall St..Although Chevron (NYSE:CVX) shares have climbed to a 52-wee… [+144 chars],,en,'Iran'
143,https://www.dailysignal.com/2026/09/03/hanson-trumps-september-iran-conflict/,0,www.dailysignal.com,Victor Davis Hanson: Trump’s September Surprise in Iran Could End the Conflict,Editor’s note: This is a lightly edited transcript of “Victor Davis Hanson: In His Own Words” from Daily Signal senior contributor Victor Davis Hanson. Subscribe to Victor Davis Hanson’s own YouTube channel to watch past episodes. Victor Davis Hanson: Just th…,https://static.dailysignalmedia.org/2026/09/260903-Donald_Trump.jpg,2026-09-03T19:05:00Z,,Editors note: This is a lightly edited transcript of Victor Davis Hanson: In His Own Words from Daily Signal senior contributor Victor Davis Hanson. Subscribe to Victor Davis Hansons own YouTube chan… [+9074 chars],,en,'Iran'
144,https://www.bbc.co.uk/news/videos/ckg0eerml02o,0,www.bbc.co.uk,Hope for survivors in Nepal as tunnel rescue efforts continue,South Asian correspondent Azadeh Moshiri is at the site of a tunnel where rescuers still hope to find survivors following the Nepal-Tibet floods.,https://ichef.bbci.co.uk/ace/branded_news/1200/cpsprodpb/fef2/live/b9b6bc80-a7c6-11f1-b109-879e35c24276.jpg,2026-09-03T19:56:34Z,,"Eight days on from the deadly flash floods on the Nepal-Tibet border, rescuers were still looking for survivors who are thought to be trapped inside tunnels along Nepal's Trishuli River. 
At least 1… [+288 chars]",,en,'Tibet'
145,https://www.bbc.co.uk/news/articles/cx2r2mzelxko,0,www.bbc.co.uk,Is India's internet boom running into an undersea problem?,At least 13 of India's 18 intercontinental cables come ashore within six kilometres of Mumbai's Versova beach.,https://ichef.bbci.co.uk/ace/branded_news/1200/cpsprodpb/bfe1/live/77ce4540-a75d-11f1-b109-879e35c24276.jpg,2026-09-03T23:40:08Z,,"Pooja Bhatt, an associate professor at OP Jindal Global University, says that mismatch is increasingly difficult to ignore.
""Given its young demographics and 'Digital India' aspirations, it makes se… [+1921 chars]",,en,'India'
146,https://www.usatoday.com/story/news/nation/2026/09/03/chinese-national-dies-ice-custody-saipan/91584858007/,0,www.usatoday.com,China demands answers after man dies in ICE custody,China is demanding a probe into the death of a 51-year-old man who died hours after entering an ICE facility in the U.S. territory of Saipan.,https://s.yimg.com/lo/mysterio/api/55e05b496caee8d9401913f3062bebec21a241507742337b661e0ed161ac7e5f/lightyear_networkapi/resizefill_w1200%3Bquality_80%3Bformat_jpg/https%3A%2F%2Fmedia.zenfs.com%2Fen%2Fusa_today_news_641%2Fd1e01cbe03dd1f4733342ce2e9c83732.jpg,2026-09-04T00:29:44Z,,The Chinese government has asked the United States to investigate the death of a 51-year-old Chinese national who died hours after being booked into an Immigration and Customs Enforcement facility in… [+5282 chars],,en,'China'
147,https://www.bbc.co.uk/news/videos/ce8x2401zdeo,0,www.bbc.co.uk,Nepal says it will need billions in funding to rebuild after flash floods,BBC South Asia correspondent Azadeh Moshiri is in Nepal where authorities are trying to begin rebuilding amid the debris.,https://ichef.bbci.co.uk/ace/branded_news/1200/cpsprodpb/dc63/live/61693130-a806-11f1-a291-b542ee92de7c.jpg,2026-09-04T02:20:37Z,http://web.archive.org/web/20260904044613/https://www.bbc.co.uk/news/videos/ce8x2401zdeo,"Nepal is one of the most vulnerable countries to the climate crisis, even though it is one of the lowest emitters of global greenhouse emissions.
In the deadly flash floods on the Nepal-Tibet border… [+280 chars]",,en,'Tibet'
148,https://www.npr.org/2026/09/04/nx-s1-5948016/diesel-price-record-high,0,www.npr.org,The price of diesel hits a record high,"The price of diesel has reached an all-time high, a result of the war in Iran and Ukraine's attacks on Russian refineries. That will matter across the supply chain.",https://npr.brightspotcdn.com/dims3/default/strip/false/crop/8667x4875+0+446/resize/1400/quality/85/format/jpeg/?url=http%3A%2F%2Fnpr-brightspot.s3.amazonaws.com%2F15%2Ff2%2Fc7d5ee2e4943b68648921d743ae5%2Fgettyimages-2290344340.jpg,2026-09-04T07:44:21Z,http://web.archive.org/web/20260905080106/https://www.npr.org/2026/09/04/nx-s1-5948016/diesel-price-record-high,"Stay up to date with our 
Up First
 newsletter, sent every weekday morning.
The price of diesel has reached an all-time high, according to AAA.
The national average for a gallon is now $5.85. The… [+3379 chars]",,en,'Ukraine'
149,https://www.npr.org/2026/09/04/nx-s1-5945582/trump-already-tried-to-hurt-iran-with-sanctions-once-and-it-didnt-work,0,www.npr.org,Trump already tried to hurt Iran with sanctions once - and it didn't work,President Trump is again hoping to use economic pressure to force Iran to the negotiating table.,https://media.npr.org/include/images/facebook-default-wide-s1400-c85.jpg,2026-09-04T08:06:02Z,http://web.archive.org/web/20260905083116/https://www.npr.org/2026/09/04/nx-s1-5945582/trump-already-tried-to-hurt-iran-with-sanctions-once-and-it-didnt-work,NPR does not offer or accept money for coverage or interviews.Anyone who makes such an offer or request is not an NPR employee and does not represent NPR.,,en,'Iran'
150,https://www.prnewswire.com/news-releases/ai-leads-future-succeeds-2026-china-international-consumer-electronics-exposition-kicks-off-302869923.html,0,www.prnewswire.com,"AI Leads, Future Succeeds: 2026 China International Consumer Electronics Exposition Kicks Off","QINGDAO, China, Sept. 4, 2026 /PRNewswire/ -- On September 4, the 2026 China International Consumer Electronics Exposition (hereinafter referred to as the ""CICE"") officially opened at the Qingdao International Convention Center (Hongdao Hall). This year's Exp…",https://mmx.prnewswire.com/media/MS1981831/20260904030203EDT_image_1.jpg?id=OA2930267&p=facebook,2026-09-04T08:38:00Z,,"QINGDAO, China, Sept. 4, 2026 /PRNewswire/ -- On September 4, the 2026 China International Consumer Electronics Exposition (hereinafter referred to as the ""CICE"") officially opened at the Qingdao Int… [+1442 chars]",,en,'Qingdao'
151,https://abcnews.com/International/2-people-rescued-alive-tunnel-after-deadly-nepal/story?id=136195555,0,abcnews.com,2 people rescued alive from tunnel after deadly Nepal-Tibet flash flood,"Two people have been rescued from a hydropower tunnel at the Trishuli 3A construction site, Nepal's Army confirmed Friday after posting images of the scene on Facebook.",https://i.abcnewsfe.com/a/6c6e10ed-867c-4c93-83b2-a714b4c277ef/nepal-rescue-effort_1788511545792_hpMain_16x9.jpg?w=1600,2026-09-04T08:58:07Z,http://web.archive.org/web/20260905000550/https://abcnews.com/International/2-people-rescued-alive-tunnel-after-deadly-nepal/story?id=136195555,"LONDON -- Two people have been rescued from a hydropower tunnel at the Trishuli 3A construction site, Nepal's Army confirmed Friday after posting videos and images from the scene on Facebook.
Nepale… [+1738 chars]",,en,'Tibet'
152,https://www.yahoo.com/news/articles/two-people-pulled-alive-nepal-052418742.html,0,www.yahoo.com,"Nine days after disaster, two pulled alive from Nepal hydropower tunnel","By Gopal Sharma and Saurabh Sharma KATHMANDU, Sept 4 (Reuters) - Rescuers pulled two survivors from a tunnel linked to a hydropower station on Nepal's Trishu...",https://s.yimg.com/lo/mysterio/api/052eddba663273851ce4644b13da7b481a20d678c518865a0e3811204c4676f4/lightyear_networkapi/resizefill_w800_h534%3Bquality_80%3Bformat_jpg/https%3A%2F%2Fmedia.zenfs.com%2Fen%2Freuters.com%2F1490096e8b1f548ccd03e212da0a511d.jpg,2026-09-04T08:59:03Z,http://web.archive.org/web/20260905050448/https://www.yahoo.com/news/articles/two-people-pulled-alive-nepal-052418742.html,"By Gopal Sharma and Saurabh Sharma
KATHMANDU, Sept 4 (Reuters) - Rescuers pulled two survivors from a tunnel linked to a hydropower station on Nepal's Trishuli River on Friday, nine days after a wal… [+4029 chars]",,en,'Tibet'
153,https://finance.yahoo.com/markets/stocks/articles/volkswagen-shares-rise-investors-cheer-095538182.html,0,finance.yahoo.com,Pressure in China helps convince Volkswagen it's time to change,"Volkswagen's sweeping restructuring underlines the force of the China shock hitting Germany's economy as the world's biggest car market, short years ago a ma...",https://s.yimg.com/lo/mysterio/api/8461a2e71ee7ad54b9536c3e51f9dafc21119564a0a3818fd0b469cfb8c3300a/lightyear_networkapi/resizefill_w1200%3Bquality_80%3Bformat_webp/https%3A%2F%2Fmedia.zenfs.com%2Fen%2Fap.org%2F60e3bc9b3677c4d8d07e578a77a64450.jpg,2026-09-04T09:55:38Z,,"FRANKFURT, Germany (AP) Volkswagen's sweeping restructuring underlines the force of the China shock hitting Germany's economy as the world's biggest car market, short years ago a major profit center,… [+4899 chars]",,en,'China'
154,https://www.bbc.co.uk/news/articles/c5y4g6meekro,0,www.bbc.co.uk,Europe targeted by spiralling campaign of sabotage and Russia is the chief suspect,Germany has blamed Russia for an attack on Leipzig airport but there has been a series of suspicious incidents elsewhere.,https://ichef.bbci.co.uk/ace/branded_news/1200/cpsprodpb/f3a3/live/c697e520-a841-11f1-aed2-8d6da8d75094.jpg,2026-09-04T10:00:18Z,,"Attacks on military and defence targets are not new, although previous acts of sabotage linked to Russia include more puzzling targets - such as an Ikea store and a Polish paint store.
The novelty n… [+1774 chars]",,en,'Russia'
155,https://www.business-standard.com/world-news/nepal-floods-death-toll-rises-to-1-295-two-workers-rescued-from-tunnel-126090400779_1.html,0,www.business-standard.com,"Nepal floods: Death toll rises to 1,295; two workers rescued from tunnel","The death toll due to flash floods in Nepal rose to 1,295 on Friday as more bodies were recovered from the affected areas, while two men were rescued alive from a tunnel at the Trishuli 3A hydropower project after being trapped for nine days.
The flash floods…",https://bsmedia.business-standard.com/_media/bs/img/article/2026-09/04/thumb/fitandfill/1200X628/1788517071-5191.JPG,2026-09-04T10:17:41Z,,"The death toll due to flash floods in Nepal rose to 1,295 on Friday as more bodies were recovered from the affected areas, while two men were rescued alive from a tunnel at the Trishuli 3A hydropower… [+6874 chars]",,en,'Nepal'
156,https://www.project-syndicate.org/commentary/asia-floods-nepal-build-fiscal-resilience-with-disaster-risk-finance-by-yasuto-watanabe-2026-09,0,www.project-syndicate.org,Asia’s Natural Disasters Must Not Become Financial Crises,"The dangerous flooding in Nepal and Tibet has demonstrated, once again, the need for prearranged disaster-risk financing to prepare for the economic chain reactions triggered by natural disasters. Asia’s policymakers must act now to help cash-strapped Nepal a…",https://webapi.project-syndicate.org/library/e3bb0fdf26a5cd2038e8ee440402b402.2-1-super.1.jpg,2026-09-04T10:51:38Z,,"The dangerous flooding in Nepal and Tibet has demonstrated, once again, the need for prearranged disaster-risk financing to prepare for the economic chain reactions triggered by natural disasters. As… [+6065 chars]",,en,'Nepal'
157,https://www.yahoo.com/news/videos/jd-vance-says-monthslong-iran-111945844.html,0,www.yahoo.com,JD Vance Says Monthslong Iran War is Not a 'War',"During a White House press briefing on Thursday, Vice President JD Vance said the monthslong conflict with Iran is not a war. “I wouldn’t call it a war right...",https://s.yimg.com/lo/mysterio/api/11644b159e4224fe9dbbb467cce716351af5eb569caa80715d2d8e1beb3dee8c/lightyear_networkapi/resizefill_w1200%3Bquality_80%3Bformat_jpg/https%3A%2F%2Fmedia.zenfs.com%2Fen%2Fnbcu_713%2Ffc9b365dc0002bccaa7caefd9a672eaf.jpg,2026-09-04T11:19:45Z,,"During a White House press briefing on Thursday, Vice President JD Vance said the monthslong conflict with Iran is not a war. ""I wouldn't call it a war right now. There's no active shooting,"" he said… [+108 chars]",,en,'Iran'
158,https://abcnews.com/International/wireStory/china-exerts-tight-grip-information-after-floods-136197823,0,abcnews.com,China exerts tight grip on information after floods,"It’s been more than a week since deadly flash floods killed hundreds and left thousands missing along the China-Nepal border — and while Nepali authorities have been releasing the names of victims and those rescued, practically nothing is known about w...",https://i.abcnewsfe.com/a/c27a3910-6baa-40f3-b1e5-4ba0da360c3e/wirestory_f293a712f63eb669fe447d3aaf059077_16x9.jpg?w=1600,2026-09-04T11:45:24Z,http://web.archive.org/web/20260905000608/https://abcnews.com/International/wireStory/china-exerts-tight-grip-information-after-floods-136197823,BANGKOK -- Its been more than a week since deadly flash floods killed hundreds and left thousands missing along the China-Nepal border and practically nothing is known about the victims on the Chines… [+5804 chars],,en,'Tibet'
159,https://economictimes.indiatimes.com/news/international/world-news/china-exerts-tight-grip-on-information-after-floods/articleshow/133761924.cms,0,economictimes.indiatimes.com,China exerts tight grip on information after floods,"Deadly floods killed hundreds along the China-Nepal border, leaving thousands missing.  China tightly controls information, limiting media access and punishing dissent online.  Nepal, however, has provided regular updates and allowed extensive reporting on th…","https://img.etimg.com/thumb/msid-133761921,width-1200,height-630,imgsize-379974,overlay-economictimes/articleshow.jpg",2026-09-04T11:59:50Z,http://web.archive.org/web/20260905083509/https://economictimes.indiatimes.com/news/international/world-news/china-exerts-tight-grip-on-information-after-floods/articleshow/133761924.cms,It's been more than a week since deadly flash floods killed hundreds and left thousands missing along the China-Nepal border - and practically nothing is known about the victims on the Chinese side.T… [+6209 chars],,en,'China'
160,https://www.globalsecurity.org/military/library/news/2026/09/mil-260904-unnews02.htm,0,www.globalsecurity.org,UN aims to raise nearly $50 million for Nepal flood response,"The UN and its humanitarian partners launched a $49.6 million flash appeal on Friday to deliver emergency assistance to more than 84,000 people affected by last week's catastrophic floods in Nepal.",,2026-09-04T12:00:00Z,http://web.archive.org/web/20260905115312/https://www.globalsecurity.org/military/library/news/2026/09/mil-260904-unnews02.htm,"4 September 2026 - The UN and its humanitarian partners launched a $49.6 million flash appeal on Friday to deliver emergency assistance to more than 84,000 people affected by last week's catastrophic… [+3141 chars]",,en,'Nepal'
161,https://theconversation.com/rebuilding-in-nepal-tibet-will-be-challenging-communities-in-india-are-still-recovering-from-2023-glacial-disaster-290751,0,theconversation.com,Rebuilding in Nepal-Tibet will be challenging – communities in India are still recovering from 2023 glacial disaster,Cascading hazards and entrenched inequalities have led to false starts in reconstruction and ongoing suffering since the 2023 disaster in India’s eastern Himalayas.,https://images.theconversation.com/files/757746/original/file-20260903-50-db8mcv.jpg?ixlib=rb-4.1.1&rect=0%2C521%2C6240%2C3120&q=45&auto=format&w=1356&h=668&fit=crop,2026-09-04T12:26:08Z,,"The city of Gangtok, India in June 2026. The devastating 2023 Sikkim glacial lake outburst flood triggered massive landslides, destroying infrastructure across the Teesta Valley. Soumitra Giri/Shutte… [+5575 chars]",,en,'Tibet'
162,https://www.bbc.co.uk/news/articles/c7903j1vpe5o,0,www.bbc.co.uk,Nepal rescuers try to reach dozens trapped in tunnel after two found alive,"More than 1,300 people have died and thousands are missing, but rescuers' hopes have risen after finding survivors in a tunnel.",https://ichef.bbci.co.uk/ace/branded_news/1200/cpsprodpb/4c65/live/034c61b0-a830-11f1-b808-43cdd10f38ce.jpg,2026-09-04T12:30:56Z,http://web.archive.org/web/20260904234529/https://www.bbc.co.uk/news/articles/c7903j1vpe5o,"The full impact of the flood in Tibet is unclear. China has released information through state media outlets showing the devastation around the border, but has given few details about the victims or … [+1043 chars]",,en,'Tibet'
163,https://www.aljazeera.com/news/2026/9/4/as-the-china-us-ai-race-reaches-cairo-egypt-faces-a-strategic-decision,0,www.aljazeera.com,"As the China-US AI race reaches Cairo, Egypt faces a strategic decision",Egypt walks a tightrope as China and the US vie for dominance in AI data centre development.,https://www.aljazeera.com/wp-content/uploads/2026/09/ap_6a9a73e09e7ba-1788507104.jpg?resize=1920%2C1440,2026-09-04T12:37:20Z,http://web.archive.org/web/20260904210150/https://www.aljazeera.com/news/2026/9/4/as-the-china-us-ai-race-reaches-cairo-egypt-faces-a-strategic-decision,"Chinese President Xi Jinpings three-day visit to Egypt, coinciding with the 70th anniversary of diplomatic relations between the two nations, marked his first trip to the Middle East in four years an… [+6768 chars]",,en,'China'
164,https://thediplomat.com/2026/09/how-the-chinese-government-has-controlled-the-narrative-on-the-tibet-floods/,0,thediplomat.com,How the Chinese Government Has Controlled the Narrative on the Tibet Floods,"Chinese state media’s handling of the Tibet floods is following its usual pattern of restricted coverage, censorship, and emphasizing positive news.",https://thediplomat.com/wp-content/uploads/2026/08/sizes/td-story-s-2/thediplomat_2026-08-27-222538.png,2026-09-04T12:54:00Z,http://web.archive.org/web/20260904201537/https://thediplomat.com/2026/09/how-the-chinese-government-has-controlled-the-narrative-on-the-tibet-floods/,"As rescue efforts have continued on both sides of the border following the devastating floods in Nepal and Tibet, a fight over how the disaster is being reported has been growing in intensity on soci… [+12659 chars]",,en,'Tibet'
165,https://biztoc.com/x/6f6cd13f0ac610aa,0,biztoc.com,Nepal floods: 2 workers pulled from buried hydropower project tunnel,"Rescuers pulled two workers alive from hydropower project tunnel in Nepal nine days after devastating flash foods in the central Bagmati region and across the border in Tibet killed thousands of people, with as many 4,000 still unnaccouted for.
The two men, a…",https://biztoc.com/cdn/6f6cd13f0ac610aa_s.webp,2026-09-04T12:57:37Z,,Rescuers pulled two workers alive from hydropower project tunnel in Nepal nine days after devastating flash foods in the central Bagmati region and across the border in Tibet killed thousands of peop… [+144 chars],,en,'Tibet'
166,https://www.israelnationalnews.com/flashes/692979,0,www.israelnationalnews.com,China: Death toll in Tibet floods rises to 31,"The death toll on the Chinese side of the Nepal-Tibet border has risen to 31, while nine days after the disaster, 531 people are still listed as missing.",https://2.a7.org/files/pictures/000/1075218.jpg,2026-09-04T13:31:18Z,,"The death toll on the Chinese side of the Nepal-Tibet border has risen to 31, while nine days after the disaster, 531 people are still listed as missing.",,en,'Tibet'
167,https://economictimes.indiatimes.com/news/international/world-news/tibet-flash-flood-death-toll-rises-to-31-another-531-missing/articleshow/133765639.cms,0,economictimes.indiatimes.com,"Tibet flash flood death toll rises to 31, another 531 missing","Tragedy strikes as a flash flood near the Nepal border in Tibet has resulted in 31 confirmed deaths, with over 531 individuals still unaccounted for. Included in this alarming number are 261 foreign nationals, among whom are 49 Indian pilgrims. Rescue teams h…","https://img.etimg.com/thumb/msid-133766175,width-1200,height-630,imgsize-207080,overlay-economictimes/articleshow.jpg",2026-09-04T14:01:38Z,http://web.archive.org/web/20260904165533/https://economictimes.indiatimes.com/news/international/world-news/tibet-flash-flood-death-toll-rises-to-31-another-531-missing/articleshow/133765639.cms,"Beijing: The death toll in the flash flood that struck Gyirong county in Tibet near the Nepal border last week has increased to 31, with 531 others still missing, Chinese officials said on Friday.So … [+1040 chars]",,en,'Tibet'
168,https://uk.news.yahoo.com/opposition-us-russia-raises-doubts-140154360.html,0,uk.news.yahoo.com,"Opposition by US and Russia raises doubts over autonomous weapons talks outcome, diplomats say","GENEVA, Sept 4 (Reuters) - Opposition from the United States and Russia has raised doubts that countries meeting in Geneva will on Friday agree on a document...",https://s.yimg.com/lo/mysterio/api/e68b9425d55ad0a872de4faa3d74b25aa625af090299572e1c98bdd5b865bc97/lightyear_networkapi/resizefill_w800_h533%3Bquality_80%3Bformat_jpg/https%3A%2F%2Fmedia.zenfs.com%2Fen%2Freuters.com%2F7fe79ca4cdab19f8f3d5c3dd5bd43141.jpg,2026-09-04T14:01:54Z,http://web.archive.org/web/20260905082006/https://uk.news.yahoo.com/opposition-us-russia-raises-doubts-140154360.html,"By Olivia Le Poidevin
GENEVA, Sept 4 (Reuters) - Opposition from the United States and Russia has raised doubts that countries meeting in Geneva will on Friday agree on a document that could pave th… [+2995 chars]",,en,'Russia'
169,https://www.foxnews.com/world/trapped-nepal-workers-pulled-alive-tunnel-9-days-after-deadly-flooding-raising-hope-more-rescues,0,www.foxnews.com,"Trapped Nepal workers pulled alive from tunnel 9 days after deadly flooding, raising hope for more rescues","Two workers were pulled alive from a Nepal hydropower tunnel nine days after catastrophic floods, and one rescued man says more people are trapped inside.",https://static.foxnews.com/foxnews.com/content/uploads/2026/09/tunnel-nepal-1.1.png,2026-09-04T14:03:08Z,http://web.archive.org/web/20260904230129/https://www.foxnews.com/world/trapped-nepal-workers-pulled-alive-tunnel-9-days-after-deadly-flooding-raising-hope-more-rescues,"Rescue teams in Nepal pulled two workers alive from a hydropower tunnel nine days after catastrophic floods swept through the country, leaving more than 1,000 people dead and thousands more missing.… [+2404 chars]",,en,'Nepal'
170,https://thediplomat.com/2026/09/nepals-floods-upset-its-china-india-balancing-act/,0,thediplomat.com,Nepal’s Floods Upset Its China-India Balancing Act,"Trade infrastructure was swept away. Nepal’s trade with China, which was already limited, will be further restricted after the August 26 floods.",https://thediplomat.com/wp-content/uploads/2026/09/sizes/td-story-s-2/thediplomat_2026-09-04-232128.jpg,2026-09-04T14:04:00Z,http://web.archive.org/web/20260904234738/https://thediplomat.com/2026/09/nepals-floods-upset-its-china-india-balancing-act/,"Nepals recent floods, which have killed at least 1,280 people while over 5,600 are still missing as of this writing, rank among the countrys worst natural disasters. Preliminary estimates put economi… [+10380 chars]",,en,'Tibet'
171,https://slashdot.org/firehose.pl?op=view&amp;id=185426770,0,slashdot.org,"Nepal flood losses estimated at $2.56 billion, official says - Reuters","Nepal flood losses estimated at $2.56 billion, official saysReuters Anderson Cooper Reports in “Nepal’s Deadly Floods,” for The Whole Story with Anderson CooperCNN Press Site Climate injustices have been laid bare in the Nepal-Tibet flood disaster | LettersTh…",,2026-09-04T14:33:16Z,http://web.archive.org/web/20160119174443/http://slashdot.org/firehose.pl?op=view,"The moving cursor writes, and having written, blinks on.",,en,'Tibet'
172,https://uk.finance.yahoo.com/news/ukraine-sees-growing-appetite-talks-143724577.html,0,uk.finance.yahoo.com,"Ukraine sees growing appetite for talks on Russian frozen assets, senior official says","By Yuliia Dysa KYIV, Sept 4 (Reuters) - Ukraine sees a growing appetite among European allies to renew a serious discussion on the use of Russian frozen asse...",https://s.yimg.com/lo/mysterio/api/98f088ab524057637879510a16b4de055f91382c00cec5dbdad71f994115aca7/lightyear_networkapi/resizefill_w1200%3Bquality_80%3Bformat_webp/https%3A%2F%2Fmedia.zenfs.com%2Fen%2Freuters.com%2Fd4d4c9551377f4ff6c207ea4fd259d87.jpg,2026-09-04T14:37:24Z,http://web.archive.org/web/20260906110432/https://uk.finance.yahoo.com/news/ukraine-sees-growing-appetite-talks-143724577.html,"By Yuliia Dysa
KYIV, Sept 4 (Reuters) - Ukraine sees a growing appetite among European allies to renew a serious discussion on the use of Russian frozen assets, a senior government official told Reu… [+2150 chars]",,en,'Ukraine'
173,https://www.bbc.co.uk/news/videos/cd79vp91321o,0,www.bbc.co.uk,'A rare moment of joy': Nepal tunnel rescues give hope for more flood survivors,"Two people have been rescued more than a week after more than 1,300 people were killed in flash floods on the Nepal-Tibet border.",https://ichef.bbci.co.uk/ace/branded_news/1200/cpsprodpb/aa9b/live/cba27f20-a86a-11f1-b109-879e35c24276.jpg,2026-09-04T14:40:00Z,,"Two people have been rescued from a tunnel in Nepal more than a week after flash flooding hit the Nepal-Tibet border, killing more than 1,300 people. 
Nepal's army is continuing its search for survi… [+263 chars]",,en,'Nepal'
174,https://theconversation.com/syria-journey-through-a-country-in-ruins-291199,0,theconversation.com,Syria: journey through a country in ruins,Our team of researchers travelled through some of Syria’s devastated cities to find out how people are rebuilding their lives after the civil war.,https://images.theconversation.com/files/758041/original/file-20260904-50-c8zeew.jpg?ixlib=rb-4.1.1&rect=52%2C789%2C5155%2C2577&q=45&auto=format&w=1356&h=668&fit=crop,2026-09-04T15:06:06Z,http://web.archive.org/web/20260904210123/https://theconversation.com/syria-journey-through-a-country-in-ruins-291199,"Just over a decade ago, at the height of Russias bombing campagn in Syria in 2015, an old friend who had spent much of his career teaching in the Middle East sent me two photographs of the city of Ho… [+6608 chars]",,en,'Syria'
175,https://slashdot.org/firehose.pl?op=view&amp;id=185427338,0,slashdot.org,Families Turn to Symbolic Cremation After Nepal Floods - The New York Times,"Families Turn to Symbolic Cremation After Nepal FloodsThe New York Times Anderson Cooper Reports in “Nepal’s Deadly Floods,” for The Whole Story with Anderson CooperCNN Press Site China exerts tight grip on information after floods along the border with Nepal…",,2026-09-04T15:13:00Z,http://web.archive.org/web/20160119174443/http://slashdot.org/firehose.pl?op=view,"""I don't believe in sweeping social change being manifested by one person, 
unless he has an atomic weapon.""
-- Howard Chaykin",,en,'Nepal'
176,https://economictimes.indiatimes.com/news/international/world-news/nepal-floods-could-cost-insurers-over-130-mln-even-before-death-injury-claims/articleshow/133768429.cms,0,economictimes.indiatimes.com,"Nepal floods could cost insurers over $130 mln even before death, injury claims",Nepal's recent flood may cause over 20 billion Nepali rupees in insured losses. Hydropower projects sustained the most significant damage from the devastating event. Delayed repairs could trigger business interruption payouts for postponed plant operations. N…,"https://img.etimg.com/thumb/msid-133768501,width-1200,height-630,imgsize-152526,overlay-economictimes/articleshow.jpg",2026-09-04T15:19:24Z,http://web.archive.org/web/20260904181609/https://economictimes.indiatimes.com/news/international/world-news/nepal-floods-could-cost-insurers-over-130-mln-even-before-death-injury-claims/articleshow/133768429.cms,"The devastating flood in Nepal last week could result in commercial insurance losses exceeding 20 billion Nepali rupees ($132.3 million), with hydropower projects accounting for most claims, accordin… [+3327 chars]",,en,'Nepal'
177,https://biztoc.com/x/047507a178082873,0,biztoc.com,Nepal rescuers try to reach dozens trapped in tunnel after two found alive,"Rescuers in Nepal are stepping up efforts to find scores of workers believed to be trapped in tunnels, nine days after the devastating flash floods which hit the area on the border with Tibet in China.
Hopes have risen after two people were pulled out alive o…",https://biztoc.com/cdn/047507a178082873_s.webp,2026-09-04T15:32:49Z,,"Rescuers in Nepal are stepping up efforts to find scores of workers believed to be trapped in tunnels, nine days after the devastating flash floods which hit the area on the border with Tibet in Chin… [+143 chars]",,en,'Nepal'
178,https://www.bbc.com/news/articles/c5y4g6meekro?xtor=AL-72-%5Bpartner%5D-%5Byahoo.north.america%5D-%5Bheadline%5D-%5Bnews%5D-%5Bbizdev%5D-%5Bisapi%5D,0,www.bbc.com,Europe targeted by spiralling campaign of sabotage - and Russia is the chief suspect,Germany has blamed Russia for an attack on Leipzig airport but there has been a series of suspicious incidents elsewhere.,https://s.yimg.com/lo/mysterio/api/a8c7012e9a1d2b2d6d909cbda832467d7b6f0313a64739c4edd0b3f0df52c861/lightyear_networkapi/resizefill_w1000_h563%3Bquality_80%3Bformat_jpg/https%3A%2F%2Fmedia.zenfs.com%2Fen%2Fbbc_us_articles_995%2Fa0f3e4a136175cf104c4e230ec7bec52.jpg,2026-09-04T16:49:19Z,http://web.archive.org/web/20260904173718/https://www.bbc.com/news/articles/c5y4g6meekro?xtor=AL-72-%5Bpartner%5D-%5Byahoo.north.america%5D-%5Bheadline%5D-%5Bnews%5D-%5Bbizdev%5D-%5Bisapi%5D,"As summer temperatures in Europe smashed records and many politicians shifted to holiday mode, Russia remained focused on its war.
Not only did its military attacks across Ukraine intensify last mon… [+7937 chars]",,en,'russia'
179,https://slashdot.org/firehose.pl?op=view&amp;id=185430996,0,slashdot.org,China exerts tight grip on information after floods along the border with Nepal - AP News,China exerts tight grip on information after floods along the border with NepalAP News Nepal Flood Survivors Now Fear The Food That's Keeping Them AliveNDTV Climate injustices have been laid bare in the Nepal-Tibet flood disaster | Letterstheguardian.com Fami…,,2026-09-04T19:32:53Z,http://web.archive.org/web/20160119174443/http://slashdot.org/firehose.pl?op=view,The Fine Print: The following comments are owned by whoever posted them. We are not responsible for them in any way.,,en,'China'
180,https://www.newsnationnow.com/world/mount-everest-urine-ice-melt/,0,www.newsnationnow.com,Human urine responsible for tons of Mount Everest ice melt: Study,"Mount Everest, known as Mount Qomolangma in Chinese, straddles the border between China and Nepal.",https://s.yimg.com/lo/mysterio/api/35da7b26765536561371ea5cfb40ebca3e939531348f7111b71c2a38a83cc643/lightyear_networkapi/resizefill_w900_h506%3Bquality_80%3Bformat_jpg/https%3A%2F%2Fmedia.zenfs.com%2Fen%2Fnewsnation_articles_600%2F77dd9a47c84f9d4e2afcdf397a263cc8.jpg,2026-09-04T19:35:18Z,,"(NewsNation) Human urine left at Everest Base Camp is enough to melt more than 150 tons of ice and snow, according to a new study.
Researchers examined human activity on the Khumbu Glacier, where Ev… [+3614 chars]",,en,'Nepal'
181,https://www.businessinsider.com/us-commander-shares-lessons-from-training-fight-against-ukraine-2026-9,0,www.businessinsider.com,A US commander says facing Ukrainian hunters helped his troops figure out how to use armor in a drone-heavy fight,"Russia's war in Ukraine has demonstrated that tanks and armored vehicles are vulnerable to drone threats. Obsolescence, though, is up for debate.",https://s.yimg.com/lo/mysterio/api/955e1965f087934410be302cfbeef6d4e05dfc3294d36cd53260d1b9158facb8/lightyear_networkapi/resizefill_w1200%3Bquality_80%3Bformat_jpg/https%3A%2F%2Fmedia.zenfs.com%2Fen%2Fbusiness_insider_consolidated_articles_886%2Ff369d0dd49eca7de656b0dad09ed6858.jpg,2026-09-04T19:37:33Z,http://web.archive.org/web/20260904233508/https://www.businessinsider.com/us-commander-shares-lessons-from-training-fight-against-ukraine-2026-9,"<ul><li>A US Army commander wrote an op-ed about his troops' recent training fight against Ukrainian forces.
</li><li>While drones were a problem, he said soldiers adapted their techniques, especial… [+3532 chars]",,en,'Ukraine'
182,https://www.abc.net.au/news/2026-09-05/nepal-tibet-crossing-area-crucial-in-search-for-survivors/107115458,0,www.abc.net.au,Australian families hire helicopters to search cut-off Nepal villages,Desperate Australians charter their own helicopters over the Nepal-Tibet disaster zone to search for their missing loved ones.,https://live-production.wcms.abc-cdn.net.au/7844a8af92c979a792834669ec1fdd88?impolicy=wcms_watermark_news&cropH=2385&cropW=4240&xPos=0&yPos=223&width=862&height=485&imformat=generic,2026-09-04T20:01:48Z,,"Desperate Australians are flying to Nepal to search for their loved ones, still missing in the disaster. 
Bhavin Patel films out the window of a helicopter while a navigation voice counts down the d… [+11384 chars]",,en,'Nepal'
183,https://www.npr.org/2026/09/04/nx-s1-5954050/nepal-flood-waters-physical-mental-health,0,www.npr.org,'The health system in Nepal is not prepared for this',"That's the grim assessment from the ground in the wake of the catastrophic flooding, which damaged or destroyed 7 health facilities, interrupted routine care and is affecting mental health.",https://npr.brightspotcdn.com/dims3/default/strip/false/crop/5902x3320+0+308/resize/1400/quality/85/format/jpeg/?url=http%3A%2F%2Fnpr-brightspot.s3.amazonaws.com%2F4f%2Fc6%2F0b260ead4fb6a89016eae3d61dc3%2Fnepal-floods-2292353823.jpg,2026-09-04T20:41:08Z,http://web.archive.org/web/20260904234504/https://www.npr.org/2026/09/04/nx-s1-5954050/nepal-flood-waters-physical-mental-health,"""There's nothing left there,"" says Shushma Bhusal, the regional lead for the International Federation of Red Cross and Red Crescent Societies. ""There's no village, no sign of anyone there. A lot of h… [+5404 chars]",,en,'Nepal'
184,https://www.bbc.com/news/articles/cy0zx368prno?xtor=AL-72-%5Bpartner%5D-%5Byahoo.north.america%5D-%5Bheadline%5D-%5Bnews%5D-%5Bbizdev%5D-%5Bisapi%5D,0,www.bbc.com,Nepal bet nearly everything on hydropower - the floods show why that's a problem,More than 10% of Nepal's energy generation capacity was knocked out by last week's floods.,https://s.yimg.com/lo/mysterio/api/4dd5800971088d500d9faba6ab12ad2fd73af92e94aaba6ad71dbfdbe182b91f/lightyear_networkapi/resizefill_w1200%3Bquality_80%3Bformat_jpg/https%3A%2F%2Fmedia.zenfs.com%2Fen%2Fbbc_us_articles_995%2F582dddadbd68f0917f429f969efbcd5b.jpg,2026-09-04T22:02:58Z,http://web.archive.org/web/20260904233303/https://www.bbc.com/news/articles/cy0zx368prno?xtor=AL-72-%5Bpartner%5D-%5Byahoo.north.america%5D-%5Bheadline%5D-%5Bnews%5D-%5Bbizdev%5D-%5Bisapi%5D,"Almost 100% of Nepal's electricity comes from hydropower, and it produces so much it earns nearly $200m (£147m) each year exporting hydroelectricity to India and Bangladesh.
But the very glaciers an… [+7969 chars]",,en,'Nepal'
185,https://legalinsurrection.com/2026/09/nepal-wants-a-5-billion-climate-handout-from-un-for-a-himalayan-bedrock-collapse/,0,legalinsurrection.com,Nepal Wants a $5 Billion Climate Handout from UN for a Himalayan Bedrock Collapse,"Nepal’s request should be rejected unless the U.N. would likewise fund U.S. recovery from a San Andreas earthquake or Cascadia tsunami.
The post Nepal Wants a $5 Billion Climate Handout from UN for a Himalayan Bedrock Collapse first appeared on Le·gal In·sur·…",https://legalinsurrection.com/wp-content/uploads/2026/08/LI-201-Nepal-Flood.png,2026-09-04T23:00:43Z,http://web.archive.org/web/20260905033223/https://legalinsurrection.com/2026/09/nepal-wants-a-5-billion-climate-handout-from-un-for-a-himalayan-bedrock-collapse/,"The death toll from the Himalayan landslide and subsequent flash flood in Nepal and an adjacent region in China continues to rise, and thousands are still missing.
The death toll following the massi… [+5564 chars]",,en,'Tibet'
186,https://nypost.com/2026/09/04/us-news/surging-california-gas-prices-could-set-records-for-labor-day-weekend/,0,nypost.com,Labor Day weekend gas nightmare strikes California drivers,Gas prices have continued to rise throughout the country as tensions between the United States and Iran create uncertainty in the global oil markets.,https://nypost.com/wp-content/uploads/sites/2/2026/09/139648205.jpg?quality=75&strip=all&w=1200,2026-09-04T23:28:37Z,,"If you’re thinking of taking a long road trip for Labor Day weekend, you might want to rethink whether or not it’ll be worth the pain at the pump.
The national average is $4.14, up 4 cents from last… [+3274 chars]",,en,'Iran'
187,https://www.esquire.com/news-politics/politics/a73617613/john-fetterman-israel-fox-news/,0,www.esquire.com,John Fetterman Is Making the Case for Worst Democratic Senator of All Time,"Rather than, you know, serving his constituents, the Pennsylvania senator is more interested in jumping on Fox News to yammer about Israel.","https://hips.hearstapps.com/hmg-prod/images/12ddbee7-5222-46ee-9472-064fd0994593.jpeg?crop=1xw:0.750214408233xh;center,top&resize=1200:*",2026-09-04T23:30:00Z,,"(Permanent Musical Accompaniment to the Last Post of the Week from the Blog's Favourite Living Canadian)
The first few days after an election are a fine time to walk the far shorelines of American p… [+9172 chars]",,en,'Israel'
188,https://freerepublic.com/focus/f-chat/4394280/posts,0,freerepublic.com,"Maria Bartiromo’s Top Producer Also Out Amid Stunning Report Ex-Anchor ‘Betrayed’ Fox to Trump Admin [Includes relevant excerpt of President Trump's July 16, 2026 address re CHINA, and the related documents he declassified]","SNIP ""This latest news comes on the heels of a blockbuster report from Status — which reported that Bartiromo’s sudden departure from the network on Thursday can be traced to an incident in July — when Fox Business management privately instructed senior emplo…",,2026-09-04T23:33:32Z,,"SNIP ""This latest news comes on the heels of a blockbuster report from Status which reported that Bartiromos sudden departure from the network on Thursday can be traced to an incident in July when Fo… [+9167 chars]",,en,'Iran'
189,https://abcnews.com/video/136216869/,0,abcnews.com,WATCH: Video shows train in Poland slam into big rig stuck on tracks,"Polish Railway Lines said that while the truck driver was unharmed, the driver of the train was taken to hospital. No passengers were injured.",https://i.abcnewsfe.com/a/8a2809e1-a845-4855-ab7d-2b6e79bcd518/260904_wn_train_vo_hpMain_16x9.jpg?w=992,2026-09-04T23:46:28Z,,"<ul><li>Mistrial declared in Lindsay Clancy case after 7 days of jury deliberations
</li><li>Severe storms disrupt Labor Day weekend travel
</li><li>Trump calls US-Iran conflict thats taken 18 Amer… [+4496 chars]",,en,'Iran'
190,https://www.aljazeera.com/news/2026/9/4/small-potatoes-us-president-trump-downplays-war-on-iran,0,www.aljazeera.com,‘Small potatoes’: US President Trump downplays war on Iran,Trump tells reporters the US is 'not fighting right now' despite a recent exchange of fire with Iran.,https://www.aljazeera.com/wp-content/uploads/2026/09/afp_6a9b3fd9c959-1788559321.jpg?resize=1920%2C1440,2026-09-04T23:55:50Z,,"As the United States and Israels war on Iran enters its seventh month with no clear end in sight, President Donald Trump has become the latest US official to downplay the conflict.
On Friday, Trump … [+4150 chars]",,en,'Iran'
191,https://www.breitbart.com/politics/2026/09/04/trump-u-s-may-strike-irans-pickaxe-mountain-nuclear-site-very-soon/,0,www.breitbart.com,Trump: U.S. May Strike Iran’s Pickaxe Mountain Nuclear Site ‘Very Soon’,"President Donald Trump warned Friday that the United States may strike Iran’s heavily fortified Pickaxe Mountain nuclear site “very soon,” declaring that Washington is closely tracking activity at the underground complex and will prevent Tehran from using it …",https://media.breitbart.com/media/2026/09/GettyImages2269559480-640x335.jpg,2026-09-04T23:56:26Z,,"President Donald Trump warned Friday that the United States may strike Irans heavily fortified Pickaxe Mountain nuclear site very soon, declaring that Washington is closely tracking activity at the u… [+6964 chars]",,en,'Washington'
192,https://www.hoover.org/research/articles-censorship-tibet-floods-information-control-xi-jinping-chinese-grand-strategy,0,www.hoover.org,"Articles On: Censorship, Tibet, Floods, Information Control, Xi Jinping, Chinese Grand Strategy, State Power, Foreign Policy, Iran, and Chinese Banks",Articles that illuminate the lack of personal freedom and political liberty under the Chinese Communist Party.,https://hoover-s3-website.s3.us-west-2.amazonaws.com/s3fs-public/styles/facebook/public/research/images/csgp_authoritarianism.jpg?h=2d9e26d4&itok=q7HWDjak,2026-09-05T00:00:00Z,,"Gen Z Chinamaxxers fantasise about life in China. This journalist and this artist can never go back thereby Kat Wongvia The Guardian on September 1, 2026
Translation: You Cant Address Sexual Assault… [+1645 chars]",,en,'Iran'
194,https://www.hoover.org/research/articles-higher-education-power-palau-nepal-tibet-flood-ethnic-cleansing-and-economic,0,www.hoover.org,"Articles On: Higher Education, Power, Palau, Nepal-Tibet Flood, Ethnic Cleansing, and Economic Policies",This section collects opinion pieces from across the world commenting on the harms caused by the activities of the Chinese Communist Party and provides insight into the various solutions that experts and leaders suggest we pursue to protect our interests.,https://hoover-s3-website.s3.us-west-2.amazonaws.com/s3fs-public/styles/facebook/public/research/images/csgp_opinion.jpg?itok=CWLylxYk,2026-09-05T00:00:00Z,,"Higher Educations Secret Foreign Fundingby Craig Singletonvia Wall Street Journal on August 31, 2026
Chinas Great Power Vision Comes into Focusby Ryan Hassvia China Leadership Monitor on September 1… [+555 chars]",,en,'Tibet'
195,https://www.hoover.org/research/articles-human-rights-tiananmen-hong-kong-tibet-religious-freedom-uyghurs-repression,0,www.hoover.org,"Articles On: Human Rights, Tiananmen, Hong Kong, Tibet, Religious Freedom, Uyghurs, Repression, Censorship, and Beijing’s Control",This section documents the myriad abuses that the Chinese Communist Party commits against its own people in violation of its commitments under the UN Universal Declaration of Human Rights.,https://hoover-s3-website.s3.us-west-2.amazonaws.com/s3fs-public/styles/facebook/public/research/images/csgp_humanrights.jpg?itok=QYUuon3N,2026-09-05T00:00:00Z,,"Artist known for sculptures of Mao Zedong jailed for slandering heroes and martyrsby Yu-chen Livia The Guardian on September 1, 2026
What to know about the Tiananmen vigil organizers convicted of in… [+1582 chars]",,en,'Hong Kong'
196,https://www.aljazeera.com/news/liveblog/2026/9/5/iran-war-live-trump-says-us-may-target-irans-pickaxe-mountain-very-soon,0,www.aljazeera.com,Iran war live: Trump says US may target Iran’s Pickaxe Mountain ‘very soon’,"US President Donald Trump has repeated an earlier warning that the US may attack Iran's Pickaxe Mountain ""very soon"".",https://www.aljazeera.com/wp-content/uploads/2026/09/AFP__20260902__C74P8HG__v1__HighRes__IranUsIsraelWar-1788560031.jpg?resize=1920%2C1440,2026-09-05T00:00:00Z,http://web.archive.org/web/20260905140337/https://www.aljazeera.com/news/liveblog/2026/9/5/iran-war-live-trump-says-us-may-target-irans-pickaxe-mountain-very-soon,"blinking-dot
Live updatesLive updates, 
Irans air defence commander Brigadier-General Alireza Elhami suggests that the threat is not over, adding that the country is ready for any kind of confronta… [+31 chars]",,en,'Iran'
193,https://www.hoover.org/research/articles-solar-power-nepal-tibet-floods-and-mega-dam,0,www.hoover.org,"Articles On: Solar Power, Nepal-Tibet Floods, and Mega-Dam",China is the world’s largest emitter of greenhouse gases and generates enormous pollution and environmental degradation. This section highlights the activities carried out by entities controlled by the Chinese Communist Party that harm our environment.,https://hoover-s3-website.s3.us-west-2.amazonaws.com/s3fs-public/styles/facebook/public/research/images/csgp_environmental.jpg?h=2d9e26d4&itok=wpDLG93u,2026-09-05T00:00:00Z,,"Located on the campus of Stanford University and in Washington, DC, the Hoover Institution is the nations preeminent research center dedicated to generating policy ideas that promote economic prosper… [+62 chars]",,en,'Nepal'
197,https://economictimes.indiatimes.com/news/international/world-news/trump-calls-iran-conflict-small-potatoes-and-defends-vances-position-that-its-not-a-war/articleshow/133782700.cms,0,economictimes.indiatimes.com,Trump calls Iran conflict 'small potatoes' and defends Vance's position that it's not a 'war',US Iran war: American President Donald Trump defended Vice President JD Vance's remarks about the Iran conflict.  Trump stated the ongoing military actions are considered small potatoes for the United States.  He noted that U.S. strikes on Iran are intermitte…,"https://img.etimg.com/thumb/msid-133782750,width-1200,height-630,imgsize-63264,overlay-economictimes/articleshow.jpg",2026-09-05T00:31:50Z,,"WASHINGTON - US President Donald Trump on Friday said the conflict in Iran is ""small potatoes"" as he defended Vice President JD Vance for asserting that months of on-and-off attacks in the Middle Eas… [+2524 chars]",,en,'Iran'
198,https://economictimes.indiatimes.com/news/international/world-news/trump-threatens-us-might-hit-irans-pickaxe-mountain-very-soon/articleshow/133782789.cms,0,economictimes.indiatimes.com,Trump threatens US might 'hit' Iranian nuclear site Pickaxe Mountain 'very soon',US President Trump warned of a potential strike on Iran's underground nuclear site.  He stated the United States aims to prevent Tehran from acquiring nuclear weapons.  US forces recently conducted strikes against Iranian military targets in the region.  Thes…,"https://img.etimg.com/thumb/msid-133782835,width-1200,height-630,imgsize-51346,overlay-economictimes/articleshow.jpg",2026-09-05T00:36:31Z,,"Washington DC: US President Donald Trump on Friday (local time) said the United States could ""hit"" Iran's heavily fortified underground nuclear site known as Pickaxe Mountain ""very soon"", days after … [+3814 chars]",,en,'Tehran'
199,https://www.breitbart.com/clips/2026/09/04/madeleine-dean-trumps-leadership-is-erratic-and-childlike/,0,www.breitbart.com,Madeleine Dean: Trump's Leadership Is 'Erratic' and 'Childlike',"Friday on MS NOW’s “The Last Word,” Rep. Madeleine Dean (D-PA) said President Donald Trump’s leadership during the Iran military conflict is both “erratic,” and “childlike.” Dean said, “The president is failing at this war and he knows it.” She
The post Madel…",https://media.breitbart.com/media/2025/07/dean-640x335.jpg,2026-09-05T00:39:00Z,,"Friday on MS NOW’s “The Last Word,” Rep. Madeleine Dean (D-PA) said President Donald Trump’s leadership during the Iran military conflict is both “erratic,” and “childlike.”
Dean said, “The presiden… [+946 chars]",,en,'Iran'
200,https://www.dailymail.com/debate/article-16106495/City-trading-GUY-ADAMS.html,0,www.dailymail.com,My day on the City trading floor that convinced me Britain's in a death spiral and we face a terrible reckoning... without a dramatic change of course: GUY ADAMS,"On the 6th floor of a gleaming office overlooking the Barbican, where square-jawed men wear gilets and bark into telephone headsets, the endless computer monitors are a sea of red.",https://i.dailymail.com/1s/2026/09/04/20/111062133-0-image-a-117_1788550837402.jpg,2026-09-05T00:50:56Z,http://web.archive.org/web/20260905103823/https://www.dailymail.com/debate/article-16106495/City-trading-GUY-ADAMS.html,"On the 6th floor of a gleaming office overlooking the Barbican, where square-jawed men wear gilets and bark into telephone headsets, the endless computer monitors are a sea of red.
Its Thursday morn… [+13054 chars]",,en,'Iran'
201,https://www.dailysabah.com/business/economy/diesel-prices-in-us-hit-record-high-as-iran-war-disrupts-fuel-flow,0,www.dailysabah.com,Diesel prices in US hit record high as Iran war disrupts fuel flow,"Diesel hit a new record price in the United States on Friday, soaring to an average of $5.85 a gallon for the first time ever as the six-month war with...",https://idsb.tmgrup.com.tr/ly/uploads/images/2026/09/04/thumbs/1200x675/459179.jpg,2026-09-05T01:00:46Z,,"Diesel hit a new record price in the United States on Friday, soaring to an average of $5.85 a gallon for the first time ever as the six-month war with Iran disrupts the world's flow of fuel.
Becaus… [+6588 chars]",,en,'Iran'
202,https://economictimes.indiatimes.com/news/defence/us-approves-5-billion-sale-of-bombs-to-saudi-arabia-to-enhance-security-of-major-non-nato-ally/articleshow/133783338.cms,0,economictimes.indiatimes.com,US approves $5 billion sale of bombs to Saudi Arabia to enhance security of 'major non-NATO ally',The United States announced a significant arms sale to Saudi Arabia. This proposed sale includes bombs and guidance kits valued at five billion dollars. The equipment aims to bolster Saudi Arabia's defense against regional threats. This move strengthens homel…,"https://img.etimg.com/thumb/msid-133783371,width-1200,height-630,imgsize-64670,overlay-etdefence/articleshow.jpg",2026-09-05T01:09:43Z,,"The United States has approved a possible $5 billion sale of bombs, guidance kits and related equipment to Saudi Arabia, in a deal aimed at bolstering the kingdom's ability to defend itself against r… [+2036 chars]",,en,'Iran'
203,https://slashdot.org/firehose.pl?op=view&amp;id=185435220,0,slashdot.org,Trump promised ‘economic D-Day’ for Iran. The result isn’t what was expected - CNN,Trump promised ‘economic D-Day’ for Iran. The result isn’t what was expectedCNN The US wants to manage the stalemate in the Strait of Hormuz. Iran wants to break itCNN Time Is No Longer on Iran’s Side in the Battle of the Blockadeswsj.com A More Confident Ira…,,2026-09-05T01:13:13Z,http://web.archive.org/web/20160119174443/http://slashdot.org/firehose.pl?op=view,The Fine Print: The following comments are owned by whoever posted them. We are not responsible for them in any way.,,en,'Iran'
204,https://slashdot.org/firehose.pl?op=view&amp;id=185435228,0,slashdot.org,Trump calls Iran conflict ‘small potatoes’ and defends Vance’s position that it’s not a ‘war’ - AP News,"Trump calls Iran conflict ‘small potatoes’ and defends Vance’s position that it’s not a ‘war’AP News Trump downplays war with Iran, in which 18 US service members have been killed so far, as ‘small potatoes’ – liveThe Guardian Trump downplays Iran ‘military c…",,2026-09-05T01:13:54Z,http://web.archive.org/web/20160119174443/http://slashdot.org/firehose.pl?op=view,The Fine Print: The following comments are owned by whoever posted them. We are not responsible for them in any way.,,en,'Iran'
205,https://biztoc.com/x/31b181184954d585,0,biztoc.com,"Flight price rises due to 'foolish leaders' starting wars, Virgin's Branson says","Virgin Group founder Sir Richard Branson has blamed flight price rises on ""foolish leaders"" starting wars, in a thinly veiled reference to the US-Israel conflict with Iran.
Middle East tensions have choked the production and transportation of millions of barr…",https://biztoc.com/cdn/31b181184954d585_s.webp,2026-09-05T01:25:46Z,,"Virgin Group founder Sir Richard Branson has blamed flight price rises on ""foolish leaders"" starting wars, in a thinly veiled reference to the US-Israel conflict with Iran.Middle East tensions have c… [+148 chars]",,en,'Iran'
206,https://timesofindia.indiatimes.com/world/us/we-may-hit-pickaxe-very-soon-trump-issues-fresh-threat-to-irans-nuclear-site/articleshow/133783585.cms,0,timesofindia.indiatimes.com,'We may hit Pickaxe very soon': Trump issues fresh threat to Iran’s nuclear site,"US News: US President Donald Trump on Friday issued a fresh threat to Iran, saying that the America could \""hit\"" its  heavily fortified underground nuclear site.","https://static.toiimg.com/thumb/msid-133783702,width-1280,height-720,resizemode-6,overlay-toi_sw,pt-32,y_pad-600/photo.jpg",2026-09-05T01:27:34Z,,"Follow Us On Social Media
Quote of the day by BK Sister Shivani: ""Belief system - ""If we are nice always, people take us for granted."" ' Nice means responding..."" What does the motivational speaker … [+2104 chars]",,en,'Iran'
207,https://economictimes.indiatimes.com/news/defence/us-iran-war-american-military-disables-ad-trackers-on-devices-amid-middle-east-targeting-reports/articleshow/133784348.cms,0,economictimes.indiatimes.com,US-Iran war: American military disables ad trackers on devices amid Middle East targeting reports,US military branches have disabled advertising trackers on various devices.  This action follows reports of location data targeting American forces in the Middle East.  The Air Force and Special Operations Command confirmed disabling these identifiers on thei…,"https://img.etimg.com/thumb/msid-133784385,width-1200,height-630,imgsize-116778,overlay-etdefence/articleshow.jpg",2026-09-05T02:05:14Z,,"WASHINGTON: U.S. military officials say they have disabled advertising trackers on a range of phones and computers, according to letters released on Friday by U.S. Senator Ron Wyden and statements gi… [+3148 chars]",,en,'Iran'
208,https://www.business-standard.com/world-news/us-could-hit-iran-s-pickaxe-mountain-nuclear-site-very-soon-says-trump-126090500044_1.html,0,www.business-standard.com,"US could 'hit' Iran's Pickaxe Mountain nuclear site 'very soon', says Trump",US President Donald Trump said Washington could target Iran's heavily fortified underground nuclear site at Pickaxe Mountain if intelligence detects activity there,https://bsmedia.business-standard.com/_media/bs/img/article/2026-08/23/thumb/fitandfill/1200X628/1787452745-1397.jpg,2026-09-05T02:06:47Z,,"US President Donald Trump on Friday (local time) said the United States could ""hit"" Iran's heavily fortified underground nuclear site known as Pickaxe Mountain ""very soon"", days after Washington targ… [+3860 chars]",,en,'Iran'
209,https://www.business-standard.com/world-news/trump-calls-iran-conflict-small-potatoes-backs-vance-s-not-a-war-stand-126090500020_1.html,0,www.business-standard.com,"Trump calls Iran conflict 'small potatoes', backs Vance's 'not a war' stand","President Donald Trump on Friday said the conflict in Iran is ""small potatoes"" as he defended Vice President JD Vance for asserting that months of on-and-off attacks in the Middle East are not a ""war.""
Asked during an Oval Office exchange about Vance's commen…",https://bsmedia.business-standard.com/_media/bs/img/article/2026-08/25/thumb/fitandfill/1200X628/1787635392-5049.jpg,2026-09-05T02:19:49Z,http://web.archive.org/web/20260905030027/https://www.business-standard.com/world-news/trump-calls-iran-conflict-small-potatoes-backs-vance-s-not-a-war-stand-126090500020_1.html,"President Donald Trump on Friday said the conflict in Iran is ""small potatoes"" as he defended Vice President JD Vance for asserting that months of on-and-off attacks in the Middle East are not a ""war… [+2534 chars]",,en,'Iran'
210,http://deadline.com/2026/09/mad-solutions-irth-pan-arab-strategic-partnership-venice-1237068800/,0,deadline.com,MAD Solutions & IRTH Strike Pan-Arab Development & Production Strategic Partnership – Venice,"Cairo-based film and talent group MAD Solutions has announced a strategic partnership with Egyptian author, screenwriter and producer Haitham Dabbour’s pan-Arab drama development and production company IRTH. The partnership will bring their complementary stre…",https://deadline.com/wp-content/uploads/2026/09/MixCollage-05-Sep-2026-07-55-AM-1020.jpg?w=1024,2026-09-05T06:00:02Z,http://web.archive.org/web/20260906044028/https://deadline.com/2026/09/mad-solutions-irth-pan-arab-strategic-partnership-venice-1237068800/,"Cairo-based film and talent group MAD Solutions has announced a strategic partnership with Egyptian author, screenwriter and producer Haitham Dabbour’s pan-Arab drama development and production compa… [+3499 chars]",,en,'Cairo'
https://pushin.eu,https://pushin.eu,0,pushin.eu,Git hosting that never leaves Europe,"Sovereign, GDPR-native git hosting — code, issues, and CI, all on European soil.",https://pushin.eu/-/og/home,2026-09-05T06:31:49Z,http://web.archive.org/web/20260906054746/https://pushin.eu/,"European Git hosting
Public and private Git repos, hosted 100% in the EU, on a platform built for humans, not AI. We block slop, never use your code to train models, and focus on availability, not s… [+16 chars]",,en,'Europe'
211,https://www.thehindubusinessline.com/news/indian-tunnel-rescue-team-makes-progress-at-flood-hit-chilime-hydropower-site/article71431263.ece,0,www.thehindubusinessline.com,Indian tunnel rescue team makes progress at flood-hit Chilime hydropower site,"Indian rescue team aids Nepal by progressing in Chilime tunnel, facilitating heavy equipment access and providing community health support.",https://bl-i.thgim.com/public/incoming/klxges/article71427085.ece/alternates/LANDSCAPE_1200/PTI09_04_2026_000018B.jpg,2026-09-05T07:53:42Z,,"The Indian tunnel rescue team, who are continuing to work alongside with Nepalese Army have made a temporary track inside the Chilime tunnel in flood-hit Rasuwa district to allow more heavy equipment… [+2414 chars]",,en,'Tibet'
212,https://www.thehindubusinessline.com/news/nepal-floods-death-toll-surges-to-1344-as-rescue-efforts-continue-around-4900-still-missing/article71431360.ece,0,www.thehindubusinessline.com,"Nepal floods: Death toll surges to 1,344 as rescue efforts continue; around 4,900 still missing","More than 13,000 people have been rescued so far, according to Nepal’s National Disaster Risk Reduction and Management Authority",https://bl-i.thgim.com/public/incoming/c0cpor/article71427290.ece/alternates/LANDSCAPE_1200/2026-09-04T035428Z_1329684602_RC22CNAIX90G_RTRMADP_3_NEPAL-FLOODS.JPG,2026-09-05T07:59:06Z,,"The death toll from the devastating flash floods in Nepal rose to 1,344 on Saturday as more bodies were recovered from the affected districts, police said.
Rescue teams continued to search for aroun… [+2557 chars]",,en,'Nepal'
213,https://economictimes.indiatimes.com/news/international/world-news/a-chinese-national-has-been-rescued-alive-from-a-hydropower-tunnel-nepali-army-says/articleshow/133794558.cms,0,economictimes.indiatimes.com,Nepal floods: Chinese national rescued alive from hydropower tunnel after 10 days,Rescuers in Nepal have pulled a Chinese national alive from a hydropower tunnel.  This rescue brings the total to three workers found after devastating floods occurred.  A woman was also found alive in Nuwakot town and is being airlifted.  Over 900 workers re…,"https://img.etimg.com/thumb/msid-133794555,width-1200,height-630,imgsize-243184,overlay-economictimes/articleshow.jpg",2026-09-05T08:51:30Z,http://web.archive.org/web/20260905182433/https://economictimes.indiatimes.com/news/international/world-news/a-chinese-national-has-been-rescued-alive-from-a-hydropower-tunnel-nepali-army-says/articleshow/133794558.cms,"Rescuers in Nepal pulled a Chinese national and a Nepali woman alive on Saturday, 10 days after devastating floods struck the country, officials said, even as the death toll continued to climb and hu… [+3362 chars]",,en,'Nepal'
214,https://www.rte.ie/news/world/2026/0905/1590422-nepal-rescue-efforts/,0,www.rte.ie,Chinese national rescued from hydropower tunnel - army,"A Chinese national has been rescued alive from a hydropower tunnel in Nepal, 10 days after catastrophic flooding, the Nepali Army said.",https://www.rte.ie/images/0024f569-1600.jpg,2026-09-05T08:56:07Z,,"A Chinese national has been rescued alive from a hydropower tunnel in Nepal, 10 days after catastrophic flooding, the Nepali Army said.
The Nepalese army said the man was pulled alive from a 738ft t… [+1639 chars]",,en,'Nepal'
215,https://www.channelnewsasia.com/singapore/racist-comments-nepal-air-india-shanmugam-police-6364346,0,www.channelnewsasia.com,"Police investigating 'shameful' racist online comments about Nepal-Tibet disaster, Air India: SM Shanmugam","""These people should be unmasked and dealt with, rather than be allowed to hide behind online anonymity,"" says Senior Minister K Shanmugam.","https://dam.mediacorp.sg/image/upload/s--Q1KG0SGI--/c_crop,h_1125,w_1999,x_1,y_129/c_fill,g_auto,h_676,w_1200/fl_relative,g_south_east,l_mediacorp:cna:watermark:2021-08:cna,w_0.1/f_auto,q_auto/v1/mediacorp/cna/image/2026/09/05/k_shanmugam_sep5.jpeg?itok=S7t_Y6zP",2026-09-05T09:00:03Z,http://web.archive.org/web/20260906045205/https://www.channelnewsasia.com/singapore/racist-comments-nepal-air-india-shanmugam-police-6364346,"RACIST BACKLASH OVER AIR INDIA INVESTMENT
News that Air India is seeking fresh equity from shareholders, including SIA, has sparked a new wave of ""anti-Indian, racist ranting"" online, such as ""refer… [+2929 chars]",,en,'Tibet'
216,https://economictimes.indiatimes.com/news/international/world-news/nepal-pm-balendra-shah-to-address-un-session-to-voice-concern-over-climate-change/articleshow/133797087.cms,0,economictimes.indiatimes.com,Nepal PM Balendra Shah to address UN session to voice concern over climate change,"Nepal's Prime Minister Balendra Shah will address the UN General Assembly soon.  He plans to raise climate change and seek international compensation for devastating floods.  These flash floods, caused by an ice-rock avalanche, killed over thirteen hundred pe…","https://img.etimg.com/thumb/msid-133797185,width-1200,height-630,imgsize-30390,overlay-economictimes/articleshow.jpg",2026-09-05T10:27:23Z,http://web.archive.org/web/20260906053226/https://economictimes.indiatimes.com/news/international/world-news/nepal-pm-balendra-shah-to-address-un-session-to-voice-concern-over-climate-change/articleshow/133797087.cms,"Kathmandu: Nepal Prime Minister Balendra Shah will visit the US later this month to address the 81st session of the UN General Assembly, where he is likely to raise the issue of climate change and se… [+2053 chars]",,en,'Nepal'
217,https://www.dailymail.com/news/article-16107339/Nepal-rescuers-man-woman-alive-10-days-devastating-floods-500-trapped-tunnels.html,0,www.dailymail.com,Nepal rescuers find man and woman alive 10 days after devastating floods - with 500 still trapped in tunnels,Hundreds of people are stuck inside blocked hydropower project tunnels in the aftermath of last month's flood.,https://i.dailymail.com/1s/2026/09/05/11/111068239-0-image-a-17_1788605396354.jpg,2026-09-05T10:56:00Z,,"Nepalese rescuers have found a man and a woman alive ten days after devastating floods hit the country but 500 still remain trapped in tunnels. 
Hundreds of people are stuck inside blocked hydropowe… [+4404 chars]",,en,'Tibet'
218,https://www.npr.org/2026/09/05/nx-s1-5959114/us-envoys-in-moscow-in-new-push-for-peace,0,www.npr.org,US envoys in Moscow in new push for peace between Russia and Ukraine,"U.S. envoys Steve Witkoff and Jared Kushner have arrived in Moscow to revive efforts to end Russia's invasion of Ukraine. Ukrainian President Volodymyr Zelenskyy has called for a halt to air attacks during their visit, but Moscow has not publicly responded.",https://npr.brightspotcdn.com/dims3/default/strip/false/crop/8640x4860+0+450/resize/1400/quality/85/format/jpeg/?url=http%3A%2F%2Fnpr-brightspot.s3.amazonaws.com%2F33%2F21%2F3362c250461e89198a44aa02ad4e%2Fap26247433529836.jpg,2026-09-05T11:08:57Z,,"U.S. envoys Steve Witkoff and Jared Kushner arrived in Moscow on Saturday to try to revive a stalled push to end Russia's full-scale invasion of Ukraine, Russian state news outlets reported.
The vis… [+4659 chars]",,en,'Ukraine'
219,https://www.thejournal.ie/nepal-rescues-flood-7153469-Sep2026/,0,www.thejournal.ie,Nepal rescuers pull man from tunnel and woman from half-submerged home 10 days after flood,"So far, 1,344 bodies have been recovered in Nepal, according to the national disaster agency, with around 5,000 people missing.",https://img2.thejournal.ie/article/7153469/river/?height=400&version=7153471,2026-09-05T11:21:13Z,http://web.archive.org/web/20260906031420/https://www.thejournal.ie/nepal-rescues-flood-7153469-Sep2026/,"RESCUERS IN NEPAL have pulled a Chinese national from a hydropower tunnel and a local woman from her partially submerged home today, 10 days after a flood devastated parts of Nepal and Tibet. 
A res… [+3334 chars]",,en,'Tibet'
220,https://sputnikglobe.com/20260905/putin-orders-halt-to-strikes-on-kiev-for-three-days-starting-from-midnight-today---kremlin-1124683096.html,0,sputnikglobe.com,"Putin Orders Halt to Strikes on Kiev for Three Days, Starting From Midnight Today - Kremlin",Russia will halt strikes on Ukraine's capital as US special envoys Jared Kushner and Steve Witkoff arrive in Moscow for talks on the Ukrainian conflict.,https://cdn1.img.sputnikglobe.com/images/sharing/article/eng/1124683096.jpg?11243498731788609342,2026-09-05T11:55:41Z,http://web.archive.org/web/20260905234742/https://sputnikglobe.com/20260905/putin-orders-halt-to-strikes-on-kiev-for-three-days-starting-from-midnight-today---kremlin-1124683096.html,"Russia's Special Operation in Ukraine
On February 24, 2022 Russia launched a special military operation in Ukraine, aiming to liberate the Donbass region where the people's republics of Donetsk and … [+1142 chars]",,en,'russia'
221,https://economictimes.indiatimes.com/news/international/world-news/families-of-missing-pilgrims-in-tibet-demand-answers-from-china/articleshow/133800482.cms,0,economictimes.indiatimes.com,Families of missing pilgrims in Tibet demand answers from China,"A devastating mudslide in Tibet and Nepal has killed over 1,300 people. Thousands remain missing, including many foreign nationals on pilgrimage. Families are expressing frustration over a perceived information blackout from China. Chinese authorities state t…","https://img.etimg.com/thumb/msid-133800507,width-1200,height-630,imgsize-163600,overlay-economictimes/articleshow.jpg",2026-09-05T12:05:16Z,http://web.archive.org/web/20260906024559/https://economictimes.indiatimes.com/news/international/world-news/families-of-missing-pilgrims-in-tibet-demand-answers-from-china/articleshow/133800482.cms,"Priyanka Choudhary, an Indian-born Finnish citizen returning from a Hindu pilgrimage in Tibet, was at a border crossing with Nepal when a catastrophic mudslide hit.She is one of 261 foreign nationals… [+2537 chars]",,en,'Tibet'
222,https://www.yahoo.com/news/world/articles/families-missing-pilgrims-tibet-demand-120627773.html,0,www.yahoo.com,Families of missing pilgrims in Tibet demand answers from China,"By Ju-min Park BEIJING, Sept 5 (Reuters) - Priyanka Choudhary, an Indian-born Finnish citizen returning from a Hindu pilgrimage in Tibet, was at a border cro...",https://s.yimg.com/lo/mysterio/api/03573b3a7c1fe853e6b500926069caa8d90ed17c21cd3aba664aece43bc290d5/lightyear_networkapi/resizefill_w800_h550%3Bquality_80%3Bformat_jpg/https%3A%2F%2Fmedia.zenfs.com%2Fen%2Freuters.com%2F7545dd100f826918cd4935ebd95908c3.jpg,2026-09-05T12:06:27Z,http://web.archive.org/web/20260905150451/https://www.yahoo.com/news/world/articles/families-missing-pilgrims-tibet-demand-120627773.html,"By Ju-min Park
BEIJING, Sept 5 (Reuters) - Priyanka Choudhary, an Indian-born Finnish citizen returning from a Hindu pilgrimage in Tibet, was at a border crossing with Nepal when a catastrophic muds… [+2548 chars]",,en,'Beijing'
223,https://www.business-standard.com/world-news/cji-surya-kant-says-timely-justice-key-to-brics-shared-prosperity-126090500706_1.html,0,www.business-standard.com,Brics Chief Justices' Forum modern fabric woven with tradition: CJI Kant,"Chief Justice of India (CJI) Surya Kant on Saturday described the Supreme Court-hosted BRICS Chief Justices' Forum as a modern fabric woven with traditional threads, with a shared quest to seek solutions that serve humanity and envision a world where law can …",https://bsmedia.business-standard.com/_media/bs/img/article/2026-08/14/thumb/fitandfill/1200X628/1786685474-9209.jpg,2026-09-05T12:21:48Z,http://web.archive.org/web/20260905230746/https://www.business-standard.com/world-news/cji-surya-kant-says-timely-justice-key-to-brics-shared-prosperity-126090500706_1.html,"Chief Justice of India (CJI) Surya Kant on Saturday described the Supreme Court-hosted BRICS Chief Justices' Forum as a modern fabric woven with traditional threads, with a shared quest to seek solut… [+4221 chars]",,en,'Tibet'
224,https://economictimes.indiatimes.com/news/international/world-news/nepal-floods-families-turn-to-dna-testing-for-hope-in-identifying-missing-loved-ones/articleshow/133800713.cms,0,economictimes.indiatimes.com,Nepal floods: DNA testing offers last hope to families searching for missing loved ones,Nepal faces a significant challenge identifying flood victims after devastating floods.  Authorities are relying on DNA testing to identify hundreds of recovered bodies.  Families await results to confirm the fate of their missing loved ones.  The process is …,"https://img.etimg.com/thumb/msid-133800920,width-1200,height-630,imgsize-132988,overlay-economictimes/articleshow.jpg",2026-09-05T12:28:58Z,http://web.archive.org/web/20260905211551/https://economictimes.indiatimes.com/news/international/world-news/nepal-floods-families-turn-to-dna-testing-for-hope-in-identifying-missing-loved-ones/articleshow/133800713.cms,"Kathmandu: When Amrit Diyali saw a human hand washed downstream by floodwaters, he was struck by how closely it resembled his younger brother Raj Kumar's, who has been missing along with his wife and… [+4376 chars]",,en,'Nepal'
225,https://economictimes.indiatimes.com/news/international/world-news/incredible-rescue-60-year-old-woman-survives-10-days-trapped-in-house-after-nepal-floods/articleshow/133802626.cms,0,economictimes.indiatimes.com,Nepal floods: Woman rescued after 10 days of being trapped in house buried under mud and debris,A 60-year-old woman was rescued alive after being trapped for ten days.  She was buried under mud and debris following devastating flash floods in Nepal.  Rescuers located Chandika Shrestha on the top floor of her four-storey house.  She was then flown by hel…,"https://img.etimg.com/thumb/msid-133802702,width-1200,height-630,imgsize-47954,overlay-economictimes/articleshow.jpg",2026-09-05T13:14:13Z,http://web.archive.org/web/20260905184857/https://economictimes.indiatimes.com/news/international/world-news/incredible-rescue-60-year-old-woman-survives-10-days-trapped-in-house-after-nepal-floods/articleshow/133802626.cms,"Nuwakot (Nepal): A 60-year-old woman was pulled out alive from the top floor of a four-storey house, where she was trapped for 10 days, buried under mud and debris after the devastating flash floods,… [+1310 chars]",,en,'Nepal'
226,https://www.aljazeera.com/features/2026/9/5/relatives-hold-cremations-without-bodies-for-nepals-missing-flood-victims,0,www.aljazeera.com,Relatives hold cremations without bodies for Nepal’s missing flood victims,Fewer than one in 10 recovered bodies of people killed in deadly floods has been formally identified.,https://www.aljazeera.com/wp-content/uploads/2026/09/2026-09-03T143118Z_267974650_RC2MBNAYDGO0_RTRMADP_3_NEPAL-FLOODS-1788617060.jpg?resize=1920%2C1440,2026-09-05T14:40:38Z,http://web.archive.org/web/20260905161502/https://www.aljazeera.com/features/2026/9/5/relatives-hold-cremations-without-bodies-for-nepals-missing-flood-victims,"Kathmandu, Nepal Nine days after his father, Dinesh, went missing, Sujan Achhami, 23, carries a body to the bank of the Bagmati River next to the famous Pashupatinath Temple in Nepals capital, Kathma… [+4632 chars]",,en,'Nepal'
227,https://www.npr.org/2026/09/05/nx-s1-5959159/us-iran-warships-targeted,0,www.npr.org,US military hits 3 Iranian oil tankers after saying Navy warships were targeted,"The strikes come a day after President Trump appeared to downplay the war with Iran as ""small potatoes"" during an exchange with reporters in the Oval Office.",https://npr.brightspotcdn.com/dims3/default/strip/false/crop/6000x3375+0+313/resize/1400/quality/85/format/jpeg/?url=http%3A%2F%2Fnpr-brightspot.s3.amazonaws.com%2F65%2Fec%2F64938f1741d199aebbc31393fde3%2Fap26247569143031.jpg,2026-09-05T15:05:08Z,http://web.archive.org/web/20260906001029/https://www.npr.org/2026/09/05/nx-s1-5959159/us-iran-warships-targeted,"CAIRO The U.S. military on Saturday said it struck three Iranian oil tankers after Navy warships were targeted with missiles, warning that it would ""if necessary, destroy Iran's limited and exposed o… [+2541 chars]",,en,'Iran'
228,https://www.aljazeera.com/news/2026/9/5/rescuers-pull-chinese-worker-nepali-woman-from-flood-wreckage-alive,0,www.aljazeera.com,"Rescuers pull Chinese worker, Nepali woman from flood wreckage alive","Rescues fuel hope more could be found alive as Nepal's flood death toll passes 1,331, with people missing on both sides.",https://www.aljazeera.com/wp-content/uploads/2026/09/AP26248319556650-1788623299.jpg?resize=1920%2C1440,2026-09-05T15:33:02Z,http://web.archive.org/web/20260905222545/https://www.aljazeera.com/news/2026/9/5/rescuers-pull-chinese-worker-nepali-woman-from-flood-wreckage-alive,"Rescuers in Nepal have pulled a Chinese hydropower worker and a Nepali woman alive from the wreckage left by catastrophic flooding, as search teams continue combing the region for thousands of people… [+3123 chars]",,en,'Nepal'
229,https://sputnikglobe.com/20260905/russian-strikes-keep-disrupting-western-arms-deliveries-at-ukrainian-ports-1124684107.html,0,sputnikglobe.com,Russian Strikes Keep Disrupting Western Arms Deliveries at Ukrainian Ports,"Russian forces struck a dry cargo vessel carrying Western-supplied military equipment for the Ukrainian military at the port of Chernomorsk in Ukraine’s Odessa region, Russia’s Ministry of Defense said on Saturday.",https://cdn1.img.sputnikglobe.com/images/sharing/article/eng/1124684107.jpg?11221653311788622701,2026-09-05T15:38:21Z,http://web.archive.org/web/20260905185027/https://sputnikglobe.com/20260905/russian-strikes-keep-disrupting-western-arms-deliveries-at-ukrainian-ports-1124684107.html,"Russia's Special Operation in Ukraine
On February 24, 2022 Russia launched a special military operation in Ukraine, aiming to liberate the Donbass region where the people's republics of Donetsk and … [+1508 chars]",,en,'Donbass'
230,https://cryptobriefing.com/putin-discusses-russia-ukraine-ceasefire-challenges-with-us-envoys-in-moscow/,0,cryptobriefing.com,Putin discusses Russia-Ukraine ceasefire challenges with US envoys in Moscow,"The ongoing diplomatic complexities and unresolved core issues suggest significant hurdles remain for a Russia-Ukraine ceasefire resolution.
The post Putin discusses Russia-Ukraine ceasefire challenges with US envoys in Moscow appeared first on Crypto Briefin…",https://static.cryptobriefing.com/wp-content/uploads/2026/09/05141247/russian-president-vladimir-putin-receives-azerbaijani-presid-1-800x420.jpeg,2026-09-05T18:12:48Z,,"Russian President Vladimir Putin welcomed U.S. envoys Jared Kushner and Steve Witkoff to Moscow, reportedly providing a sobering overview of the current diplomatic challenges. The meeting, part of on… [+2028 chars]",,en,'russia'
231,https://www.aljazeera.com/news/2026/9/5/russias-putin-meets-us-envoys-to-discuss-trump-proposal-to-end-ukraine-war,0,www.aljazeera.com,Russia’s Putin meets US envoys to discuss Trump proposal to end Ukraine war,Both Russia and Ukraine vow not to strike each other's capitals for three days during talks in Moscow and Kyiv.,https://www.aljazeera.com/wp-content/uploads/2026/09/afp_6a9c5a23d2d6-1788631587_3b08c1-1788631880.jpg?resize=1200%2C630&quality=80,2026-09-05T18:12:52Z,http://web.archive.org/web/20260905205120/https://www.aljazeera.com/news/2026/9/5/russias-putin-meets-us-envoys-to-discuss-trump-proposal-to-end-ukraine-war,"Russias President Vladimir Putin has begun talks with envoys from the United States on ending more than four years of war in Ukraine, ahead of their expected visit to Kyiv on Sunday.
Putin met Steve… [+2165 chars]",,en,'Kyiv'
232,https://www.breitbart.com/asia/2026/09/05/video-nepal-two-people-rescued-10-days-being-trapped-massive-floods-landslides/,0,www.breitbart.com,VIDEO -- Nepal: Two People Rescued 10 Days After Being Trapped by Massive Floods and Landslides,"Two people were rescued during separate operations on Saturday in Nepal after they were trapped for 10 days by flooding and landslides.
The post VIDEO — Nepal: Two People Rescued 10 Days After Being Trapped by Massive Floods and Landslides appeared first on B…",https://media.breitbart.com/media/2026/09/Nepal-floods_-Man-rescued-after-10-days-640x335.jpg,2026-09-05T19:02:28Z,http://web.archive.org/web/20260906092051/https://www.breitbart.com/asia/2026/09/05/video-nepal-two-people-rescued-10-days-being-trapped-massive-floods-landslides/,"Two people were rescued during separate operations on Saturday in Nepal after they were trapped for 10 days due to the recent flooding and landslides.
Authorities said crews rescued a man from a hyd… [+1854 chars]",,en,'Tibet'
233,https://uk.news.yahoo.com/putins-envoy-dmitriev-meet-witkoff-100051885.html,0,uk.news.yahoo.com,"Putin tells US envoys Witkoff, Kushner that situation in Ukraine is 'difficult'","MOSCOW, Sept 5 (Reuters) - Russian President Vladimir Putin met U. envoys Steve Witkoff and Jared Kushner in the Kremlin on Saturday, telling them at the sta...",https://s.yimg.com/lo/mysterio/api/50545d47eda0da108075e2af7c3572394095b213e6bfb45350ccda6be4ae636e/lightyear_networkapi/resizefill_w800_h449%3Bquality_80%3Bformat_jpg/https%3A%2F%2Fmedia.zenfs.com%2Fen%2Freuters.com%2F11ae996106cc5e58d076aba56b708509.jpg,2026-09-05T19:12:31Z,,"By Gleb Bryanski and Anton Kolodyazhnyy
MOSCOW, Sept 5 (Reuters) - Russian President Vladimir Putin met U.S. envoys Steve Witkoff and Jared Kushner in the Kremlin on Saturday, telling them at the st… [+3551 chars]",,en,'MOSCOW'
234,https://www.abc.net.au/news/2026-09-06/two-more-rescued-after-nepal-floods/107121104,0,www.abc.net.au,Man in Nepal tunnel and woman rescued 10 days after flash flood,"A Chinese national and a local woman are rescued in separate operations, as more than 5,000 people remain missing after a flood hit Nepal and Tibet on August 26.",https://live-production.wcms.abc-cdn.net.au/481efa2c0ab21f7f32fc760b908194a8?impolicy=wcms_watermark_news&cropH=1125&cropW=2000&xPos=0&yPos=225&width=862&height=485&imformat=generic,2026-09-05T19:42:35Z,http://web.archive.org/web/20260906004158/https://www.abc.net.au/news/2026-09-06/two-more-rescued-after-nepal-floods/107121104,"Rescuers in Nepal have rescued two more survivors, 10 days after devastating floods hit the country.
The man and woman were freed in separate operations on Saturday, local time, with teams continuin… [+3628 chars]",,en,'Tibet'
235,https://www.rt.com/news/645162-china-egypt-middle-east/,0,www.rt.com,China’s latest Middle East play makes Egypt a pivot of power,"Xi’s Cairo visit tied trade, the Suez, Africa and Gulf stability to Beijing’s bid to build a post-Western regional order Read Full Article at RT.com",https://mf.b37mrtl.ru/files/2026.09/article/6a9c25d385f54003877de0ca.jpg,2026-09-05T20:40:51Z,http://web.archive.org/web/20260905210912/https://www.rt.com/news/645162-china-egypt-middle-east/,"Xi Jinping’s state visit to Egypt, which began on September 1, was his first in a decade and coincided with the 70th anniversary of diplomatic relations between the two countries.
During his meeting… [+12489 chars]",,en,'Cairo'
236,https://www.rt.com/russia/645173-putin-praises-moscows-role-in-conflict/,0,www.rt.com,Putin praises Moscow’s role in supporting Russian troops,"Vladimir Putin has praised Moscow’s contribution to the country’s military and economy, saying Russia will overcome any challenge Read Full Article at RT.com",https://mf.b37mrtl.ru/files/2026.09/article/6a9c7e0820302750484027a5.jpg,2026-09-05T21:45:19Z,http://web.archive.org/web/20260905234749/https://www.rt.com/russia/645173-putin-praises-moscows-role-in-conflict/,"Russian President Vladimir Putin has praised Moscow’s contribution to the country’s military and technological development, declaring that Russia will overcome the challenges it faces because they ar… [+1395 chars]",,en,'MOSCOW'
237,https://abcnews.com/International/witkoff-kushner-meet-putin-discuss-ukraine-war/story?id=136231643,0,abcnews.com,"Witkoff, Kushner meet with Putin to discuss Ukraine war",Russian President Vladimir Putin spoke with U.S. special envoys Steve Witkoff and Jared Kushner for three hours Saturday about the war with Ukraine.,https://i.abcnewsfe.com/a/0017159e-0be8-4ad6-ac70-23308e18f07a/UKRAINE-CRISIS-RUSSIA-USA_1788644653291_hpMain_16x9.jpg?w=1600,2026-09-05T23:00:21Z,http://web.archive.org/web/20260906000257/https://abcnews.com/International/witkoff-kushner-meet-putin-discuss-ukraine-war/story?id=136231643,"Russian President Vladimir Putin spoke with U.S. special envoys Steve Witkoff and Jared Kushner for three hours Saturday about the war with Ukraine, according to the Kremlin.
Kremlin aid Yuri Ushako… [+2086 chars]",,en,'Ukraine'
238,https://english.khabarhub.com/2026/06/566652/,0,english.khabarhub.com,Economic Digest: A Snapshot of Nepal’s Business News,"KATHMANDU: Economic Digest presents a brief yet comprehensive roundup of major business developments in Nepal, delivered in clear and accessible summaries. The developments highlight Nepal’s growing efforts to manage the immediate economic and social conseque…",https://english.khabarhub.com/wp-content/uploads/2024/05/Economic-Digest.jpg,2026-09-06T02:15:58Z,,"KATHMANDU: Economic Digest presents a brief yet comprehensive roundup of major business developments in Nepal, delivered in clear and accessible summaries.
The developments highlight Nepals growing … [+14105 chars]",,en,'Nepal'
239,https://economictimes.indiatimes.com/news/india/global-warming-from-nepal-to-assam-to-kerala-natures-fury-is-colliding-with-unchecked-development/articleshow/133822957.cms,0,economictimes.indiatimes.com,"Global warming: From Nepal to Assam to Kerala, nature’s fury is colliding with unchecked development","The Himalayan region is facing increasingly frequent and unpredictable extreme weather, with glacier collapses, flash floods and landslides becoming more dangerous. Climate change is a key driver, but rapid and poorly planned development is worsening the risk…","https://img.etimg.com/thumb/msid-133823298,width-1200,height-630,imgsize-266208,overlay-economictimes/articleshow.jpg",2026-09-06T02:41:47Z,http://web.archive.org/web/20260907114931/https://economictimes.indiatimes.com/news/india/global-warming-from-nepal-to-assam-to-kerala-natures-fury-is-colliding-with-unchecked-development/articleshow/133822957.cms,"Over the last few years, Nepals weather has become increasingly unfamiliar to those living there. The Himalayan nation has experienced weather events that were once unheard of, including the first to… [+10634 chars]",,en,'Nepal'
240,https://www.business-standard.com/world-news/nepal-woman-rescued-from-debris-10-days-after-devastating-floods-126090600097_1.html,0,www.business-standard.com,Nepal woman rescued from debris 10 days after devastating floods,"A rescue from a mostly buried house gave new hope to a town devastated by floods in Nepal. Earlier Saturday, another survivor had been pulled from a tunnel",https://bsmedia.business-standard.com/_media/bs/img/article/2026-08/31/thumb/featurecrop/1200X628/1788169857-8264.jpg,2026-09-06T04:11:44Z,http://web.archive.org/web/20260906122745/https://www.business-standard.com/world-news/nepal-woman-rescued-from-debris-10-days-after-devastating-floods-126090600097_1.html,"A rescue from a mostly buried house gave new hope to a town devastated by floods in Nepal. Earlier Saturday, another survivor had been pulled from a tunnel
A view of destroyed buildings and structur… [+6706 chars]",,en,'Nepal'
241,https://economictimes.indiatimes.com/news/international/world-news/police-looking-into-shameful-racist-online-comments-about-nepal-tibet-disaster-air-india-singapore-senior-minister-shanmugam/articleshow/133826908.cms,0,economictimes.indiatimes.com,"Police looking into 'shameful' racist online comments about Nepal-Tibet disaster, Air India: Singapore Senior Minister Shanmugam",Singapore is investigating racist online commentary regarding the Nepal-Tibet disaster.  Authorities are also examining Singapore Airlines' financial ties to Air India.  Senior Minister K Shanmugam condemned the hateful and unacceptable online remarks.  He st…,"https://img.etimg.com/thumb/msid-133826907,width-1200,height-630,imgsize-51822,overlay-economictimes/articleshow.jpg",2026-09-06T05:26:47Z,http://web.archive.org/web/20260907033351/https://economictimes.indiatimes.com/news/international/world-news/police-looking-into-shameful-racist-online-comments-about-nepal-tibet-disaster-air-india-singapore-senior-minister-shanmugam/articleshow/133826908.cms,"Singapore: Singapore Senior Minister K Shanmugam has announced that law enforcement agencies are investigating ""shameful"" racist and xenophobic online commentary directed at the Nepal-Tibet disaster,… [+3366 chars]",,en,'Singapore'
242,https://economictimes.indiatimes.com/news/international/world-news/punjab-faces-more-threats-from-adjoining-provinces-than-pakistans-neighbours-cm-maryam-nawaz/articleshow/133828043.cms,0,economictimes.indiatimes.com,Punjab faces more threats from adjoining provinces than Pakistan's neighbours: CM Maryam Nawaz,"Punjab's Chief Minister Maryam Nawaz highlighted internal provincial borders as a greater security threat.  She stated terrorism enters Punjab from its adjoining provinces, not neighboring nations.  Opposition leaders criticized her remarks as insulting to Kh…","https://img.etimg.com/thumb/msid-133828225,width-1200,height-630,imgsize-52652,overlay-economictimes/articleshow.jpg",2026-09-06T06:22:08Z,http://web.archive.org/web/20260907105920/https://economictimes.indiatimes.com/news/international/world-news/punjab-faces-more-threats-from-adjoining-provinces-than-pakistans-neighbours-cm-maryam-nawaz/articleshow/133828043.cms,Lahore: Pakistan's Punjab Chief Minister Maryam Nawaz has said her province faces a greater security threat from its adjoining provinces than from neighbouring countries.Pakistan has witnessed a surg… [+2427 chars],,en,'Pakistan'
243,https://www.business-standard.com/world-news/nepal-issues-media-safety-protocol-for-journalists-covering-flood-hit-areas-126090600187_1.html,0,www.business-standard.com,Nepal issues media safety protocol for journalists covering flood-hit areas,"The protocol, issued for immediate implementation, requires journalists to carry valid press identification, follow safety instructions issued by security and rescue personnel",https://bsmedia.business-standard.com/_media/bs/img/article/2026-08/27/thumb/featurecrop/1200X628/1787808387-7382.jpg,2026-09-06T06:36:38Z,http://web.archive.org/web/20260907105123/https://www.business-standard.com/world-news/nepal-issues-media-safety-protocol-for-journalists-covering-flood-hit-areas-126090600187_1.html,"The protocol, issued for immediate implementation, requires journalists to carry valid press identification, follow safety instructions issued by security and rescue personnel
A view of structures s… [+2642 chars]",,en,'Tibet'
244,https://abcnews.com/International/wireStory/nepal-flood-survivors-family-china-relieved-after-days-136236638,0,abcnews.com,Nepal flood survivor's family in China relieved after days of anxious waiting,Lu Haitao’s family can finally breathe a sigh of relief after the Chinese man's rescue from a tunnel that protected him from the Nepal flooding,https://i.abcnewsfe.com/a/c55cb33e-975e-40c1-a863-08f4f5834959/wirestory_7096a95447c25b9f49655acd7ac673e4_16x9.jpg?w=1600,2026-09-06T07:02:59Z,,"HONG KONG -- After days of waiting anxiously, Lu Haitao's family could finally breathe a sigh of relief when the Chinese man was rescued from a tunnel in Nepal where devastating floods killed more th… [+2388 chars]",,en,'Nepal'
245,https://www.yahoo.com/news/world/articles/iran-claims-strike-us-ship-070335650.html,0,www.yahoo.com,Iran claims a strike on a US ship in the Strait of Hormuz but the US denies it,"Iran said Sunday it struck an unmanned U.S. vessel trying to enter the Strait of Hormuz, a claim that the U.S. military dismissed as a “total lie.”  The purp...",https://s.yimg.com/lo/mysterio/api/90134f3c6d4543cdd0cb7cec8a6dc90bed4ca52f7aa5aedea2f72ed9e4c15112/lightyear_networkapi/resizefill_w1200%3Bquality_80%3Bformat_jpg/https%3A%2F%2Fmedia.zenfs.com%2Fen%2Fap.org%2F25b030f36e4e3a28922fc522a948ada5.jpg,2026-09-06T07:03:35Z,http://web.archive.org/web/20260906155152/https://www.yahoo.com/news/world/articles/iran-claims-strike-us-ship-070335650.html,"CAIRO (AP) Iran said Sunday it struck an unmanned U.S. vessel trying to enter the Strait of Hormuz, a claim that the U.S. military dismissed as a ""total lie.""
The purported attack came a day after t… [+2973 chars]",,en,'CAIRO'
246,https://www.aljazeera.com/news/2026/9/6/egyptian-tv-presenter-sentenced-to-death-in-major-drug-case,0,www.aljazeera.com,Egyptian TV presenter Sarah Khalifa sentenced to death in drugs case,Cairo court sentences TV host Sarah Khalifa and 11 others to death over drug trafficking ring.,https://www.aljazeera.com/wp-content/uploads/2026/09/Sarah-Khalifa-1788674119.webp?resize=1200%2C675,2026-09-06T07:20:37Z,http://web.archive.org/web/20260906215008/https://www.aljazeera.com/news/2026/9/6/egyptian-tv-presenter-sentenced-to-death-in-major-drug-case,"A court in Egypt has sentenced television presenter Sarah Khalifa and 11 other people to death by hanging after convicting them of drug charges.
The Cairo criminal court issued the death sentences a… [+2086 chars]",,en,'CAIRO'
247,https://www.business-standard.com/world-news/nepal-floods-death-toll-rises-to-1-344-nearly-5-000-people-remain-missing-126090600215_1.html,0,www.business-standard.com,"Nepal floods: Death toll rises to 1,344, nearly 5,000 people remain missing","Rescuers in Nepal continued searching for those missing, as authorities faced continuing difficulties in identifying the dead, 11 days after devastating floods struck large parts of the country.
The death toll stood at 1,344, while nearly 5,000 people remaine…",https://bsmedia.business-standard.com/_media/bs/img/article/2026-08/27/thumb/featurecrop/1200X628/1787810034-0966.jpg,2026-09-06T07:36:00Z,http://web.archive.org/web/20260907102018/https://www.business-standard.com/world-news/nepal-floods-death-toll-rises-to-1-344-nearly-5-000-people-remain-missing-126090600215_1.html,"Rescuers in Nepal continued searching for those missing, as authorities faced continuing difficulties in identifying the dead, 11 days after devastating floods struck large parts of the country.
The… [+2838 chars]",,en,'Nepal'
248,https://economictimes.indiatimes.com/news/international/world-news/at-flood-destroyed-china-nepal-border-no-sign-of-a-once-busy-port/articleshow/133830761.cms,0,economictimes.indiatimes.com,"At flood-destroyed China-Nepal border, no sign of a once-busy port","Rescue workers search for hundreds missing after a glacier collapse caused a devastating mudslide.  The Gyirong border crossing, a key trade and pilgrimage route, was destroyed by the disaster.  Over 1,300 people have died and more than 5,000 remain missing o…","https://img.etimg.com/thumb/msid-133830813,width-1200,height-630,imgsize-114496,overlay-economictimes/articleshow.jpg",2026-09-06T08:20:13Z,,"China: About 20 Chinese rescue workers in bright orange operated excavators, shovels and ground-penetrating radar detectors on Sunday in an effort to find hundreds of people missing since a tsunami-l… [+3201 chars]",,en,'China'
249,https://www.channelnewsasia.com/singapore/pm-lawrence-wong-racist-comments-shanmugam-nepal-tibet-sia-6365481,0,www.channelnewsasia.com,Singapore must never allow prejudice against any community to become accepted or normalised: PM Wong,"""We can and should have robust debates. But we should never use seemingly legitimate arguments as a cover to fuel prejudice against any community or hostility towards foreigners,"" says Prime Minister Lawrence Wong.","https://dam.mediacorp.sg/image/upload/s--wWB2CHRJ--/c_fill,g_auto,h_676,w_1200/fl_relative,g_south_east,l_mediacorp:cna:watermark:2021-08:cna,w_0.1/f_auto,q_auto/v1/mediacorp/cna/image/2026/08/23/lawrence_wong_ndr_2026_english.jpg?itok=YougxwXv",2026-09-06T09:14:37Z,http://web.archive.org/web/20260907015700/https://www.channelnewsasia.com/singapore/pm-lawrence-wong-racist-comments-shanmugam-nepal-tibet-sia-6365481,"SINGAPORE: Singapore must never allow prejudice against any community to become accepted or normalised, said Prime Minister Lawrence Wong on Sunday (Sep 6).
""We can and should have robust debates. B… [+2389 chars]",,en,'Singapore'
250,https://economictimes.indiatimes.com/news/international/world-news/us-envoys-witkoff-and-kushner-arrive-in-kyiv-after-talks-with-putin-in-moscow/articleshow/133833506.cms,0,economictimes.indiatimes.com,US envoys Witkoff and Kushner arrive in Kyiv after talks with Putin in Moscow,"US envoys Steve Witkoff and Jared Kushner visited Kyiv and Moscow for peace talks.  Their meetings aimed to revive negotiations after Russia's full-scale invasion of Ukraine.  Both sides exchanged aerial attacks overnight, despite agreeing to pause strikes du…","https://img.etimg.com/thumb/msid-133833658,width-1200,height-630,imgsize-78814,overlay-economictimes/articleshow.jpg",2026-09-06T10:24:53Z,http://web.archive.org/web/20260906231956/https://economictimes.indiatimes.com/news/international/world-news/us-envoys-witkoff-and-kushner-arrive-in-kyiv-after-talks-with-putin-in-moscow/articleshow/133833506.cms,U.S. envoys Steve Witkoff and Jared Kushner arrived in Kyiv on Sunday in their first official visit to Ukraine as part of a renewed push for peace after Russias full-scale invasion of Ukraine.Their a… [+4748 chars],,en,'Tibet'
251,https://www.yahoo.com/news/world/articles/russias-lavrov-calls-accusations-moscows-112744807.html,0,www.yahoo.com,"Russia's Lavrov calls accusations of Moscow's involvement in Leipzig drone incident 'start of real war', TASS reports","MOSCOW, Sept 6 (Reuters) - Russian Foreign Minister Sergei Lavrov said on Sunday that the accusations levelled at Moscow by the West that it was involved in...",https://s.yimg.com/lo/mysterio/api/e4543d108a94536ef77c6471473d5759e6bec969c00f47d2e8885fe32aa016f8/lightyear_networkapi/resizefill_w800_h533%3Bquality_80%3Bformat_jpg/https%3A%2F%2Fmedia.zenfs.com%2Fen%2Freuters.com%2F95da08bd306b4f11cd99fc2ec51bdb61.jpg,2026-09-06T11:27:44Z,,"MOSCOW, Sept 6 (Reuters) - Russian Foreign Minister Sergei Lavrov said on Sunday that the accusations levelled at Moscow by the West that it was involved in the drone incident at Germany's Leipzig ai… [+774 chars]",,en,'Russia'
252,https://english.khabarhub.com/2026/06/566768/,0,english.khabarhub.com,Chinese goods being transported through Korala border after Rasuwa floods,"RASUWA: Following the destruction of roads, bridges and other infrastructure in the Bhotekoshi River flood, commercial goods stored in Kerung, China, are now being transported to Nepal through the Korala border point. More than 400 containers of goods stored …",https://english.khabarhub.com/wp-content/uploads/2026/09/korala-naka.jpg,2026-09-06T12:45:02Z,,"RASUWA: Following the destruction of roads, bridges and other infrastructure in the Bhotekoshi River flood, commercial goods stored in Kerung, China, are now being transported to Nepal through the Ko… [+1368 chars]",,en,'China'
253,https://peoplesreview.com.np/2026/09/06/korala-becomes-alternate-route-for-nepal-china-trade/,0,peoplesreview.com.np,Korala becomes alternate route for Nepal-China trade,"Kathmandu, September 6: After disruption of the Rasuwagadhi–Kerung road section by floods and landslides in Rasuwa, the Chinese government also closed the Tatopani border pass. As a result, Nepali citizens and vehicles stranded in China have started being bro…",https://peoplesreview.com.np/wp-content/uploads/2025/10/korala.jpg,2026-09-06T12:54:00Z,,"Kathmandu, September 6: After disruption of the RasuwagadhiKerung road section by floods and landslides in Rasuwa, the Chinese government also closed the Tatopani border pass. As a result, Nepali cit… [+931 chars]",,en,'Nepal'
254,https://thenextweb.com/news/berlin-rhysida-ransomware-data-published-refused-ransom,0,thenextweb.com,Berlin refused to pay. Now it runs four task forces,"Berlin refused to pay. The data went up on Friday. The German capital now runs two police task forces, a joint departmental unit, a crisis management team and an external legal adviser. That is what refusing a ransom looks like once the deadline passes. The S…",https://media.thenextweb.com/2026/09/berlin-rotes-rathaus.jpg,2026-09-06T13:19:49Z,http://web.archive.org/web/20260906175225/https://thenextweb.com/news/berlin-rhysida-ransomware-data-published-refused-ransom,"Berlin refused to pay. The data went up on Friday. The German capital now runs two police task forces, a joint departmental unit, a crisis management team and an external legal adviser.
That is what… [+5658 chars]",,en,'Russia'
255,https://www.yahoo.com/news/articles/flood-destroyed-china-nepal-border-073058524.html,0,www.yahoo.com,"At flood-destroyed border, China teams scour ruins of once-busy port","By Nicoco Chan and Tingshu Wang GYIRONG, China, Sept 6 (Reuters) - Chinese officials said on Sunday that workers had recovered 12 more bodies as the search c...",https://s.yimg.com/lo/mysterio/api/1716b9c3efbe1081fd83f1478273326c321de15d1b2639148f481c4e0788a906/lightyear_networkapi/resizefill_w800_h550%3Bquality_80%3Bformat_jpg/https%3A%2F%2Fmedia.zenfs.com%2Fen%2Freuters.com%2Fa1ce2541f6a45aecfc1dae2a09000781.jpg,2026-09-06T13:27:15Z,http://web.archive.org/web/20260907020941/https://www.yahoo.com/news/articles/flood-destroyed-china-nepal-border-073058524.html,"By Nicoco Chan and Tingshu Wang
GYIRONG, China, Sept 6 (Reuters) - Chinese officials said on Sunday that workers had recovered 12 more bodies as the search continued for hundreds still missing after… [+3933 chars]",,en,'Tibet'
256,https://www.globalresearch.ca/bombs-billionaires-flames-connect-us-all/5939205,0,www.globalresearch.ca,"The Bombs, the Billionaires, and the Flames That Connect Us All","On August 26, ice and rock tore loose in the Himalayas and sent water and stone through the Trishuli valley. 
By week’s end, more than 800 people in Nepal and Tibet were dead and more than 3,000 remained missing, …
The post The Bombs, the Billionaires, and th…",https://www.globalresearch.ca/wp-content/uploads/2026/09/nepal-flash-flood-2026-1024x683.jpg,2026-09-06T13:47:51Z,,"On August 26, ice and rock tore loose in the Himalayas and sent water and stone through the Trishuli valley. 
By weeks end, more than 800 people in Nepal and Tibet were dead and more than 3,000 rema… [+10090 chars]",,en,'Nepal'
257,https://www.aljazeera.com/news/2026/9/6/china-nepal-race-to-find-thousands-still-missing-12-days-after-floods,0,www.aljazeera.com,"China, Nepal race to find thousands still missing 12 days after floods","More than 5,500 people are still missing in China and Nepal after catastrophic floods across the two countries.",https://www.aljazeera.com/wp-content/uploads/2026/09/AFP__20260906__C7G94DY__v1__HighRes__NepalDisasterFlood-1788694621.jpg?resize=1920%2C1440,2026-09-06T14:14:07Z,http://web.archive.org/web/20260907040047/https://www.aljazeera.com/news/2026/9/6/china-nepal-race-to-find-thousands-still-missing-12-days-after-floods,"Rescuers in Nepal are racing to reach thousands of people missing in areas near the China border after catastrophic floods as search operations enter their 12th day.
The flooding that authorities sa… [+4476 chars]",,en,'Tibet'
258,https://www.dailymail.com/news/article-16109531/Nepal-search-rescue-mission-enters-12th-day-hopes-remain-miracles-woman-64-alive-mud-buried-home.html,0,www.dailymail.com,"Nepal search and rescue mission enters 12th day - as hopes remain over further miracles after woman, 64, is found alive in mud-buried home",Hundreds of people are stuck inside blocked hydropower project tunnels in the aftermath.,https://i.dailymail.com/1s/2026/09/06/15/111081703-0-image-m-23_1788706119425.jpg,2026-09-06T14:55:17Z,,"The Nepalese search-and-rescue mission has entered its 12th day as hopes remain over further miracles after a 64-year-old woman was found alive in a mud-buried home.  
The unprecedented deluge of ic… [+5288 chars]",,en,'Nepal'
259,https://www.cnn.com/2026/09/06/china/china-nepal-floods-gyirong-port-intl-hnk,0,www.cnn.com,"On the ground in China’s wiped-out border zone, the fate of hundreds is still unknown","No survivors have been found at the port, which has become a focal point for families both in China and around the world desperate for any information about...",https://s.yimg.com/lo/mysterio/api/03a9de27aab256e6b826aa03db50287f83438aee7b756d0b28b96a4f57882905/lightyear_networkapi/resizefill_w960_h540%3Bquality_80%3Bformat_jpg/https%3A%2F%2Fmedia.zenfs.com%2Fen%2Fcnn_articles_875%2Ff1d765959aacb51b31c345ea59db3d4c.jpg,2026-09-06T15:08:14Z,,"A rock-strewn crevasse is all that remains of what used to be Gyirong Port.
The high-altitude hub has been completely washed from existence, leaving a moonscape of stones, gravel and sludge still be… [+8489 chars]",,en,'Tibet'
260,https://www.theflightdeal.com/2026/09/06/delta-dallas-mumbai-india-849-basic-economy-999-regular-economy-roundtrip-including-all-taxes/,0,www.theflightdeal.com,"Delta: Dallas – Mumbai, India. $849 (Basic Economy) / $999 (Regular Economy). Roundtrip, including all Taxes","A good sale to Mumbai.The $999 fare includes advance seat assignments, a normal size carry-on and TWO checked bag.Delta / Air France / KLM Royal Dutch also has a $849 fare, but it is a Basic E",https://www.theflightdeal.com/wp-content/uploads/2017/07/mumbai_india_july-640x390.jpg,2026-09-06T15:23:39Z,,"A good sale to Mumbai.
The $999 fare includes advance seat assignments, a normal size carry-on and TWO checked bag.
Delta / Air France / KLM Royal Dutch also has a $849 fare, but it is a Basic Econ… [+5279 chars]",,en,'Mumbai'
261,https://www.aljazeera.com/gallery/2026/9/6/photos-nepal-flood-survivors-face-overwhelming-devastation,0,www.aljazeera.com,"Photos: UN urges global aid after China, Nepal floods kill over 1,300","UN launches $50m appeal to aid over 84,000 flood survivors in Nepal amid cholera threat and sanitation challenges.",https://www.aljazeera.com/wp-content/uploads/2026/09/AP26247155636236-1788709340.jpg?resize=1200%2C630,2026-09-06T17:50:17Z,http://web.archive.org/web/20260906194927/https://www.aljazeera.com/gallery/2026/9/6/photos-nepal-flood-survivors-face-overwhelming-devastation,"The United Nations top official in Nepal has issued an emotional appeal for international aid, warning that survivors of the catastrophic Himalayan flooding last month saw their lives transformed in … [+1300 chars]",,en,'Tibet'
262,https://economictimes.indiatimes.com/news/international/global-trends/china-has-developed-a-new-material-that-pulls-uranium-from-seawater-at-eight-times-a-us-benchmark-what-it-could-mean-for-nuclear-power/articleshow/133847770.cms,0,economictimes.indiatimes.com,China has developed a new material that pulls uranium from seawater at eight times a US benchmark — what it could mean for nuclear power,"Chinese scientists have created PhosCage, a material that captures uranium from seawater. This new substance performs significantly better than existing benchmarks set by the US Department of Energy. The material shows promise for future nuclear fuel sourcing…","https://img.etimg.com/thumb/msid-133847982,width-1200,height-630,imgsize-432060,overlay-economictimes/articleshow.jpg",2026-09-06T18:13:34Z,http://web.archive.org/web/20260906185830/https://economictimes.indiatimes.com/news/international/global-trends/china-has-developed-a-new-material-that-pulls-uranium-from-seawater-at-eight-times-a-us-benchmark-what-it-could-mean-for-nuclear-power/articleshow/133847770.cms,"The ocean may hold an enormous reserve of nuclear fuel that has remained largely out of reach because uranium is present in seawater only in tiny concentrations.Now, Chinese researchers say they have… [+5567 chars]",,en,'Qingdao'
263,https://economictimes.indiatimes.com/news/international/world-news/nepal-rescuers-continue-search-for-missing-as-identification-of-dead-remains-challenge/articleshow/133849891.cms,0,economictimes.indiatimes.com,Nepal rescuers continue search for missing as identification of dead remains challenge,"Eleven days post the catastrophic floods in Nepal, search teams are tirelessly looking for those still missing. Authorities are confronted with the tough task of identifying casualties, as many bodies are severely affected. Approximately 5,000 people, includi…","https://img.etimg.com/thumb/msid-133849968,width-1200,height-630,imgsize-348420,overlay-economictimes/articleshow.jpg",2026-09-06T19:16:19Z,http://web.archive.org/web/20260906195359/https://economictimes.indiatimes.com/news/international/world-news/nepal-rescuers-continue-search-for-missing-as-identification-of-dead-remains-challenge/articleshow/133849891.cms,"Kathmandu: Rescuers in Nepal continued searching for those missing, as authorities faced continuing difficulties in identifying the dead, 11 days after devastating floods struck large parts of the co… [+6431 chars]",,en,'Nepal'
264,https://www.inautonews.com/world’s-longest-bridge-the-jiaozhou-bay-bridge,0,www.inautonews.com,Hong Kong-Zhuhai-Macau Bridge Opens as World’s Longest Sea Crossing,"The 55km Hong Kong-Zhuhai-Macau Bridge links three major cities, reshaping transport and trade across China’s Pearl River Delta after its 2018 inauguration.",https://www.inautonews.com/media/generated/2026/09/hong-kong-zhuhai-macau-bridge-opens-as-worlds-longest-sea-cr-10d7695c.png?w=1536,2026-09-06T21:25:30Z,,"The Jiaozhou Bay Bridge, which opened in 2011, was once the worlds longest bridge over water. Spanning approximately 42 kilometres (26 miles), it connects the city of Qingdao with the suburb of Huang… [+4628 chars]",,en,'Qingdao'
265,https://oilprice.com/Energy/Energy-General/Russia-Is-Redrawing-Its-Energy-Map-Through-the-Arctic.html,0,oilprice.com,Russia Is Redrawing Its Energy Map Through the Arctic,"Russia’s Northern Sea Route (NSR) is about to become a game-changer for Eurasian energy trade, and Europe’s January 2027 ban on Russian LNG is pushing Moscow to bring it to life sooner than planned. LNG will remain its foundation, while crude traffic and Rosn…",https://d32r1sh890xpii.cloudfront.net/article/1200x675/2026-09-06_1zbokdrwzx.jpg,2026-09-06T23:00:00Z,,"Trump's Venezuela oil deal broke…
Quaise Energy closed a $180…
Escalating conflict in the Middle…
By Natalia Katona - Sep 06, 2026, 6:00 PM CDTRussias Northern Sea Route (NSR) is about to become a… [+8752 chars]",,en,'Arctic'
266,https://www.bbc.co.uk/news/articles/cj06z37p0mlo,0,www.bbc.co.uk,Rapist serving life may face more assault charges,Zhenhao Zou was convicted of raping 10 women but he is thought to have committed further crimes.,https://ichef.bbci.co.uk/ace/branded_news/1200/cpsprodpb/20fc/live/e67b6d10-f9da-11ef-9e61-71ee71f26eb1.jpg,2026-09-07T01:23:04Z,,"A convicted serial rapist described by police as ""one of the most prolific predators"" in the UK could face further charges after fresh allegations involving seven more women were passed to prosecutor… [+1178 chars]",,en,'UK'
267,https://www.bbc.co.uk/news/articles/c986w38r4j5o,0,www.bbc.co.uk,Europe wrestles with impact of historic regional gains for Germany's AfD,The BBC's Europe editor Katya Adler sees the far-right win in Saxony-Anhalt state ringing alarm bells for the EU and traditional parties.,https://ichef.bbci.co.uk/ace/branded_news/1200/cpsprodpb/8c3b/live/72883ac0-aa67-11f1-b26f-b3549bd39fba.jpg,2026-09-07T04:07:23Z,,"""Seismic"", ""a socio-political earthquake"", ""a watershed moment for Germany"".
This was how political analysts and many media outlets described the stunning victory of the anti-immigration Alternative… [+7211 chars]",,en,'Ukraine'
268,https://sputnikglobe.com/20260907/russian-armed-forces-strike-ukraines-port-infrastructure-used-by-ukraines-army-1124688682.html,0,sputnikglobe.com,Russian Armed Forces Strike Ukraine’s Port Infrastructure Used by Ukraine’s Army,"The Armed Forces of the Russian Federation struck port infrastructure and maritime vessels used in the interests of the Ukrainian Army, Russian Defense Ministry said.",https://cdn1.img.sputnikglobe.com/images/sharing/article/eng/1124688682.jpg?11245453231788762233,2026-09-07T06:23:52Z,http://web.archive.org/web/20260908151849/https://sputnikglobe.com/20260907/russian-armed-forces-strike-ukraines-port-infrastructure-used-by-ukraines-army-1124688682.html,"Russia's Special Operation in Ukraine
On February 24, 2022 Russia launched a special military operation in Ukraine, aiming to liberate the Donbass region where the people's republics of Donetsk and … [+1120 chars]",,en,'Donbass'
269,https://www.yahoo.com/news/world/articles/north-korea-russia-open-first-073318779.html,0,www.yahoo.com,"North Korea and Russia open their first road bridge, a symbol of expanding ties, TASS reports","By Andrew Osborn MOSCOW, Sept 7 (Reuters) - North Korea and Russia opened their first road bridge on Monday in a carefully choreographed display of friendshi...",https://s.yimg.com/lo/mysterio/api/051aa9b5c1174082eccd07d1d75946f26f1e9c08cd3b2dbb99649328c77d6f91/lightyear_networkapi/resizefill_w800_h622%3Bquality_80%3Bformat_jpg/https%3A%2F%2Fmedia.zenfs.com%2Fen%2Freuters.com%2F8a5fc6145650b12647577e17b13fd5d5.jpg,2026-09-07T07:33:18Z,http://web.archive.org/web/20260908040047/https://www.yahoo.com/news/world/articles/north-korea-russia-open-first-073318779.html,"By Andrew Osborn
MOSCOW, Sept 7 (Reuters) - North Korea and Russia opened their first road bridge on Monday in a carefully choreographed display of friendship, a structure which spans the Tumen rive… [+2674 chars]",,en,'Moscow'
270,https://www.npr.org/2026/09/07/nx-s1-5955374/morning-news-brief,0,www.npr.org,Morning news brief,"Five people are dead after a cargo plane crash at Miami International Airport, Trump's top envoys go to Ukraine with hopes of restarting peace talks, Germany's far-right party wins landslide victory.",https://media.npr.org/include/images/facebook-default-wide-s1400-c85.jpg,2026-09-07T08:44:02Z,http://web.archive.org/web/20260908003328/https://www.npr.org/2026/09/07/nx-s1-5955374/morning-news-brief,"Five people are dead after a cargo plane crash at Miami International Airport, Trump's top envoys go to Ukraine with hopes of restarting peace talks, Germany's far-right party wins landslide victory.",,en,'Ukraine'
271,https://www.businessinsider.com/ukraine-dangers-front-mean-casualties-entering-leaving-own-trenches-russia-2026-9#article,0,www.businessinsider.com,Ukraine's front lines are so dangerous that troops take casualties just moving in and out of their own trenches,Ukraine's drone-filled front lines have made even routine movement in and out of trenches a deadly risk for troops.,https://i.insider.com/6a9aa02d755b3072e51cc3ac?width=1200&format=jpeg,2026-09-07T11:30:01Z,http://web.archive.org/web/20260908171855/https://www.businessinsider.com/ukraine-dangers-front-mean-casualties-entering-leaving-own-trenches-russia-2026-9,"Entering and leaving trenches in Ukraine can be highly dangerous.ROMAN PILIPEY/AFP via Getty Images
<ul><li>Ukrainian troops often take casualties moving in and out of trenches, a Western commander … [+6399 chars]",,en,'Ukraine'
https://finance.yahoo.com/markets/world-indices/articles/asia-shares-bounce-others-cautious-010602533.html,https://finance.yahoo.com/markets/world-indices/articles/asia-shares-bounce-others-cautious-010602533.html,0,finance.yahoo.com,"Stocks dented by inflation risk from rising oil, dicey geopolitics","By Amanda Cooper LONDON, Sept 7 (Reuters) - Rising oil prices, conflict in the Middle East and political uncertainty in Europe kept investors on edge on Mond...",https://s.yimg.com/lo/mysterio/api/3440a1dd04402621b30e841cf1193b69f8eeec61c940ef27b4bdd82759b23e5d/lightyear_networkapi/resizefill_w1200%3Bquality_80%3Bformat_webp/https%3A%2F%2Fmedia.zenfs.com%2Fen%2Freuters.com%2F786461c03bcfceb823574d9bb223af27.jpg,2026-09-07T13:13:54Z,http://web.archive.org/web/20260908072340/https://finance.yahoo.com/markets/world-indices/articles/asia-shares-bounce-others-cautious-010602533.html,"By Amanda Cooper
LONDON, Sept 7 (Reuters) - Rising oil prices, conflict in the Middle East and political uncertainty in Europe kept investors on edge on Monday, leaving stocks to drift lower ahead o… [+3748 chars]",,en,'Europe'
272,https://www.npr.org/2026/09/07/nx-s1-5960357/nepal-floods-questions-over-chinas-reporting,0,www.npr.org,"As Nepal identifies those killed in the floods, questions grow over China's reporting","One week after the deadly floods, very little is known about China's dead or missing. China's control over media and digital censorship is in stark contrast to open reporting in Nepal.",https://npr.brightspotcdn.com/dims3/default/strip/false/crop/7323x4119+0+381/resize/1400/quality/85/format/jpeg/?url=http%3A%2F%2Fnpr-brightspot.s3.amazonaws.com%2Fc7%2Fb2%2Ff08110674722811f8f5075154800%2Fap26250162684873.jpg,2026-09-07T13:31:16Z,http://web.archive.org/web/20260908014731/https://www.npr.org/2026/09/07/nx-s1-5960357/nepal-floods-questions-over-chinas-reporting,"BEIJING Shortly after the deadly flash floods hit the border of Nepal and China on Aug. 26, Nepalese authorities released a list of names, ages and nationalities of hundreds of missing foreigners. In… [+5308 chars]",,en,'Nepal'
273,https://www.prnewswire.com/news-releases/lida-group-expands-integrated-modular-construction-services-for-large-scale-global-projects-302870989.html,0,www.prnewswire.com,Lida Group Expands Integrated Modular Construction Services for Large Scale Global Projects,"From United Nations related camps to 8,000 person workforce facilities and 30,000 square meter commercial projects, Lida Group is expanding modular construction solutions for complex international developments. QINGDAO, China, Sept. 7, 2026 /PRNewswire/ -- Li…",https://mmx.prnewswire.com/media/MS1981792/20260904014519EDT_image_1.jpg?id=OA2930210&p=facebook,2026-09-07T14:00:00Z,http://web.archive.org/web/20260907152352/https://www.prnewswire.com/news-releases/lida-group-expands-integrated-modular-construction-services-for-large-scale-global-projects-302870989.html,"From United Nations related camps to 8,000 person workforce facilities and 30,000 square meter commercial projects, Lida Group is expanding modular construction solutions for complex international de… [+5615 chars]",,en,'Qingdao'
274,https://thenextweb.com/news/germany-france-palantir-rival-arcadia-dependency-eu-funding,0,thenextweb.com,"Berlin fears France’s Palantir rival is a new dependency, Politico reports","France and Germany spent the summer agreeing that Europe needs its own battlefield AI. They have not agreed on whose it should be. Internal German government notes seen by Politico Europe show Berlin is wary of Arcadia, the French-built Palantir rival. The wo…",https://media.thenextweb.com/2026/09/palantir-logo-exhibition-stand.jpg,2026-09-07T14:59:17Z,,"France and Germany spent the summer agreeing that Europe needs its own battlefield AI. They have not agreed on whose it should be.
Internal German government notes seen by Politico Europe show Berli… [+5820 chars]",,en,'Europe'
275,https://www.yahoo.com/news/articles/israeli-clearance-gaza-rubble-could-160729262.html,0,www.yahoo.com,"Israeli clearance of Gaza rubble could destroy 'evidence', says UN expert","By Emma Farge GENEVA, Sept 7 (Reuters) - A U.N. expert said on Monday that Israeli clearance of rubble in Gaza could destroy valuable evidence of ""atrocity c...",https://s.yimg.com/lo/mysterio/api/30e458c071f89972c4e59975c85cccdec52ac453a198c11c27e22a7a90ae334c/lightyear_networkapi/resizefill_w800_h533%3Bquality_80%3Bformat_jpg/https%3A%2F%2Fmedia.zenfs.com%2Fen%2Freuters.com%2Fba03ec70548bd5b6bd52c98c1cc40747.jpg,2026-09-07T17:12:10Z,http://web.archive.org/web/20260907221028/https://www.yahoo.com/news/articles/israeli-clearance-gaza-rubble-could-160729262.html,"By Emma Farge
GENEVA, Sept 7 (Reuters) - A U.N. expert said on Monday that Israeli clearance of rubble in Gaza could destroy valuable evidence of ""atrocity crimes"" and prevent the recovery of human … [+2837 chars]",,en,'CAIRO'
276,https://sputnikglobe.com/20260907/russian-air-defenses-destroy-32-ukrainian-drones-over-past-day--mod-1124693679.html,0,sputnikglobe.com,Russian Air Defenses Destroy 32 Ukrainian Drones Over Past Day – MoD,"MOSCOW, (Sputnik) - Air defense forces have destroyed 32 Ukrainian unmanned aerial vehicles over several regions of Russia and the Black Sea over the past day, the Russian Defense Ministry said on Monday.",https://cdn1.img.sputnikglobe.com/images/sharing/article/eng/1124693679.jpg?11244002761788806120,2026-09-07T18:35:20Z,http://web.archive.org/web/20260907202454/https://sputnikglobe.com/20260907/russian-air-defenses-destroy-32-ukrainian-drones-over-past-day--mod-1124693679.html,"Russia's Special Operation in Ukraine
On February 24, 2022 Russia launched a special military operation in Ukraine, aiming to liberate the Donbass region where the people's republics of Donetsk and … [+1818 chars]",,en,'russia'
277,https://www.yahoo.com/news/world/articles/iran-says-improved-ballistic-missile-212447311.html,0,www.yahoo.com,Iran says improved ballistic missile shows it will take preemptive action against threats,"Iran state media on Monday said a ballistic missile with improved capabilities was demonstrating a new doctrine: Tehran “will take action against any threat,...",https://s.yimg.com/lo/mysterio/api/92736ac024072509628429b577eb9b314914bec0c8c7ecab3d45bbee54514098/lightyear_networkapi/resizefill_w1200%3Bquality_80%3Bformat_jpg/https%3A%2F%2Fmedia.zenfs.com%2Fen%2Fap.org%2F5a70df25f18463f81167d5e861286a7e.jpg,2026-09-07T21:24:47Z,http://web.archive.org/web/20260907232344/https://www.yahoo.com/news/world/articles/iran-says-improved-ballistic-missile-212447311.html,"WASHINGTON (AP) Iran state media on Monday said a ballistic missile with improved capabilities was demonstrating a new doctrine: Tehran ""will take action against any threat, even before it is carried… [+3752 chars]",,en,'Tehran'
278,https://thenextweb.com/news/uforce-5bn-valuation-valor-500m-round,0,thenextweb.com,"Musk ally’s Valor to lead $500m Uforce round at $5bn, Bloomberg reports","Uforce, the London-based drone company built from Ukrainian battlefield manufacturers, is in talks to raise about $500m at a valuation of around $5bn, Bloomberg reported on Monday. Valor Equity Partners, the firm run by SpaceX board member Antonio Gracias, wo…",https://media.thenextweb.com/2026/09/uforce-magura-mv11-sea-drone-at-speed.jpg,2026-09-07T22:27:06Z,,"Uforce, the London-based drone company built from Ukrainian battlefield manufacturers, is in talks to raise about $500m at a valuation of around $5bn, Bloomberg reported on Monday. Valor Equity Partn… [+5246 chars]",,en,'London'
279,https://www.bbc.co.uk/news/articles/c780nlgyd79o,0,www.bbc.co.uk,Ukraine's chief prosecutor resigns over call centre corruption scandal,"In his resignation letter, Ruslan Kravchenko denied the allegations against him, saying he did not want his office ""to be used as a tool in political confrontation"".",https://ichef.bbci.co.uk/ace/branded_news/1200/cpsprodpb/a191/live/44b56530-ab09-11f1-a291-b542ee92de7c.jpg,2026-09-08T01:07:47Z,,"Ukraine's chief prosecutor Ruslan Kravchenko has resigned over corruption allegations related to illegal call centres in the country.
It follows a search of his offices over the weekend by Ukrainian… [+2204 chars]",,en,'Ukraine'
280,https://uk.news.yahoo.com/iran-says-plans-gulf-exclusion-015214347.html,0,uk.news.yahoo.com,"Iran says it plans new Gulf 'exclusion zone', threatens US with new missiles","By Enas Alashray CAIRO, Sept 8 (Reuters) - Iran threatened the United States with ""economic warfare"" on Tuesday and said it had fired an advanced missile at...",https://s.yimg.com/lo/mysterio/api/e885e0a58414650acfcc3ee01684914436e27792acbbc35ed3411a9bfd09c68f/lightyear_networkapi/resizefill_w800_h533%3Bquality_80%3Bformat_jpg/https%3A%2F%2Fmedia.zenfs.com%2Fen%2Freuters.com%2F59b637efa1278f2d3bdc2b598646b70a.jpg,2026-09-08T01:52:14Z,http://web.archive.org/web/20260909000054/https://uk.news.yahoo.com/iran-says-plans-gulf-exclusion-015214347.html,"By Enas Alashray
CAIRO, Sept 8 (Reuters) - Iran threatened the United States with ""economic warfare"" on Tuesday and said it had fired an advanced missile at U.S. warships, underscoring the risks of … [+4580 chars]",,en,'CAIRO'
https://www.cnn.com/2026/09/08/europe/germany-far-right-afd-election-europe-intl,https://www.cnn.com/2026/09/08/europe/germany-far-right-afd-election-europe-intl,0,www.cnn.com,The far right’s win in Germany is sending a chill through the establishment in Europe,"Alternative for Germany (AfD) may not have won the supermajority it sought in the Saxony-Anhalt state election on Sunday, but the far-right party did take an...",https://s.yimg.com/lo/mysterio/api/21410f64728b0a7ea669847006e3246bf2ababcbf3cc95efe2abfb04df55306e/lightyear_networkapi/resizefill_w960_h540%3Bquality_80%3Bformat_jpg/https%3A%2F%2Fmedia.zenfs.com%2Fen%2Fcnn_articles_875%2F4e2e17ce881a2b79ebc62162f524a499.jpg,2026-09-08T04:01:30Z,,"Alternative for Germany (AfD) may not have won the supermajority it sought in the Saxony-Anhalt state election on Sunday, but the far-right party did take another giant step toward power in a country… [+5788 chars]",,en,'Germany'
281,https://en.protothema.gr/2026/09/08/the-imprint-left-by-the-fair-the-new-democracy-ingrate-the-greek-mega-fund-manager-and-alexiss-nephilim-developers-anxiety-and-news-from-the-shipowners/,0,en.protothema.gr,"The imprint left by the Fair, the New Democracy “ingrate”, the Greek mega fund manager and Alexis’s Nephilim, developers’ anxiety, and news from the shipowners ///","New Democracy's post-fair standing comes into focus as ministers defend fresh tax measures, Mitsotakis heads to Egypt for talks with Sisi, EVEA's president needles the government, and Star Bulk plots a historic Athens dual listing
The post The imprint left by…",https://en.protothema.gr/wp-content/uploads/2024/06/ProtothemaEn.png,2026-09-08T04:42:23Z,http://web.archive.org/web/20260909024417/https://en.protothema.gr/2026/09/08/the-imprint-left-by-the-fair-the-new-democracy-ingrate-the-greek-mega-fund-manager-and-alexiss-nephilim-developers-anxiety-and-news-from-the-shipowners/,"Good morning. Life is slowly starting to feel normal again, although the tail end of summer is holding on with high temperatures. The measures have been announced and are already being weighed up as … [+25194 chars]",,en,'Athens'
https://www.yahoo.com/news/world/articles/eu-warns-chilling-terror-menace-050858368.html,https://www.yahoo.com/news/world/articles/eu-warns-chilling-terror-menace-050858368.html,0,www.yahoo.com,EU warns of a chilling new terror menace 25 years after 9/11 as online youths seek violent thrills,"A quarter of a century after the Al-Qaeda attacks on the United States, jihadist groups still pose a major threat to security in Europe, but a new menace has...",https://s.yimg.com/lo/mysterio/api/be040cd1cb365289f2da7b414171b0a2740e1d5a8cd05528678825f7c4c14a1b/lightyear_networkapi/resizefill_w1200%3Bquality_80%3Bformat_jpg/https%3A%2F%2Fmedia.zenfs.com%2Fen%2Fap.org%2F38a8c2876e0ea2a49997d363910382a0.jpg,2026-09-08T05:08:58Z,,"BRUSSELS (AP) A quarter of a century after the Al-Qaeda attacks on the United States, jihadist groups still pose a major threat to security in Europe, but a new menace has surfaced that is driven mos… [+5066 chars]",,en,'Europe'
282,https://www.npr.org/2026/09/08/g-s1-142285/russia-north-korea-border,0,www.npr.org,Russia and North Korea open the first road across their shared border,"Relations between Russia and North Korea have been flourishing, with North Korea supplying ammunition and troops to support Russia's war against Ukraine in return for economic and military assistance.",https://npr.brightspotcdn.com/dims3/default/strip/false/crop/5347x3008+0+278/resize/1400/quality/85/format/jpeg/?url=http%3A%2F%2Fnpr-brightspot.s3.amazonaws.com%2Fa6%2F18%2Fa55b65a048b1850de92ebce0f719%2Fap26250480539555.jpg,2026-09-08T05:40:44Z,http://web.archive.org/web/20260909010251/https://www.npr.org/2026/09/08/g-s1-142285/russia-north-korea-border,"Russia and North Korea opened the first road bridge across their shared border Monday, a development that both countries hailed as boosting their deepening ties.
The bridge over the Tumen River is 1… [+1661 chars]",,en,'Ukraine'
283,https://www.yahoo.com/news/world/articles/russian-drone-missile-strikes-ukrainian-061734331.html,0,www.yahoo.com,"Putin assures Trump that Moscow doesn’t have aggressive plans toward Europe, Kremlin says","Russian President Vladimir Putin assured U.S. President Donald Trump in a phone call Tuesday that Moscow doesn't harbor aggressive intentions toward Europe,...",https://s.yimg.com/lo/mysterio/api/cd8f858a99e74e6eb8a813848b919e6e2c1960695f507d915298950cdce3e865/lightyear_networkapi/resizefill_w1200%3Bquality_80%3Bformat_jpg/https%3A%2F%2Fmedia.zenfs.com%2Fen%2Fap.org%2F998368464fac560b0e6833f5f911ad3c,2026-09-08T06:17:34Z,http://web.archive.org/web/20260909021457/https://www.yahoo.com/news/world/articles/russian-drone-missile-strikes-ukrainian-061734331.html,"KYIV, Ukraine (AP) Russian President Vladimir Putin assured U.S. President Donald Trump in a phone call Tuesday that Moscow doesn't harbor aggressive intentions toward Europe, a senior Kremlin offici… [+6410 chars]",,en,'MOSCOW'
284,https://sputnikglobe.com/20260908/russia-launches-massive-strike-on-ukraines-defense-industry-overnight-1124694335.html,0,sputnikglobe.com,Russia Launches Massive Strike on Ukraine's Defense Industry overnight,"MOSCOW (Sputnik) - The Russian armed forces carried out a massive strike on Ukraine's defense industry complex, including in Kiev and the Kiev region, the Russian Defense Ministry said on Tuesday.",https://cdn1.img.sputnikglobe.com/images/sharing/article/eng/1124694335.jpg?11245453231788851542,2026-09-08T07:12:21Z,http://web.archive.org/web/20260909123117/https://sputnikglobe.com/20260908/russia-launches-massive-strike-on-ukraines-defense-industry-overnight-1124694335.html,"Russia's Special Operation in Ukraine
On February 24, 2022 Russia launched a special military operation in Ukraine, aiming to liberate the Donbass region where the people's republics of Donetsk and … [+2512 chars]",,en,'MOSCOW'
285,https://www.bbc.com/news/articles/cj9xvg1kz0mo?xtor=AL-72-%5Bpartner%5D-%5Byahoo.north.america%5D-%5Bheadline%5D-%5Bnews%5D-%5Bbizdev%5D-%5Bisapi%5D,0,www.bbc.com,North Korea and Russia open first road bridge linking both countries,Relations between the neighbours have strengthened since the start of the Ukraine war.,https://s.yimg.com/lo/mysterio/api/b5dd0695b3cafe2062499b1d7f02b7691f2a49dac9ba7dbcaa400fb9c2178411/lightyear_networkapi/resizefill_w1200%3Bquality_80%3Bformat_jpg/https%3A%2F%2Fmedia.zenfs.com%2Fen%2Fbbc_us_articles_995%2F8368ba8696c2fb1a9a7bed639f9ac42b.jpg,2026-09-08T08:11:37Z,http://web.archive.org/web/20260909055105/https://www.bbc.com/news/articles/cj9xvg1kz0mo?xtor=AL-72-%5Bpartner%5D-%5Byahoo.north.america%5D-%5Bheadline%5D-%5Bnews%5D-%5Bbizdev%5D-%5Bisapi%5D,"The first road bridge linking Russia and North Korea has opened, allowing the two countries to more easily move cargo and passengers between their border across the Tumen river.
Pyongyang state medi… [+3796 chars]",,en,'Ukraine'
286,https://www.bbc.co.uk/news/articles/cn8m1k7p3v7o,0,www.bbc.co.uk,At least two people dead after Russian strikes on Kyiv,Air raid alerts and sounds of explosions rang out in Ukraine's capital as Russian forces launched drone strikes early on Tuesday.,https://ichef.bbci.co.uk/ace/branded_news/1200/cpsprodpb/472f/live/84ecd810-ab25-11f1-b7f9-4f7d6b8f3d19.jpg,2026-09-08T10:23:01Z,,"At least two people have been killed after Russia resumed airstrikes on the Ukrainian capital of Kyiv early on Tuesday, officials said.
The attack came after both countries agreed to halt strikes on… [+1617 chars]",,en,'Ukraine'
287,https://www.yahoo.com/news/articles/analysis-russian-drive-donetsk-region-103406107.html,0,www.yahoo.com,Analysis-Russian drive on Donetsk region puts Kyiv's new commanders to the test,"By Dan Peleschuk KYIV, Sept 8 (Reuters) - Ukraine is bracing for months of fierce fighting over key strongholds in the eastern Donetsk region that are at the...",https://s.yimg.com/lo/mysterio/api/a13ff10253f5e8716822eacff2f18f5ed9f4b0219d9690397d32de2c66c42e7a/lightyear_networkapi/resizefill_w800_h562%3Bquality_80%3Bformat_jpg/https%3A%2F%2Fmedia.zenfs.com%2Fen%2Freuters.com%2Fa29eca061d477744ef5e012e51401177.jpg,2026-09-08T10:34:06Z,http://web.archive.org/web/20260909003124/https://www.yahoo.com/news/articles/analysis-russian-drive-donetsk-region-103406107.html,"By Dan Peleschuk
KYIV, Sept 8 (Reuters) - Ukraine is bracing for months of fierce fighting over key strongholds in the eastern Donetsk region that are at the heart of Russia's war aims, in the first… [+5589 chars]",,en,'Ukraine'
288,https://iso.500px.com/andrew-shenouda-photographer-spotlight/,0,iso.500px.com,Andrew Shenouda: Featured Photographer Spotlight,"Andrew Shenouda trained as an architect before he ever picked up a camera professionally, and it shows in every frame. Born in Cairo in 1988, he now shoots architectural photography for practices most people only know from magazine credits. Gerber Architekten…",https://iso.500px.com/wp-content/uploads/2026/09/photo-heydar-aliyev-center-during-the-dusk-1124920225-1500x1000.jpg,2026-09-08T14:00:35Z,http://web.archive.org/web/20260909112250/https://iso.500px.com/andrew-shenouda-photographer-spotlight/,"Andrew Shenouda trained as an architect before he ever picked up a camera professionally, and it shows in every frame. Born in Cairo in 1988, he now shoots architectural photography for practices mos… [+8044 chars]",,en,'CAIRO'
289,https://www.verdictfoodservice.com/news/flipkart-begins-internal-food-delivery-pilot-in-bengaluru-india/,0,www.verdictfoodservice.com,"Flipkart begins internal food delivery pilot in Bengaluru, India",The pilot marks the e-commerce company’s first move towards entering India’s online food delivery market.,https://s.yimg.com/lo/mysterio/api/5c303d39c3bad8c428c0d8f18f1e36ebd807f0cb25cbc539795ab0b1eed53708/lightyear_networkapi/resizefill_w1200%3Bquality_80%3Bformat_webp/https%3A%2F%2Fmedia.zenfs.com%2Fen%2Fverdict_food_service_772%2F51033130b3d24718de966164824d0c12.jpg,2026-09-08T14:47:42Z,,"Walmart-backed Flipkart has started testing a food delivery service internally among employees in Bengaluru, according to an NDTV Profit report.
The pilot marks the e-commerce company's first move t… [+1453 chars]",,en,'Mumbai'
290,https://ca.news.yahoo.com/germany-send-more-patriot-missiles-144950205.html,0,ca.news.yahoo.com,"Germany to send more Patriot missiles to Ukraine, warns of stepped-up Russian winter attacks","Sept 8 (Reuters) - Germany will send Patriot air defence missiles to Ukraine from its national stocks, Defence Minister Boris Pistorius said on Tuesday, warn...",https://s.yimg.com/lo/mysterio/api/4e5490962ecd43eb30ab5085b77d4cb0967c205a7b345c40a0a2b1e075dc822e/lightyear_networkapi/resizefill_w800_h534%3Bquality_80%3Bformat_jpg/https%3A%2F%2Fmedia.zenfs.com%2Fen%2Freuters.com%2F02166a1aa52adb9fd241c6e089868d3b.jpg,2026-09-08T14:49:50Z,http://web.archive.org/web/20260909024948/https://ca.news.yahoo.com/germany-send-more-patriot-missiles-144950205.html,"Sept 8 (Reuters) - Germany will send Patriot air defence missiles to Ukraine from its national stocks, Defence Minister Boris Pistorius said on Tuesday, warning that Russia was likely to intensify it… [+1799 chars]",,en,'Ukraine'
291,https://uk.news.yahoo.com/trump-told-putin-wants-swift-150028766.html,0,uk.news.yahoo.com,Trump told Putin he wants swift end to Ukraine war and US-Russia ties restored - Kremlin,"President Donald Trump told Russian President Vladimir Putin on Tuesday in a phone call that ‌he wanted a swift end to the war in Ukraine, ‌something that wo...",https://s.yimg.com/lo/mysterio/api/f94512c7b39257e5e59e3f90dde7162f999f79f669b65162bb0b1cb12e9a821c/lightyear_networkapi/resizefill_w800_h537%3Bquality_80%3Bformat_jpg/https%3A%2F%2Fmedia.zenfs.com%2Fen%2Freuters.com%2Fa3aed60fd75af812534549e0f127c3da.jpg,2026-09-08T15:00:28Z,http://web.archive.org/web/20260909051407/https://uk.news.yahoo.com/trump-told-putin-wants-swift-150028766.html,"MOSCOW, Sept 8 (Reuters) - U.S. President Donald Trump told Russian President Vladimir Putin on Tuesday in a phone call that he wanted a swift end to the war in Ukraine, something that would allow U.… [+1497 chars]",,en,'Ukraine'
292,https://www.yahoo.com/news/articles/trump-told-putin-wants-swift-151637683.html,0,www.yahoo.com,"Trump told Putin he wants swift end to Ukraine war and US-Russia ties restored, Kremlin says","By Dmitry Antonov MOSCOW, Sept 8 (Reuters) - Donald Trump told Russian President Vladimir Putin by phone on Tuesday that he wanted a swift end to the war in...",https://s.yimg.com/lo/mysterio/api/3ed8f4d8cb50acee90ad5092637effc80c2fd200620de2d54c0941feb3bcf2bd/lightyear_networkapi/resizefill_w800_h537%3Bquality_80%3Bformat_jpg/https%3A%2F%2Fmedia.zenfs.com%2Fen%2Freuters.com%2F2fbc436fd7b306311c679753e6f9ff44.jpg,2026-09-08T16:17:49Z,http://web.archive.org/web/20260908205408/https://www.yahoo.com/news/articles/trump-told-putin-wants-swift-151637683.html,"By Dmitry Antonov
MOSCOW, Sept 8 (Reuters) - Donald Trump told Russian President Vladimir Putin by phone on Tuesday that he wanted a swift end to the war in Ukraine, which would allow U.S.-Russia ti… [+3012 chars]",,en,'MOSCOW'
293,https://www.newser.com/story/396081/china-tests-new-silk-road-in-the-arctic.html,0,www.newser.com,China Tests New Silk Road—in the Arctic,"China's long-talked-about Arctic ambitions just got a real-world test run. A Chinese cargo ship, the Dubai Tower, is wrapping up a roughly three-week trip from Qingdao to northern England via Russia's Northern Sea Route—an icy shortcut that trims about two we…",https://cdn.newser.com/image/1710392-12-20260908122204.jpeg,2026-09-08T16:54:00Z,,"China's long-talked-about Arctic ambitions just got a real-world test run. A Chinese cargo ship, the Dubai Tower, is wrapping up a roughly three-week trip from Qingdao to northern England via Russia'… [+1126 chars]",,en,'Qingdao'
294,https://uk.news.yahoo.com/ukraine-contracting-around-1-000-205935964.html,0,uk.news.yahoo.com,"Ukraine contracting around 1,000 Patriot missiles from allies, defence chief says","KYIV, Sept 8 () - Ukraine is contracting a supply of around 1,000 missiles for U.-designed Patriot air-defence systems with the ‌help of allies and through a...",https://s.yimg.com/lo/mysterio/api/9e5001b33fede2a3e4f0b5ab020d89c4c633883f33a429758e029892abe0a109/lightyear_networkapi/resizefill_w800_h569%3Bquality_80%3Bformat_jpg/https%3A%2F%2Fmedia.zenfs.com%2Fen%2Freuters.com%2Fe059a73e8b7247598faefec6992aec26.jpg,2026-09-08T20:59:35Z,http://web.archive.org/web/20260909002942/https://uk.news.yahoo.com/ukraine-contracting-around-1-000-205935964.html,"KYIV, Sept 8 (Reuters) - Ukraine is contracting a supply of around 1,000 missiles for U.S.-designed Patriot air-defence systems with the help of allies and through a European Union loan, Kyiv's defen… [+1541 chars]",,en,'Ukraine'
295,https://m.economictimes.com/mf/mf-news/india-listed-us-equity-etfs-surge-up-to-19-defying-wall-street/articleshow/133947735.cms,0,m.economictimes.com,Spurt in India-listed US ETFs stumps Dalal Street,"India's exchange-traded funds that mirror US equities experienced a surprising spike, with gains from six to thirty-seven percent over two days, despite Wall Street remaining relatively unchanged. This significant upswing has been attributed to a recent adjus…","https://img.etimg.com/thumb/msid-133947838,width-1200,height-630,imgsize-43504,overlay-etwealthmutualfunds/articleshow.jpg",2026-09-09T01:04:30Z,,Mumbai: Several market participants were left puzzled by the unprecedented surge in India-listed exchange-traded funds (ETFs) tracking US equities. These ETFs surged by 2% to 19% on Tuesday despite n… [+2509 chars],,en,'Mumbai'
296,https://sputnikglobe.com/20260909/rubio-says-roadmap-on-resuming-talks-on-ukraine-may-be-developed-within-next-few-weeks-1124701588.html,0,sputnikglobe.com,Rubio Says Roadmap on Resuming Talks on Ukraine May Be Developed Within Next Few Weeks,US Secretary of State Marco Rubio said that a roadmap on the resumption of talks on Ukraine may be developed within the next few weeks.,https://cdn1.img.sputnikglobe.com/images/sharing/article/eng/1124701588.jpg?11241827651788927965,2026-09-09T03:18:00Z,,"Russia's Special Operation in Ukraine
On February 24, 2022 Russia launched a special military operation in Ukraine, aiming to liberate the Donbass region where the people's republics of Donetsk and … [+1420 chars]",,en,'Donbass'
297,https://sputnikglobe.com/20260909/russia-to-raise-issue-of-protecting-orthodox-ukrainians-with-us-negotiators--mfa-1124701388.html,0,sputnikglobe.com,Russia to Raise Issue of Protecting Orthodox Ukrainians With US Negotiators – MFA,"Russia will continue to raise the need to protect Orthodox Christians in Ukraine with US negotiators, the special representative of the Russian Foreign Ministry for international cooperation in ensuring the right to freedom of religion, Mikhail Melekh, said o…",https://cdn1.img.sputnikglobe.com/images/sharing/article/eng/1124701388.jpg?11241458261788927770,2026-09-09T03:59:00Z,,"Russia's Special Operation in Ukraine
On February 24, 2022 Russia launched a special military operation in Ukraine, aiming to liberate the Donbass region where the people's republics of Donetsk and … [+1890 chars]",,en,'russia'
298,https://www.yahoo.com/news/world/articles/iran-backed-fighters-yemen-iraq-035951490.html,0,www.yahoo.com,"Iran-backed fighters in Yemen and Iraq are joining forces to threaten the Gulf, officials say","In July, Saudi Arabia and the United States bombed Iran-backed militias in Iraq after blaming them for drone attacks on Saudi oil facilities that had been cl...",https://s.yimg.com/lo/mysterio/api/80625fdaccf97bf72e283356a39c14e323bf9670c3cf5c77b464c77d12b2150d/lightyear_networkapi/resizefill_w1200%3Bquality_80%3Bformat_jpg/https%3A%2F%2Fmedia.zenfs.com%2Fen%2Fap.org%2F4181282a46d1b3976bb2e28841ce9fb3.jpg,2026-09-09T03:59:51Z,http://web.archive.org/web/20260910033701/https://www.yahoo.com/news/world/articles/iran-backed-fighters-yemen-iraq-035951490.html,"CAIRO (AP) In July, Saudi Arabia and the United States bombed Iran-backed militias in Iraq after blaming them for drone attacks on Saudi oil facilities that had been claimed by Yemen's Houthi rebels,… [+7267 chars]",,en,'Iraq'
299,https://www.cnn.com/2026/09/08/europe/ukraine-russia-latest-fortress-belt-intl,0,www.cnn.com,Ukraine’s battlefield optimism is ebbing as Russia threatens its ‘fortress belt’,"Iryna Rybakova is horribly aware that the front line is inching toward Kramatorsk. Having served in eastern Ukraine for several years, she has watched her un...",https://s.yimg.com/lo/mysterio/api/aee58afa9ae4fe32056e45c3352962aae995097de82e2eac9c942081fe857883/lightyear_networkapi/resizefill_w960_h540%3Bquality_80%3Bformat_jpg/https%3A%2F%2Fmedia.zenfs.com%2Fen%2Fcnn_articles_875%2F54214d1eb9695a25cd9c87ce82e8865d.jpg,2026-09-09T04:28:31Z,,"Iryna Rybakova is horribly aware that the front line is inching toward Kramatorsk. Having served in eastern Ukraine for several years, she has watched her units being pushed from one strategic hub af… [+7400 chars]",,en,'russia'
300,https://abcnews.com/Business/wireStory/iran-forging-new-ring-proxies-threaten-us-allies-136292836,0,abcnews.com,"Iran is forging a new ring of proxies to threaten US allies in the Gulf, officials say",Regional officials tell The Associated Press that Yemen's Houthi rebels helped Iraqi militias launch drone attacks on Saudi oil facilities in July,https://i.abcnewsfe.com/a/d916579d-a663-46a0-a0ce-e621fff94cef/wirestory_41b104b908daeb58ad1d714224f8f570_16x9.jpg?w=1600,2026-09-09T06:19:38Z,http://web.archive.org/web/20260910052013/https://abcnews.com/Business/wireStory/iran-forging-new-ring-proxies-threaten-us-allies-136292836,"CAIRO -- In July, Saudi Arabia and the United States bombed Iran-backed militias in Iraq after blaming them for drone attacks on Saudi oil facilities that had been claimed by Yemen's Houthi rebels, a… [+6939 chars]",,en,'Iran'
301,http://deadline.com/2026/09/tokyo-gap-financing-market-canada-frontieres-1237071794/,0,deadline.com,Tokyo Gap Financing Market Unveils 24 Projects & Partnership With Canada’s Frontières,"Tokyo Gap Financing Market (TGFM), which is being held during this year’s TIFFCOM contents market in Tokyo (October 28-30), has announced a line-up of 24 projects from Asia, Europe and the Americas for this year’s edition.  Projects include five works selecte…",https://deadline.com/wp-content/uploads/2026/09/The-Saddest-Stories-on-Earth.jpg?w=1024,2026-09-09T07:00:00Z,http://web.archive.org/web/20260910073748/https://deadline.com/2026/09/tokyo-gap-financing-market-canada-frontieres-1237071794/,"Tokyo Gap Financing Market (TGFM), which is being held during this year’s TIFFCOM contents market in Tokyo (October 28-30), has announced a line-up of 24 projects from Asia, Europe and the Americas f… [+4625 chars]",,en,'Europe'
302,https://sputnikglobe.com/20260909/russian-firepower-hammers-ukraines-military-industry-seaports-vessels--logistics-hubs---mod-1124701723.html,0,sputnikglobe.com,"Russian Firepower Hammers Ukraine’s Military Industry, Seaports, Vessels & Logistics Hubs - MoD","The Russian armed forces continued to carry out coordinated strikes overnight against military industry facilities, Ukrainian seaports and vessels, as well as logistics centers used in support of the Ukrainian armed forces, the Russian Ministry of Defense sai…",https://cdn1.img.sputnikglobe.com/images/sharing/article/eng/1124701723.jpg?11245993391788937601,2026-09-09T07:06:40Z,,"Russia's Special Operation in Ukraine
On February 24, 2022 Russia launched a special military operation in Ukraine, aiming to liberate the Donbass region where the people's republics of Donetsk and … [+4299 chars]",,en,'Ukraine'
303,https://uk.news.yahoo.com/russian-drones-kill-injure-people-043524154.html,0,uk.news.yahoo.com,"Russian drones kill two at Ukraine-Moldova border crossing, authorities say","Sept 9 () - Russian drones hit a border crossing between Ukraine and ‌Moldova in the southern region of ‌Odesa, killing two people, and attacked the country'...",https://s.yimg.com/lo/mysterio/api/c69e1f0c664a3e542349b2594e736b9ad45e15b68a3bac9b0a678e383b9b551d/lightyear_networkapi/resizefill_w800_h600%3Bquality_80%3Bformat_jpg/https%3A%2F%2Fmedia.zenfs.com%2Fen%2Freuters.com%2Feee453af8420d794d04ad511978ea28d.jpg,2026-09-09T07:10:12Z,http://web.archive.org/web/20260909082526/https://uk.news.yahoo.com/russian-drones-kill-injure-people-043524154.html,"Sept 9 (Reuters) - Russian drones hit a border crossing between Ukraine and Moldova in the southern region of Odesa, killing two people, and attacked the country's capital Kyiv overnight, Ukrainian a… [+885 chars]",,en,'Ukraine'
304,https://www.yahoo.com/news/world/articles/war-words-between-china-philippines-100549474.html,0,www.yahoo.com,War of words between China and Philippines over South China Sea claims,China on Wednesday accused the Philippines of “stirring up trouble” after harsh words from Philippines Defense Minister Gilberto Teodoro Jr. over Beijing's i...,https://s.yimg.com/lo/mysterio/api/ec5184652e49f4b1bb90350df43fd0347a83639aa4d0c17b6456dd3fde18026a/lightyear_networkapi/resizefill_w1200%3Bquality_80%3Bformat_jpg/https%3A%2F%2Fmedia.zenfs.com%2Fen%2Fap.org%2F46d4ca08eb5a1300fa8876cb437857d6.jpg,2026-09-09T10:05:49Z,http://web.archive.org/web/20260910051757/https://www.yahoo.com/news/world/articles/war-words-between-china-philippines-100549474.html,"BANGKOK (AP) China on Wednesday accused the Philippines of ""stirring up trouble"" after harsh words from Philippines Defense Minister Gilberto Teodoro Jr. over Beijing's increasingly aggressive pursui… [+3040 chars]",,en,'Philippines'
305,https://www.prnewswire.com/news-releases/yikeda-accelerates-global-expansion-at-asia-fruit-logistica-2026-deepening-partnerships-debuting-exclusive-traceability-labeled-cherry-tomatoes-302873651.html,0,www.prnewswire.com,"YIKEDA™ Accelerates Global Expansion at ASIA FRUIT LOGISTICA 2026: Deepening Partnerships, Debuting Exclusive Traceability-Labeled Cherry Tomatoes","HONG KONG and SHANGHAI, Sept. 9, 2026 /PRNewswire/ -- From September 2 to 4, 2026, ASIA FRUIT LOGISTICA 2026, the premier and most influential international trade exhibition for the fresh fruit and vegetable business in Asia, was held at AsiaWorld-Expo in Hon…",https://mmx.prnewswire.com/media/MS1984535/20260909023715EDT_image_1.jpg?id=OA2937955&p=facebook,2026-09-09T10:29:00Z,,"HONG KONG and SHANGHAI, Sept. 9, 2026 /PRNewswire/ -- From September 2 to 4, 2026, ASIA FRUIT LOGISTICA 2026, the premier and most influential international trade exhibition for the fresh fruit and v… [+2700 chars]",,en,'Asia'
306,https://www.bbc.co.uk/news/articles/c98679wr78do,0,www.bbc.co.uk,Germany's Merz attacks AfD in stormy debate after far-right election win,"Germany's chancellor clashes with AfD leader Alice Weidel, saying her migration policy amounts to ""ethnic cleansing"" for skilled workers.",https://ichef.bbci.co.uk/ace/branded_news/1200/cpsprodpb/c567/live/db519c50-ac3c-11f1-aa42-a9647fd0ba61.png,2026-09-09T11:24:10Z,http://web.archive.org/web/20260910021244/https://www.bbc.co.uk/news/articles/c98679wr78do,"German Chancellor Friedrich Merz has clashed with AfD leader Alice Weidel in parliament, calling her party a ""destructive force"" with a migration policy that amounts to ""ethnic cleansing"" for skilled… [+1216 chars]",,en,'Germany'
307,https://slashdot.org/firehose.pl?op=view&amp;id=185554308,0,slashdot.org,"Archaeologists uncover 4,300-year-old tomb of ancient judge near Cairo - The Times of Israel","Archaeologists uncover 4,300-year-old tomb of ancient judge near CairoThe Times of Israel 4,300-year-old tomb of judge and his father discovered in Egypt: ""Exceptionally well-preserved""CBS News Spanish archaeologists find 4,400-year-old tomb in Egypt with ori…",,2026-09-09T11:32:59Z,,The Fine Print: The following comments are owned by whoever posted them. We are not responsible for them in any way.,,en,'Cairo'
308,https://uk.news.yahoo.com/iran-attacks-us-jordan-ships-040647971.html,0,uk.news.yahoo.com,Iran and US hit tankers in biggest wave of attacks on shipping since war began,"CAIRO/WASHINGTON/DUBAI, Sept 9 (Reuters) - Iran said on Wednesday it had attacked 10 ships near the Strait of Hormuz after the U. sank five Iranian oil tanke...",https://s.yimg.com/lo/mysterio/api/eda0ce87a34e301fbdbe220fa17146c694843000bc012114c20bc6c52277b00a/lightyear_networkapi/resizefill_w800_h422%3Bquality_80%3Bformat_jpg/https%3A%2F%2Fmedia.zenfs.com%2Fen%2Freuters.com%2Fc72cdb8511854fac7aecbbe8f186b6d1.jpg,2026-09-09T11:48:31Z,,"By Enas Alashray, Idrees Ali and Jana Choukeir
CAIRO/WASHINGTON/DUBAI, Sept 9 (Reuters) - Iran said on Wednesday it had attacked 10 ships near the Strait of Hormuz after the U.S. sank five Iranian o… [+5602 chars]",,en,'DUBAI'
309,https://gcaptain.com/iran-and-us-hit-tankers-in-biggest-wave-of-attacks-on-shipping-since-war-began/,0,gcaptain.com,Iran and US Hit Tankers in Biggest Wave of Attacks on Shipping Since War Began,"Iran said on Wednesday it had attacked 10 ships near the Strait of Hormuz after the U.S. sank five Iranian oil tankers, in the biggest declared wave of tit-for-tat attacks on shipping by both sides since the start of the six-month-old war.",https://gcaptain.com/wp-content/uploads/2026/06/2026-06-18T123648Z_920911053_RC2BWLA245QQ_RTRMADP_3_IRAN-CRISIS-800x533.jpg,2026-09-09T12:08:38Z,,"By Enas Alashray, Idrees Ali and Jana Choukeir
CAIRO/WASHINGTON/DUBAI, Sept 9 (Reuters) – Iran said on Wednesday it had attacked 10 ships near the Strait of Hormuz after the U.S. sank five Iranian o… [+5737 chars]",,en,'CAIRO'
310,https://www.newser.com/story/396131/striking-ancient-egyptian-tomb-still-holds-color.html,0,www.newser.com,'Striking' Ancient Egyptian Tomb Still Holds Color,"A long-buried judge who heard complaints on behalf of the king has resurfaced in the sands outside Cairo. Egyptian and Spanish archaeologists say they've uncovered a 4,300-year-old tomb at Saqqara belonging to Yunmen, a senior official who heard everyday citi…",https://cdn.newser.com/image/1710575-12-20260909083000.jpeg,2026-09-09T13:30:00Z,,"A long-buried judge who heard complaints on behalf of the king has resurfaced in the sands outside Cairo. Egyptian and Spanish archaeologists say they've uncovered a 4,300-year-old tomb at Saqqara be… [+1043 chars]",,en,'Cairo'
311,https://sports.yahoo.com/articles/messi-set-become-majority-shareholder-141156903.html,0,sports.yahoo.com,Messi set to become majority shareholder at Spanish second-division club Eldense,"Lionel Messi is poised to become the majority shareholder at second-division side Eldense, the Spanish club said on Wednesday. Eldense, based near the port city of Alicante in south-east Spain, confirmed to The Associated Press that the eight-time Ballon d'Or…",https://s.yimg.com/lo/mysterio/api/f80646c4cd0c898350c34a564ef41355f05373596eff12a5c04a72f104f9d5b2/lightyear_networkapi/resizefill_w1200%3Bquality_80%3Bformat_webp/https%3A%2F%2Fmedia.zenfs.com%2Fen%2Fap.org%2F94107445541a89e7d9279216f65c060c.jpg,2026-09-09T14:11:56Z,http://web.archive.org/web/20260910040925/https://sports.yahoo.com/articles/messi-set-become-majority-shareholder-141156903.html,"Lionel Messi is poised to become the majority shareholder at second-division side Eldense, the Spanish club said on Wednesday.
Eldense, based near the port city of Alicante in south-east Spain, conf… [+1195 chars]",,en,'Spain'
312,https://ipwatchdog.com/2026/09/09/china-outshines-us-more-top-innovation-clusters-wipo-global-innovation-index/,0,ipwatchdog.com,China Outshines U.S. With More Top Innovation Clusters in WIPO Global Innovation Index,"Yesterday, the World Intellectual Property Organization (WIPO) released its 2026 Global Innovation Index (GII) identifying metropolitan clusters around the world seeing the highest levels of innovation activity as judged by publications and R&D investments. T…",https://ipwatchdog.com/wp-content/uploads/2026/09/WIPO-clusters-2.png,2026-09-09T17:15:51Z,http://web.archive.org/web/20260910050146/https://ipwatchdog.com/2026/09/09/china-outshines-us-more-top-innovation-clusters-wipo-global-innovation-index/,"The United States, home to 20 top 100 innovation clusters, trailing behind Chinas total of 25, saw its highest ranking handed out to the San Jose-San Francisco area.
Yesterday, the World Intellectua… [+5398 chars]",,en,'CAIRO'
313,https://www.nature.com/articles/s41591-026-04631-z,0,www.nature.com,Initial lessons from real-world implementation of an AI-agent eye clinic in China,"The transition from AI-assisted tools to more integrated, AI-native models of care requires workflow integration, clinician engagement and measurable clinical value.",https://media.springernature.com/m685/springer-static/image/art%3A10.1038%2Fs41591-026-04631-z/MediaObjects/41591_2026_4631_Fig1_HTML.png,2026-09-10T00:00:00Z,,"<li>Department of Automation, Tsinghua University, Beijing, China
Tao Yan, Taizhangtian Ma, Chunyang Tang, Haoyang Liu, Jiamin Wu &amp; Qionghai Dai
</li><li>Beijing Visual Science and Translationa… [+1373 chars]",,en,'China'
314,https://www.cbssports.com/wnba/news/team-usa-hungary-prediction-where-to-watch-tv-channel-stream/,0,www.cbssports.com,"Team USA vs. Hungary prediction, preview: What to know about FIBA World Cup quarterfinals","After a close call against Italy, Team USA will look for a much cleaner performance vs. Hungary in the knockout stage",https://sportshub.cbsistatic.com/i/r/2026/09/09/ce18cea8-aaab-40c3-bb9b-1a5730321e0b/thumbnail/1200x675/fc146512f498358b79412a56c054065b/team-usa-getty.png,2026-09-10T00:00:55Z,,Team USA will meet Hungary in the quarterfinals of the 2026 FIBA Women's World Cup on Thursday after the Hungarians took care of Japan on Tuesday in their quarterfinal qualification matchup. Thursday… [+5991 chars],,en,'Hungary'
315,https://www.cnbc.com/2026/09/10/india-green-energy-china-reliance-battery.html,0,www.cnbc.com,Inside India newsletter: India’s green push aims to boost energy security but exposes China dependency,India's ambition to create a self-reliant energy ecosystem by expanding its renewable energy footprint is facing a China problem.,https://image.cnbcfm.com/api/v1/image/108359525-1788830825145-gettyimages-2251835388-AFP_83GQ8NK.jpeg?v=1788830864&w=1920&h=1080,2026-09-10T00:09:06Z,,"Hello, this is Priyanka Salve, writing to you from Mumbai. 
Welcome to the latest edition of ""Inside India""  your one-stop destination for stories and developments from the world's fastest-growing l… [+6535 chars]",,en,'China'
316,https://biztoc.com/x/f3b8c5de46a48370,0,biztoc.com,Inside India newsletter: India’s green push aims to boost energy security but exposes China dependency,"Hello, this is Priyanka Salve, writing to you from Mumbai.
Welcome to the latest edition of ""Inside India"" — your one-stop destination for stories and developments from the world's fastest-growing large economy.
India shares a complex relationship with its ne…",https://biztoc.com/cdn/f3b8c5de46a48370_s.webp,2026-09-10T00:14:08Z,,"Hello, this is Priyanka Salve, writing to you from Mumbai.Welcome to the latest edition of ""Inside India"" your one-stop destination for stories and developments from the world's fastest-growing large… [+139 chars]",,en,'China'
317,https://biztoc.com/x/c10c57bab8112f3b,0,biztoc.com,US business confidence in China rebounds from record low: report,"SHANGHAI -- Confidence among American businesses in China has rebounded from record low levels after a trade truce between Washington and Beijing eased uncertainty over tariffs and export controls, according to a survey released Thursday.
Survey shows domesti…",https://biztoc.com/cdn/c10c57bab8112f3b_s.webp,2026-09-10T00:14:25Z,,"SHANGHAI -- Confidence among American businesses in China has rebounded from record low levels after a trade truce between Washington and Beijing eased uncertainty over tariffs and export controls, a… [+148 chars]",,en,'WASHINGTON'
318,https://www.breitbart.com/politics/2026/09/09/sen-dave-mccormick-locals-determine-want-data-centers-not-ceos/,0,www.breitbart.com,"Exclusive — Sen. Dave McCormick: Locals Should Determine if They Want Data Centers, Not CEOs","Local municipalities should be in control of whether data centers are built in their communities as the United States works to beat China in the AI arms race, Sen. Dave McCormick (R-PA) told Breitbart News.
The post Exclusive — Sen. Dave McCormick: Locals Sho…",https://media.breitbart.com/media/2026/09/May2026-bbn-Sen-Dave-McCormick-R-PA-640x335.jpg,2026-09-10T00:26:24Z,,"Local municipalities should be in control of whether data centers are built in their communities as the United States works to beat China in the AI arms race, Sen. Dave McCormick (R-PA) told Breitbar… [+2515 chars]",,en,'China'
319,https://finance.yahoo.com/economy/policy/articles/ford-caught-escalating-washington-clash-002747788.html,0,finance.yahoo.com,Ford caught in escalating Washington clash over China deals,Sept 9 (Reuters) - Long-simmering tensions between Ford and the Trump administration over the automaker's connections with Chinese companies boiled over this...,https://s.yimg.com/lo/mysterio/api/28056f0fff1a116dd7a5552e06d99ae0cbdf6d7227962623c0fec7c37101965f/lightyear_networkapi/resizefill_w1200%3Bquality_80%3Bformat_webp/https%3A%2F%2Fmedia.zenfs.com%2Fen%2Freuters.com%2F5ea07aa814c7bbec4d498ca4e690a89b.jpg,2026-09-10T00:27:47Z,,"By Nora Eckert
Sept 9 (Reuters) - Long-simmering tensions between Ford and the Trump administration over the automaker's connections with Chinese companies boiled over this week in a contradictory f… [+5190 chars]",,en,'WASHINGTON'
320,https://punchng.com/falconets-seek-redemption-against-chinaazeez-signing-thrills-brighton-coach-hurzeler/,0,punchng.com,Falconets seek redemption against China,"Nigeria’s Falconets face China in a crucial U-20 Women’s World Cup match after losing to Spain. Can they secure a win to keep their knockout hopes alive?

Read More: https://punchng.com/falconets-seek-redemption-against-chinaazeez-signing-thrills-brighton-coa…",https://cdn.punchng.com/wp-content/uploads/2026/09/10011049/falconets_1788999049.webp,2026-09-10T00:38:21Z,,"Following their 2-0 defeat against Spain in their opening match of the 2026 FIFA U-20 Womens World Cup in Poland, Nigerias Falconets will seek redemption when they face China in their second Group F … [+1674 chars]",,en,'China'
321,https://www.thehindubusinessline.com/economy/india-brics-trade-what-the-numbers-show/article71449743.ece,0,www.thehindubusinessline.com,India-BRICS trade: What the numbers show,"India’s goods trade with BRICS more than doubled to $417.5 billion in FY26, while the trade deficit more than tripled to $226.1 billion, GTRI said.",https://bl-i.thgim.com/public/incoming/b9p6zq/article71449973.ece/alternates/LANDSCAPE_1200/BRICS%20PREPARATION%20NEW%20DELHI%204.jpeg,2026-09-10T00:44:29Z,,"India will host the BRICS summit here on September 12-13, 2026.
The country assumed the BRICS Chairship on January 1, 2026, under the theme 'Building for Resilience, Innovation, Cooperation and Sust… [+3795 chars]",,en,'India'
322,https://english.khabarhub.com/2026/10/567141/,0,english.khabarhub.com,Who speaks for Nepal? The Rubio–Lamichhane call and the new politics of diplomacy,"Diplomacy is changing. States no longer communicate only through foreign ministries, embassies and formally designated counterparts. Political leaders, ruling parties, legislatures, business communities, strategic advisers and influential individuals increasi…",https://english.khabarhub.com/wp-content/uploads/2026/09/Khabar-Hub-Article_Binoj-Basnyat_1200px-630X-px-Final_2026.09.09-Upload.jpg,2026-09-10T00:45:05Z,,"Diplomacy is changing. States no longer communicate only through foreign ministries, embassies and formally designated counterparts. Political leaders, ruling parties, legislatures, business communit… [+12570 chars]",,en,'Nepal'
323,https://cryptobriefing.com/us-china-trade-truce-boosts-business-sentiment-among-us-firms-in-china/,0,cryptobriefing.com,US-China trade truce boosts business sentiment among US firms in China,"The trade truce may signal a temporary easing of economic tensions, but unresolved geopolitical issues could still impact future relations.
The post US-China trade truce boosts business sentiment among US firms in China appeared first on Crypto Briefing.",https://static.cryptobriefing.com/wp-content/uploads/2026/09/09205106/library-us-china-trade-truce-boosts-business-sentiment-among-us--1-800x450.png,2026-09-10T00:51:07Z,,"Business sentiment among U.S. firms operating in China has experienced a notable improvement, according to reports, as the recent U.S.-China trade truce has contributed to reducing tensions between t… [+1740 chars]",,en,'China'
324,https://www.prnewswire.com/news-releases/rosen-law-firm-encourages-up-fintech-holding-limited-investors-to-inquire-about-securities-class-action-investigation--tigr-302874395.html,0,www.prnewswire.com,Rosen Law Firm Encourages UP Fintech Holding Limited Investors to Inquire About Securities Class Action Investigation - TIGR,"NEW YORK, Sept. 9, 2026 /PRNewswire/ -- Why: Rosen Law Firm, a global investor rights law firm, continues to investigate potential securities claims on behalf of shareholders of UP Fintech Holding Limited. (NASDAQ: TIGR) resulting from allegations that UP Fin…",https://mmx.prnewswire.com/media/MS1118010/Rosen-Law-Firm-Logo.jpg?id=OA2939851&p=facebook,2026-09-10T01:11:00Z,,"NEW YORK, Sept. 9, 2026 /PRNewswire/ -- Why: Rosen Law Firm, a global investor rights law firm, continues to investigate potential securities claims on behalf of shareholders of UP Fintech Holding Li… [+3036 chars]",,en,'NEW YORK'
325,https://biztoc.com/x/8a8354306f2f7f7b,0,biztoc.com,Over 65% of cars sold in China are now EVs as Iran war drives electric shift,"China’s electric vehicle (EV) adoption rate has hit an all-time high, as the Iran war drives motorists to shift away from petrol cars despite a sluggish automotive market.
A record 65.2 per cent of the 1.54 million cars sold in mainland China last month were …",https://biztoc.com/cdn/8a8354306f2f7f7b_s.webp,2026-09-10T01:14:42Z,,"Chinas electric vehicle (EV) adoption rate has hit an all-time high, as the Iran war drives motorists to shift away from petrol cars despite a sluggish automotive market.A record 65.2 per cent of the… [+135 chars]",,en,'China'
326,https://www.business-standard.com/blueprint-defence-magazine/insights/250-years-of-us-trade-strategy-for-china-126090800459_1.html,0,www.business-standard.com,250 years of US trade strategy for China,"From merchant ships to tariffs, how the world's two largest economies navigate volatile ties",https://bsmedia.business-standard.com/_media/bs/img/article/2026-09/08/thumb/fitandfill/1200X628/1788851564-9273.jpg,2026-09-10T01:20:42Z,,"Apple CEO Tim Cook, Tesla CEO Elon Musk and US Defense Secretary Pete Hegseth with Chinese President Xi Jinping in Beijing in May 2026 (PHOTO: REUTERS)",,en,'China'
327,https://slashdot.org/firehose.pl?op=view&amp;id=185572678,0,slashdot.org,Republican lawmakers criticize Ford business ties to China - Reuters,Republican lawmakers criticize Ford business ties to ChinaReuters Trump administration expresses 'profound concern' over Ford's ties to ChinaCNBC Ford’s Use of Chinese Tech Called ‘Unacceptable’ by Transportation SecretaryWSJ U.S. transportation secretary las…,,2026-09-10T01:32:36Z,,The Fine Print: The following comments are owned by whoever posted them. We are not responsible for them in any way.,,en,'China'
328,https://www.prnewswire.com/news-releases/zte-global-summit--user-congress-2026-opens-in-kuala-lumpur-advancing-from-connectivity-to-digital-value-creation-302874478.html,0,www.prnewswire.com,"ZTE Global Summit & User Congress 2026 Opens in Kuala Lumpur, Advancing from Connectivity to Digital Value Creation","The 15th ZTE Global Summit & User Congress officially opened in Kuala Lumpur, Malaysia, co-located for the first time with the GSMA M360 ASEAN Ministerial leaders from Malaysia, the Chinese Ambassador, GSMA leadership, global operator executives, and industry…",https://mmx.prnewswire.com/media/MS1984596/ZTE-Global-Summit-User-Congress-2026-Opens-in-Kuala-Lumpur-Advancing-from-Connectivity-to-Digital-Va.jpg?id=OA2938048&p=facebook,2026-09-10T01:49:00Z,,"<ul><li>The 15th ZTE Global Summit &amp; User Congress officially opened in Kuala Lumpur, Malaysia, co-located for the first timewith the GSMA M360 ASEAN</li><li>Ministerial leaders from Malaysia, th… [+4790 chars]",,en,'Malaysia'
329,https://punchng.com/nigerias-oil-revenue-faces-60-plunge-from-2030-report/,0,punchng.com,Nigeria’s oil revenue faces 60% plunge from 2030 – Report,"A new report warns Nigeria oil revenue could drop by over 60% from 2030 due to declining global demand, risking major fiscal and economic instability.

Read More: https://punchng.com/nigerias-oil-revenue-faces-60-plunge-from-2030-report/",https://cdn.punchng.com/wp-content/uploads/2026/08/31083009/WhatsApp-Image-2026-08-31-at-8.25.37-AM_1788161409.webp,2026-09-10T02:05:04Z,,"Nigerias oil revenue could plunge by more than 60 per cent from 2030 as global demand for crude oil declines, heightening the risk of fiscal and economic instability in the country, a report has warn… [+3862 chars]",,en,'China'
330,https://www.bbc.co.uk/news/articles/c804d9lyj2jo,0,www.bbc.co.uk,Russia outpacing Ukraine's air defences with daily use of new jet-powered drones,"The new models can travel at speeds of up to 300mph, faster than Ukraine's air defence interceptors.",https://ichef.bbci.co.uk/ace/branded_news/1200/cpsprodpb/9bfd/live/d80b0030-ac65-11f1-a540-61c3f7fc4e6c.png,2026-09-10T04:43:54Z,,"Russia fired its new rapid, jet-powered drones against Ukraine every day throughout August, BBC Verify analysis of Ukrainian Air Force data has found, escalating its use of a weapon that Kyiv's air d… [+1732 chars]",,en,'Russia'
331,https://en.protothema.gr/2026/09/10/mitsotakis-and-macron-set-plan-to-resume-cyprus-power-cable-survey-off-kasos/,0,en.protothema.gr,Mitsotakis and Macron set plan to resume Cyprus power cable survey off Kasos,"Meridiam's arrival as majority shareholder has driven closer coordination between Athens, Paris and Nicosia, with a new maritime notice expected soon and a French firm possibly replacing Italy's NextGeo before operations restart again this autumn
The post Mit…",https://en.protothema.gr/wp-content/uploads/2026/09/mitsotakis-macron-mak-1.jpg-1.jpg,2026-09-10T04:46:46Z,http://web.archive.org/web/20260911054153/https://en.protothema.gr/2026/09/10/mitsotakis-and-macron-set-plan-to-resume-cyprus-power-cable-survey-off-kasos/,The meeting between Greek Prime Minister Kyriakos Mitsotakis and French President Emmanuel Macron at the Élysée Palace set in motion moves that Athens and Paris have been quietly working on since mid… [+4319 chars],,en,'Nicosia'
332,https://sputnikglobe.com/20260910/kiev-even-prepared-to-carry-out-terrorist-attacks-against-its-own-strategic-allies---fsb-1124708858.html,0,sputnikglobe.com,FSB Foils Ukrainian Plot to Assassinate UK Ambassador in Moscow,"MOSCOW, September 10 (Sputnik) - Russia's Federal Security Service (FSB) said the Kiev regime, in the interest of self-preservation, is even prepared to carry out acts of sabotage and terrorism even against its own strategic allies.",https://cdn1.img.sputnikglobe.com/images/sharing/article/eng/1124708858.jpg?11245206111789016024,2026-09-10T04:53:03Z,,"Russia's Special Operation in Ukraine
On February 24, 2022 Russia launched a special military operation in Ukraine, aiming to liberate the Donbass region where the people's republics of Donetsk and … [+4304 chars]",,en,'Russia'
333,https://www.businessinsider.com/russian-drone-near-hit-zelenskyy-plane-over-moldova-2026-9#article,0,www.businessinsider.com,"Zelenskyy's plane was 'almost hit' by a Russian drone over Moldovan airspace, NATO member says","Ukraine's president, Volodymyr Zelenskyy, was flying from Moldova to Oslo to attend King Harald of Norway's funeral.",https://i.insider.com/6aa227e79b8974787b1ca50b?width=1200&format=jpeg,2026-09-10T05:22:24Z,,"Zelenskyy's official state aircraft is an Airbus A319-115X C.ADEM ALTAN/AFP via Getty Images
<ul><li>NATO member Norway's prime minister said Zelenskyy's plane was ""almost hit"" by a drone in Moldova… [+2206 chars]",,en,'Oslo'
334,https://uk.news.yahoo.com/trump-says-iran-war-end-061251129.html,0,uk.news.yahoo.com,"Trump says Iran war to end after US midterm elections, threatens to attack Pickaxe Mountain","By Enas Alashray, Idrees Ali and Jana Choukeir CAIRO/WASHINGTON/DUBAI, Sept 10 (Reuters) - President Donald Trump said he expected the war with Iran to end a...",https://s.yimg.com/lo/mysterio/api/0d5235e108af9b7e338ac03f116ca44012588963c4876e448e6b52b5521d39f5/lightyear_networkapi/resizefill_w800_h450%3Bquality_80%3Bformat_jpg/https%3A%2F%2Fmedia.zenfs.com%2Fen%2Freuters.com%2Fb68a3389fb2a0324a75123a2277ee83f.jpg,2026-09-10T06:17:39Z,http://web.archive.org/web/20260911055422/https://uk.news.yahoo.com/trump-says-iran-war-end-061251129.html,"By Enas Alashray, Idrees Ali and Jana Choukeir
CAIRO/WASHINGTON/DUBAI, Sept 10 (Reuters) - President Donald Trump said he expected the war with Iran to end after the November U.S. midterm elections … [+3629 chars]",,en,'Washington'
335,https://www.channelnewsasia.com/world/trump-iran-war-midterm-elections-pickaxe-mountain-6375171,0,www.channelnewsasia.com,"Trump says Iran war to end after US midterm elections, threatens to attack Pickaxe Mountain",The war in Iran and subsequent increase in fuel prices have driven US President Donald Trump's popularity to record lows ahead of November’s midterm elections.,"https://dam.mediacorp.sg/image/upload/s--Cz7muR6u--/c_fill,g_auto,h_676,w_1200/fl_relative,g_south_east,l_mediacorp:cna:watermark:2024-04:reuters_1,w_0.1/f_auto,q_auto/v1/one-cms/core/2026-09-10T061739Z_2_LYNXMPEM890FN_RTROPTP_3_IRAN-CRISIS-CENTCOM.JPG?itok=QSn9g_ai",2026-09-10T07:09:00Z,,CAIRO: US President Donald Trump said he expected the war with Iran to end after the November US midterm elections and threatened again to attack a site associated with the Islamic Republic's nuclear… [+2028 chars],,en,'Iran'
336,https://www.business-standard.com/sports/business/lionel-messi-set-to-become-majority-shareholder-at-spain-s-eldense-club-126090901625_1.html,0,www.business-standard.com,Lionel Messi set to become majority shareholder at Spain's Eldense club,"Lionel Messi is set to become the majority shareholder of Spanish second-division club Eldense.
Eldense, based near the port city of Alicante in south-east Spain, confirmed to The Associated Press on Wednesday that the eight-time Ballon d'Or winner had reache…",https://bsmedia.business-standard.com/_media/bs/img/article/2026-07/16/thumb/featurecrop/1200X628/1784225043-7926.jpg,2026-09-10T07:12:07Z,http://web.archive.org/web/20260911183010/https://www.business-standard.com/sports/business/lionel-messi-set-to-become-majority-shareholder-at-spain-s-eldense-club-126090901625_1.html,"Lionel Messi is set to become the majority shareholder of Spanish second-division club Eldense.
Eldense, based near the port city of Alicante in south-east Spain, confirmed to The Associated Press o… [+1453 chars]",,en,'Spain'
337,https://sputnikglobe.com/20260910/russian-missile-barrage-incinerates-ukraines-maritime-logistics--supply-routes--mod-1124709047.html,0,sputnikglobe.com,Russian Drone Barrage Incinerates Ukraine’s Maritime Logistics & Supply Routes — MoD,"MOSCOW (Sputnik) - Russia's Armed Forces struck a Ukrainian drone depot in Nikolayev (Mykolaiv), the Russian Defense Ministry said in a statement.",https://cdn1.img.sputnikglobe.com/images/sharing/article/eng/1124709047.jpg?11172285051789024625,2026-09-10T07:13:07Z,,"Russia's Special Operation in Ukraine
On February 24, 2022 Russia launched a special military operation in Ukraine, aiming to liberate the Donbass region where the people's republics of Donetsk and … [+1668 chars]",,en,'Moscow'
338,https://sputnikglobe.com/20260910/us-backs-ukraine-peace-process-but-domestic-divisions-remain---presidential-aide-1124709285.html,0,sputnikglobe.com,"US Backs Ukraine Peace Process, But Domestic Divisions Remain - Presidential Aide","The United States is genuinely interested in a peace process on Ukraine, but America is not united, Russian Presidential Aide Nikolai Patrushev said.",https://cdn1.img.sputnikglobe.com/images/sharing/article/eng/1124709285.jpg?11236470011789025579,2026-09-10T07:29:31Z,http://web.archive.org/web/20260910103839/https://sputnikglobe.com/20260910/us-backs-ukraine-peace-process-but-domestic-divisions-remain---presidential-aide-1124709285.html,"Russia's Special Operation in Ukraine
On February 24, 2022 Russia launched a special military operation in Ukraine, aiming to liberate the Donbass region where the people's republics of Donetsk and … [+3735 chars]",,en,'Donbass'
339,https://www.globalresearch.ca/secret-audits-find-ukraine-lost-1-2-billion-arms-fraud-one-year/5939836,0,www.globalresearch.ca,Secret Audits Find Ukraine Lost $1.2 Billion to Arms Fraud in One Year,"Ukraine lost approximately $1.2 billion in 2024 due to fraud, waste, and mismanagement in military procurement, according to confidential government audits obtained by The New York Times. The audits, conducted by Ukraine’s State Audit Service and an internal …",https://www.globalresearch.ca/wp-content/uploads/2023/06/B-Arms-Ukraine.jpg,2026-09-10T07:58:32Z,,"Ukraine lost approximately $1.2 billion in 2024 due to fraud, waste, and mismanagement in military procurement, according to confidential government audits obtained by The New York Times. The audits,… [+5557 chars]",,en,'Ukraine'
340,https://abcnews.com/International/nato-aircraft-deployed-poland-russian-jet-powered-drones/story?id=136327662,0,abcnews.com,NATO aircraft deployed in Poland as Russian jet-powered drones strike Ukraine,Russia and Ukraine exchanged hundreds of strike drones overnight.,https://s.yimg.com/lo/mysterio/api/a5bb4dd67271f39a8d304efa068f1954a3f64c8d0e066b6483c340d76d3b6abe/lightyear_networkapi/resizefill_w1200%3Bquality_80%3Bformat_jpg/https%3A%2F%2Fmedia.zenfs.com%2Fen%2Fus.abcnews.gma.com%2Fc9658dea39a76a47b174d20616b99686.jpg,2026-09-10T08:27:36Z,,"NATO ""military aviation"" assets were deployed in Polish airspace overnight, according to the Armed Forces Operational Command in Warsaw, in response to Russian jet-powered drone attacks on targets in… [+3418 chars]",,en,'Russia'
341,https://www.bbc.co.uk/news/articles/cj4jyv7l92eo,0,www.bbc.co.uk,'Significant casualties' after fire on cargo ship in eastern China,President Xi Jinping has called for urgent search and rescue efforts.,https://ichef.bbci.co.uk/ace/branded_news/1200/cpsprodpb/9328/live/34314910-acfb-11f1-b1d1-571ed4d7ff2c.png,2026-09-10T10:04:52Z,,"A fire has broken out on a foreign-flagged cargo ship docked at an eastern Chinese port, causing significant casualties, according to state media.
President Xi Jinping called for urgent search and r… [+492 chars]",,en,'China'
342,https://www.yahoo.com/news/articles/dispute-over-recycling-machines-drags-100539346.html,0,www.yahoo.com,Dispute over recycling machines drags struggle over Cairo's trash into public view,"By Mohamed Ezz and Amr Abdallah CAIRO, Sept 10 (Reuters) - A plan to expand a recycling scheme might seem an unlikely source of controversy in Cairo, where w...",https://s.yimg.com/lo/mysterio/api/064626f7674807a5b7ca5f0f9b65fe7becb94739c33eb6f115621d375715e551/lightyear_networkapi/resizefill_w800_h589%3Bquality_80%3Bformat_jpg/https%3A%2F%2Fmedia.zenfs.com%2Fen%2Freuters.com%2Fbb6a1a584a2adce9f1ca6208b3e06c20.jpg,2026-09-10T10:12:30Z,http://web.archive.org/web/20260911081011/https://www.yahoo.com/news/articles/dispute-over-recycling-machines-drags-100539346.html,"By Mohamed Ezz and Amr Abdallah
CAIRO, Sept 10 (Reuters) - A plan to expand a recycling scheme might seem an unlikely source of controversy in Cairo, where waste often accumulates in alleys, canals … [+4906 chars]",,en,'Cairo'
343,https://biztoc.com/x/713b5842d4a2f4d7,0,biztoc.com,"Trump says Iran war to end after US midterm vote, Houthis close in on key Strait, sources say","By Enas Alashray, Idrees Ali and Jana Choukeir
CAIRO/WASHINGTON/DUBAI, Sept 10 (Reuters) - President Donald Trump said he expected the war with Iran to end after the November U.S. midterm elections and threatened again to attack a site associated with the Isl…",https://biztoc.com/cdn/713b5842d4a2f4d7_s.webp,2026-09-10T10:48:35Z,,"By Enas Alashray, Idrees Ali and Jana ChoukeirCAIRO/WASHINGTON/DUBAI, Sept 10 (Reuters) - President Donald Trump said he expected the war with Iran to end after the November U.S. midterm elections an… [+137 chars]",,en,'Cairo'
344,https://timesofindia.indiatimes.com/world/china/at-least-20-killed-in-cargo-ship-fire-at-chinas-qingdao-port-all-you-need-to-know/articleshow/134001676.cms,0,timesofindia.indiatimes.com,At least 20 killed in cargo ship fire at China’s Qingdao port - all you need to know,China News: At least 20 people were killed after a fire broke out on a foreign-flagged cargo ship undergoing maintenance at a shipyard in China’s eastern port cit.,"https://static.toiimg.com/thumb/msid-134005236,width-1280,height-720,resizemode-6,overlay-toi_sw,pt-32,y_pad-600/photo.jpg",2026-09-10T10:49:47Z,,"Follow Us On Social Media
SSC CPO 2026 notification released: Apply online for 2,018 Sub-Inspector posts, check eligibility, vacancies and datesBeyond the syllabus preparing for an uncertain futureI… [+1789 chars]",,en,'China'
345,https://biztoc.com/x/bbe06fe52f14ebe1,0,biztoc.com,At least 20 dead in fire in Chinese port of Qingdao,"At least 20 people died and five were injured when a fire broke out on Thursday on a ship in the easter Chinese port of Qingdao, according to media reports. 12 people were evacuated off the vessel and...",https://biztoc.com/cdn/bbe06fe52f14ebe1_s.webp,2026-09-10T11:01:38Z,,"At least 20 people died and five were injured when a fire broke out on Thursday on a ship in the easter Chinese port of Qingdao, according to media reports. 12 people were evacuated off the vessel an… [+69 chars]",,en,'Qingdao'
346,https://www.yahoo.com/news/us/articles/russia-sends-bones-medieval-warrior-110248330.html,0,www.yahoo.com,Russia sends bones of medieval warrior prince to Ukraine front to boost morale,"By Andrew Osborn MOSCOW, Sept 10 (Reuters) - Bone fragments from the sword hand of a medieval Russian prince who won a famous victory over the Mongols have b...",https://s.yimg.com/lo/mysterio/api/7d276884d6b25d5b53aae4ea10b9c793723f9958dbc4a1f52d7df209315bc392/lightyear_networkapi/resizefill_w800_h588%3Bquality_80%3Bformat_jpg/https%3A%2F%2Fmedia.zenfs.com%2Fen%2Freuters.com%2F63e525f6177901bba1f8e2dfd64118f6.jpg,2026-09-10T11:02:48Z,http://web.archive.org/web/20260911074200/https://www.yahoo.com/news/us/articles/russia-sends-bones-medieval-warrior-110248330.html,"By Andrew Osborn
MOSCOW, Sept 10 (Reuters) - Bone fragments from the sword hand of a medieval Russian prince who won a famous victory over the Mongols have been sent to the front in Ukraine to raise… [+4202 chars]",,en,'MOSCOW'
347,https://biztoc.com/x/bd61ca876679feeb,0,biztoc.com,Panda Express Cofounder Andrew Cherng Is A Stickler For Detail,"As a kid born in China and raised in Taiwan, Andrew Cherng, cofounder of Panda Express, had few possessions.
The post Panda Express Cofounder Andrew Cherng Is A Stickler For Detail appeared first on Investor's Business Daily.",https://biztoc.com/cdn/995/og.png,2026-09-10T11:16:21Z,,"As a kid born in China and raised in Taiwan, Andrew Cherng, cofounder of Panda Express, had few possessions.The post Panda Express Cofounder Andrew Cherng Is A Stickler For Detail appeared first on I… [+84 chars]",,en,'Taiwan'
348,https://economictimes.indiatimes.com/news/international/world-news/at-least-20-dead-and-5-missing-after-cargo-ship-catches-fire-in-chinas-port-state-media-says/articleshow/134006191.cms,0,economictimes.indiatimes.com,"At least 20 dead and 5 missing after cargo ship catches fire in China's port, state media says","A cargo ship caught fire while docked for repairs in Qingdao port. At least twenty people were killed and five others remain missing after the incident. Twelve individuals were safely evacuated from the vessel, while five injured were hospitalised. The fire s…","https://img.etimg.com/thumb/msid-134006522,width-1200,height-630,imgsize-146768,overlay-economictimes/articleshow.jpg",2026-09-10T11:18:12Z,http://web.archive.org/web/20260910153512/https://economictimes.indiatimes.com/news/international/world-news/at-least-20-dead-and-5-missing-after-cargo-ship-catches-fire-in-chinas-port-state-media-says/articleshow/134006191.cms,"Beijing: At least 20 people were killed and five were missing after a cargo ship caught fire while docked in a Chinese port, Chinese state media reported Thursday.The ship was docked for repairs in t… [+1141 chars]",,en,'China'
349,https://www.rediff.com/sports/report/anahat-abhay-face-malaysian-challenge-as-asian-games-draw-announced/20260910.htm,0,www.rediff.com,"India's Top Squash Seeds Aim For Asian Games Gold, Olympic Berth","Indian squash players Abhay Singh and Anahat Singh have received high seedings for the upcoming Asian Games, positioning them as strong contenders for gold medals. Their performance is crucial as singles winners will secure direct qualification for the 2028 L…",https://im.rediff.com/1200-630/sports/2025/oct/17anahat.jpg,2026-09-10T11:20:35Z,,"Indian squash stars Abhay Singh and Anahat Singh are highly seeded for the Asian Games, where winning gold will not only bring glory but also secure direct qualification for the 2028 Los Angeles Olym… [+2843 chars]",,en,'China'
350,https://www.prnewswire.com/news-releases/the-3rd-gti-forum-on-digital-intelligence-hong-kong-advances-global-inclusive-ai-development-302875216.html,0,www.prnewswire.com,"The 3rd GTI Forum on Digital Intelligence, Hong Kong Advances Global Inclusive AI Development","HONG KONG, Sept. 10, 2026 /PRNewswire/ -- The 3rd GTI Forum on Digital Intelligence • Hong Kong, themed ""Openness, Sharing, Cooperation - Advancing AI Development"", was held in Hong Kong, China on September 8. Gao Tongqing, Chairman of GTI, stated that GTI co…",https://mmx.prnewswire.com/media/MS1985569/20260910032345EDT_image_4.jpg?id=OA2941142&p=facebook,2026-09-10T11:21:00Z,,"Accessibility StatementSkip Navigation
Gao Tongqing, Chairman of GTI, stated that GTI continues to strengthen global cooperation, foster open exchange and build consensus on development priorities. … [+5537 chars]",,en,'Hong Kong'
351,https://www.sportingnews.com/us/wnba/news/team-usa-sends-loud-world-cup-warning-52-point-demolition-hungary/fe6f1dfa3ebf0839cae48b64,0,www.sportingnews.com,Team USA sends loud World Cup warning with 52-point demolition of Hungary,"Team USA left no room for another World Cup scare, burying Hungary with a 36-point opening quarter and rolling into the semifinals with a 108-56 victory.",https://s.yimg.com/lo/mysterio/api/ff6e1ee4bf5f0fd9baad9ef1020de8a51c18e6afb89b0632390f9342fbda18c8/lightyear_networkapi/resizefill_w1200%3Bquality_80%3Bformat_webp/https%3A%2F%2Fmedia.zenfs.com%2Fen%2Fthe_sporting_news_articles_584%2F5bd8bca90eb8e1438510c5ca95d9aba6,2026-09-10T11:22:28Z,,"Team USA sends loud World Cup warning with 52-point demolition of Hungary originally appeared on The Sporting News. Add The Sporting News as a Preferred Source by clicking here.
Team USA entered the… [+4995 chars]",,en,'Hungary'
352,https://www.cbc.ca/news/world/china-qingdao-ship-fatal-fire-9.7338330,0,www.cbc.ca,At least 20 people dead in commercial ship fire in China,"At least 20 people have been killed in a fire aboard a foreign cargo vessel undergoing repairs at a ‌state-owned shipyard in the eastern Chinese city of Qingdao on Thursday, state media reported, with five others still missing.","https://i.cbc.ca/ais/ff371fec-a8a1-42d4-ac81-8a3836e17f50,1789038743975/full/max/0/default.jpg?im=Crop%2Crect%3D%280%2C0%2C3971%2C2233%29%3BResize%3D620",2026-09-10T11:25:09Z,http://web.archive.org/web/20260910152728/https://www.cbc.ca/news/world/china-qingdao-ship-fatal-fire-9.7338330,"At least 20 people have been killed in a fire aboard a foreign cargo vessel undergoing repairs at a state-owned shipyard in the eastern Chinese city of Qingdao on Thursday, state media reported, with… [+1134 chars]",,en,'China'
353,https://timesofindia.indiatimes.com/world/pakistan/pakistan-blinks-on-houthis-walks-back-saudi-defence-warning-within-24-hours/articleshow/134006456.cms,0,timesofindia.indiatimes.com,"Pakistan blinks on Houthis, walks back Saudi defence warning within 24 hours","Pakistan has clarified that there are no current discussions about military responses related to the Mecca defense pact, following recent warnings from its defense minister. The agreement aims to enhance deterrence and defense cooperation among the involved n…","https://static.toiimg.com/thumb/msid-134006774,width-1280,height-720,resizemode-6,overlay-toi_sw,pt-32,y_pad-600/photo.jpg",2026-09-10T11:25:36Z,http://web.archive.org/web/20260910170646/https://timesofindia.indiatimes.com/world/pakistan/pakistan-blinks-on-houthis-walks-back-saudi-defence-warning-within-24-hours/articleshow/134006456.cms,"Follow Us On Social Media
He has no business being in our country: Indian-origin man charged in crash that killed US womanIllegal arms manufacturing unit busted in DumkaPankaj Tripathi and Divyenndu… [+1738 chars]",,en,'China'
354,https://www.prnewswire.com/news-releases/tennor-therapeutics-reports-positive-phase-iia-poc-data-for-rifaquizinone-tnp-2092-the-first-non-surgical-therapy-candidate-for-periprosthetic-joint-infection-302872993.html,0,www.prnewswire.com,"TenNor Therapeutics Reports Positive Phase IIa POC Data for Rifaquizinone (TNP-2092), the First Non-Surgical Therapy Candidate for Periprosthetic Joint Infection","— Phase IIb multicenter trial initiated, bringing this potential life-changing therapy closer to patients — SUZHOU, China, Sept. 10, 2026 /PRNewswire/ -- TenNor Therapeutics, a near-commercial-stage biotechnology company, today announced positive topline resu…",,2026-09-10T11:30:00Z,,"Phase IIb multicenter trial initiated, bringing this potential life-changing therapy closer to patients 
SUZHOU, China, Sept. 10, 2026 /PRNewswire/ -- TenNor Therapeutics, a near-commercial-stage bi… [+7802 chars]",,en,'China'
355,https://newrepublic.com/article/215245/transcript-trump-fury-canada-gets-unhinged-even-gopers-rattled,0,newrepublic.com,Transcript: Trump Fury at Canada Gets So Unhinged Even GOPers Rattled,"The following is a lightly edited transcript of the September 10 episode of the Daily Blast podcast. Listen to it here.Greg Sargent: This is The Daily Blast from The New Republic, produced and presented by the DSR Network. I’m your host, Greg Sargent.Donald T…",https://images.newrepublic.com/6e89005857311eb42f4d657d2bcecd4ee7ca952f.jpeg?w=1200&h=630&crop=faces&fit=crop&fm=jpg,2026-09-10T11:30:07Z,http://web.archive.org/web/20260910220226/https://newrepublic.com/article/215245/transcript-trump-fury-canada-gets-unhinged-even-gopers-rattled,"Beauchamp: Yeah. I think thats right. This is part of it. Its clear, I think, that the American public does not want what Trump is doing with trade policy. What they take from that, rightjust stickin… [+1612 chars]",,en,'China'
356,https://pypi.org/project/kronos-mcp/0.1.2/,0,pypi.org,kronos-mcp 0.1.2,MCP server for Kronos stock price forecasting — China A-shares,,2026-09-10T11:30:42Z,,"A required part of this site couldnt load. This may be due to a browser
 extension, network issues, or browser settings. Please check your
 connection, disable any ad blockers, or try using a diffe… [+12 chars]",,en,'China'
357,https://www.dw.com/en/china-cargo-ship-fire-kills-at-least-20/a-79212704,0,www.dw.com,China: Cargo ship fire kills at least 20,At least five people are missing after a cargo ship caught fire at the port of Qingdao. The cause remains unclear. At least 20 people were killed and five remain missing after a fire on a cargo vessel receiving repairs at a shipyard in the northeastern Chines…,https://static.dw.com/image/76885154_6.jpg,2026-09-10T11:36:00Z,http://web.archive.org/web/20260910120534/https://www.dw.com/en/china-cargo-ship-fire-kills-at-least-20/a-79212704,"At least 20 people were killed and five remain missing after a fire on a cargo vessel receiving repairs at a shipyard in the northeastern Chinese port city of Qingdao, state media reported on Thursda… [+957 chars]",,en,'China'
358,https://www.dw.com/en/china-cargo-ship-fire-kills-at-least-25/a-79212704,0,www.dw.com,China: Cargo ship fire kills at least 25,At least five people are missing after a cargo ship caught fire at the port of Qingdao. The cause remains unclear.,https://static.dw.com/image/76885154_6.jpg,2026-09-10T11:36:00Z,,"At least 25 people were killed and five remain missing after a fire on a cargo vessel receiving repairs at a shipyard in the northeastern Chinese port city of Qingdao, state media reported on Thursda… [+957 chars]",,en,'China'
359,https://www.foxnews.com/politics/house-panel-probe-foreign-trojan-horses-singham-scrutiny-widens,0,www.foxnews.com,House panel to probe foreign ‘Trojan horses’ as Singham scrutiny widens,"House lawmakers will examine alleged foreign malign influence operations, including campaigns tied to China, Cuba and U.S. data centers.",https://static.foxnews.com/foxnews.com/content/uploads/2026/09/communist-protest-1280.png,2026-09-10T11:45:03Z,http://web.archive.org/web/20260911055525/https://www.foxnews.com/politics/house-panel-probe-foreign-trojan-horses-singham-scrutiny-widens,"FIRST ON FOX: Congressional scrutiny of foreign influence operations in the United States is widening, with a powerful panel of lawmakers set to hold a hearing next week examining how nonprofits and … [+9282 chars]",,en,'Cuba'
360,https://economictimes.indiatimes.com/news/india/india-china-thaw-five-things-to-know-as-chinese-president-xi-jinping-heads-to-delhi/articleshow/134007836.cms,0,economictimes.indiatimes.com,India-China thaw: Five things to know as Chinese President Xi Jinping heads to Delhi,"Chinese President Xi Jinping heads to India for a summit on Saturday that could mark the biggest step in a cautious thaw after years of hostility between the two countries. ""The very fact that President Xi is coming to India does indicate that... even if it's…","https://img.etimg.com/thumb/msid-134007889,width-1200,height-630,imgsize-74834,overlay-economictimes/articleshow.jpg",2026-09-10T11:47:02Z,,New Delhi: Chinese President Xi Jinping heads to India for a summit on Saturday that could mark the biggest step in a cautious thaw after years of hostility between the two countries.Xi's visit for t… [+4313 chars],,en,'China'
361,https://www.prnewswire.com/news-releases/the-parisian-macao-celebrates-10th-anniversary-302875240.html,0,www.prnewswire.com,The Parisian Macao Celebrates 10th Anniversary,"Demonstrating Sands China's long-term commitment to investing in Continuously expanding non-gaming offerings to support Macao's economic diversification MACAO, Sept. 10, 2026 /PRNewswire/ -- The Parisian® Macao will mark its 10th anniversary on Sept. 13. Over…",https://mmx.prnewswire.com/media/MS1985653/20260910060552EDT_image_7.jpg?id=OA2941085&p=facebook,2026-09-10T11:48:00Z,,"Accessibility StatementSkip Navigation
Demonstrating Sands China's long-term commitment to investing in Continuously expanding non-gaming offerings to support Macao's economic diversification
MACAO… [+12658 chars]",,en,'Macao'
362,https://slashdot.org/firehose.pl?op=view&amp;id=185582258,0,slashdot.org,"'Significant casualties' after fire erupts on cargo ship in Qingdao, eastern China - BBC","'Significant casualties' after fire erupts on cargo ship in Qingdao, eastern ChinaBBC Fire on cargo ship docked in Chinese port kills 20 and some people are missing, state media sayCBS News At least 20 people killed after fire breaks out on cargo ship in Chin…",,2026-09-10T11:52:47Z,http://web.archive.org/web/20160119174443/http://slashdot.org/firehose.pl?op=view,The Fine Print: The following comments are owned by whoever posted them. We are not responsible for them in any way.,,en,'Qingdao'
363,https://www.abc.net.au/news/2026-09-10/heavy-casualties-after-cargo-ship-fire-in-east-china/107140438,0,www.abc.net.au,'Heavy casualties' after cargo ship fire in east China,"Chinese President Xi Jinping has called for intensified search and rescue efforts, and a probe into the cause of a fire that broke out aboard the foreign cargo ship.",https://live-production.wcms.abc-cdn.net.au/23553166aa9f78791b20ad85b4684810?impolicy=wcms_watermark_news&cropH=2693&cropW=4788&xPos=0&yPos=309&width=862&height=485&imformat=generic,2026-09-10T11:55:34Z,,"At least 20 people have been killed and five remain missing after a cargo ship caught fire while docked in a Chinese port in the east of the country. 
""A foreign cargo ship of Beihai Shipbuilding Co… [+1679 chars]",,en,'China'
364,https://www.globalsecurity.org/wmd/library/news/turkey/2026/turkey-260910-azertac01.htm,0,www.globalsecurity.org,"Havelsan, Egypt's AOI sign deal for jointly developed HAMZA-1 UAV","Turkish defense company Havelsan and the Arab Organization for Industrialization (AOI) have reached an agreement for the sale of the HAMZA-1 unmanned aerial vehicle (UAV) which they jointly developed, according to Daily Sabah.",,2026-09-10T12:00:00Z,http://web.archive.org/web/20260911110842/https://www.globalsecurity.org/wmd/library/news/turkey/2026/turkey-260910-azertac01.htm,"Azerbaijan State News Agency - (AZERTAC)
10.09.2026 [16:02] Baku, September 10, AZERTAC
Turkish defense company Havelsan and the Arab Organization for Industrialization (AOI) have reached an agreem… [+1714 chars]",,en,'CAIRO'
365,https://www.channelnewsasia.com/east-asia/china-20-killed-fire-cargo-vessel-shipyard-6375881,0,www.channelnewsasia.com,"At least 20 killed in cargo vessel fire at China shipyard, state media reports","Chinese President Xi Jinping has called for intensified search and rescue efforts, a swift investigation and accountability measures.","https://dam.mediacorp.sg/image/upload/s--BMChLCZz--/c_crop,h_576,w_1024,x_0,y_81/c_fill,g_auto,h_676,w_1200/fl_relative,g_south_east,l_mediacorp:cna:watermark:2023-11:afp_watermark_14112023,w_0.1/f_auto,q_auto/v1/mediacorp/cna/image/2026/09/10/000_c7w78nq.jpg?itok=x7ulHJ-a",2026-09-10T12:17:01Z,http://web.archive.org/web/20260911060353/https://www.channelnewsasia.com/east-asia/china-20-killed-fire-cargo-vessel-shipyard-6375881,"BEIJING: At least 20 people have been killed in a fire aboard a foreign cargo vessel undergoing repairs at a state-owned shipyard in the eastern Chinese city of Qingdao on Thursday (Sep 10), state me… [+1325 chars]",,en,'Qingdao'
366,https://www.aljazeera.com/sports/2026/9/10/is-egypts-hamza-abdelkarim-set-to-be-barcelonas-next-breakout-star,0,www.aljazeera.com,Is Egypt’s Hamza Abdelkarim set to be Barcelona’s next breakout star?,Four goals in five games made the 18-year-old striker Barcelona's top scorer during preseason.,https://www.aljazeera.com/wp-content/uploads/2026/09/getty_6aa2948514-1789039749_38a752-1789039936.jpg?resize=1200%2C630&quality=80,2026-09-10T12:24:25Z,http://web.archive.org/web/20260911104522/https://www.aljazeera.com/sports/2026/9/10/is-egypts-hamza-abdelkarim-set-to-be-barcelonas-next-breakout-star,The chatter among Barcelona fans this summer was all about who would be the clubs next star striker after Robert Lewandowski  the teams top scorer for the past four seasons left to play in the United… [+4869 chars],,en,'CAIRO'
367,https://www.aljazeera.com/news/2026/9/10/at-least-25-dead-after-cargo-ship-catches-fire-in-china,0,www.aljazeera.com,At least 25 dead after cargo ship catches fire in China,"Fire breaks out on ship being repaired in the port of Qingdao, eastern China.",https://www.aljazeera.com/wp-content/uploads/2026/09/2025-10-21T071723Z_2041563590_RC2MFHA25KIA_RTRMADP_3_CHINA-ECONOMY-1789044253.jpg?resize=1920%2C1440,2026-09-10T12:45:11Z,http://web.archive.org/web/20260910141915/https://www.aljazeera.com/news/2026/9/10/at-least-25-dead-after-cargo-ship-catches-fire-in-china,"At least 25 people have died after a foreign-flagged cargo ship caught fire while docked in a Chinese port, state media reported.
Of the 42 people on board, 12 were safely evacuated, while five were… [+1146 chars]",,en,'Qingdao'
368,https://sputnikglobe.com/20260910/no-substantive-talks-about-possibility-of-energy-truce-with-ukraine-right-now---kremlin-1124711724.html,0,sputnikglobe.com,No Substantive Talks About Possibility of Energy Truce With Ukraine Right Now - Kremlin,"MOSCOW (Sputnik) - There are no substantive talks about the possibility of an energy truce with Ukraine right now, Kremlin spokesman Dmitry Peskov said on Thursday.",https://cdn1.img.sputnikglobe.com/images/sharing/article/eng/1124711724.jpg?11203874951789047538,2026-09-10T13:37:31Z,,"Russia's Special Operation in Ukraine
On February 24, 2022 Russia launched a special military operation in Ukraine, aiming to liberate the Donbass region where the people's republics of Donetsk and … [+6458 chars]",,en,'Donbass'
369,https://economictimes.indiatimes.com/news/defence/houthis-seize-key-yemeni-red-sea-port-sources-say-threatening-global-energy-flows/articleshow/134012590.cms,0,economictimes.indiatimes.com,"Houthis seize key Yemeni Red Sea port, sources say, threatening global energy flows","Houthi militants seized Yemen's Mocha port, threatening vital global energy supplies.  This escalation occurs as Iran and the United States engage in tit-for-tat attacks.  President Trump expects the war to end after the upcoming mid-term elections.  Saudi Ar…","https://img.etimg.com/thumb/msid-134012672,width-1200,height-630,imgsize-137446,overlay-etdefence/articleshow.jpg",2026-09-10T13:38:28Z,http://web.archive.org/web/20260911034049/https://economictimes.indiatimes.com/news/defence/houthis-seize-key-yemeni-red-sea-port-sources-say-threatening-global-energy-flows/articleshow/134012590.cms,"Cairo/Washington/Dubai: Iran-aligned Houthi militants seized control of Yemen's port city of Mocha on Thursday, military sources said, posing a further threat to global energy supplies hours after Pr… [+5015 chars]",,en,'Iran'
370,https://economictimes.indiatimes.com/news/defence/yemen-risks-a-return-to-civil-war-as-iran-backed-rebels-target-a-vital-oil-shipping-route/articleshow/134014289.cms,0,economictimes.indiatimes.com,Yemen risks a return to civil war as Iran-backed rebels target a vital oil shipping route,"Yemen faces renewed civil war as Houthi rebels advance near a vital shipping lane.  The rebels' move threatens the Bab el-Mandeb Strait, a crucial global trade route.  This advance comes after a fragile ceasefire began to buckle in 2022.  The conflict could f…","https://img.etimg.com/thumb/msid-134014285,width-1200,height-630,imgsize-145946,overlay-etdefence/articleshow.jpg",2026-09-10T14:13:38Z,http://web.archive.org/web/20260910191846/https://economictimes.indiatimes.com/news/defence/yemen-risks-a-return-to-civil-war-as-iran-backed-rebels-target-a-vital-oil-shipping-route/articleshow/134014289.cms,Cairo: Yemen is moving closer to a return to civil war as Iran -backed rebels threaten a crucial shipping alternative to the Strait of Hormuz.Here's a look at the emerging conflict along the Red Sea … [+4354 chars],,en,'Yemen'
371,https://www.bbc.co.uk/sport/rugby-union/articles/c5ymg0pm1yno,0,www.bbc.co.uk,Switch Six Nations fixture to USA grow game – World Rugby,World Rugby would help any nation which wants to switch a Six Nations match to the United States as it continues its drive to spread the game stateside.,https://ichef.bbci.co.uk/ace/branded_sport/1200/cpsprodpb/fae6/live/14fc8180-ad1f-11f1-826f-933990eae6f0.jpg,2026-09-10T14:24:14Z,http://web.archive.org/web/20260911033642/https://www.bbc.co.uk/sport/rugby-union/articles/c5ymg0pm1yno,"The All Blacks have been at the forefront of rugby's attempts to make an imprint in a notoriously tough sports market.
Ireland memorably beat the All Blacks for the first time when the teams met in … [+1863 chars]",,en,'USA'
https://finance.yahoo.com/technology/articles/thales-alenia-space-signs-500-103238816.html,https://finance.yahoo.com/technology/articles/thales-alenia-space-signs-500-103238816.html,0,finance.yahoo.com,Europe's space chief raises need for the region to coordinate its satellite plans,"By Florence Loeve PARIS, Sept 10 (Reuters) - Europe must ensure its countries' competing satellite programmes can work together effectively and do not duplic...",https://s.yimg.com/lo/mysterio/api/0ace0254f9617159d1377aa7397477a591cd6adb7e01ce090b4547ff15fa28ac/lightyear_networkapi/resizefill_w1200%3Bquality_80%3Bformat_webp/https%3A%2F%2Fmedia.zenfs.com%2Fen%2Freuters.com%2Fcb1b45240f01892c7cdb194d80efd1ac.jpg,2026-09-10T14:55:21Z,http://web.archive.org/web/20260911052746/https://finance.yahoo.com/technology/articles/thales-alenia-space-signs-500-103238816.html,"By Florence Loeve
PARIS, Sept 10 (Reuters) - Europe must ensure its countries' competing satellite programmes can work together effectively and do not duplicate each other, European Space Agency Dir… [+2472 chars]",,en,'Europe'
372,https://www.yahoo.com/news/articles/poland-says-expects-russia-target-150457279.html,0,www.yahoo.com,Poland says it expects Russia will target its border crossings with Ukraine,"BRATISLAVA, Sept 10 (Reuters) - Poland averted a threat to one of its border crossings with Ukraine overnight and expects its crossings will be targeted as M...",https://s.yimg.com/lo/mysterio/api/9eed38822a8c24f99269ac23a24e977c201b08013a2bb36260f0fded578b19af/lightyear_networkapi/resizefill_w800_h532%3Bquality_80%3Bformat_jpg/https%3A%2F%2Fmedia.zenfs.com%2Fen%2Freuters.com%2F0ba89d7807059c3fd3579168473dd15e.jpg,2026-09-10T15:04:57Z,http://web.archive.org/web/20260911055020/https://www.yahoo.com/news/articles/poland-says-expects-russia-target-150457279.html,"BRATISLAVA, Sept 10 (Reuters) - Poland averted a threat to one of its border crossings with Ukraine overnight and expects its crossings will be targeted as Moscow strikes trade routes to try to weake… [+1427 chars]",,en,'Poland'
373,https://uk.news.yahoo.com/zelenskiy-arriving-canada-says-air-064159148.html,0,uk.news.yahoo.com,Zelenskiy says Canada has agreed a big air defense package for Ukraine,"CALGARY, Alberta Sept 10 () - Canada will give Ukraine a ""very important package of air defense"" as ‌well as support for the energy industry, President ‌Volo...",https://s.yimg.com/lo/mysterio/api/54856771dcdfaa82e8628f845c12ec44f44b33bfe4a922842895cf1f5e5c3233/lightyear_networkapi/resizefill_w800_h533%3Bquality_80%3Bformat_jpg/https%3A%2F%2Fmedia.zenfs.com%2Fen%2Freuters.com%2Fb263a40fd290fba318fc6ad9abc3cf45.jpg,2026-09-10T15:33:38Z,http://web.archive.org/web/20260911045147/https://uk.news.yahoo.com/zelenskiy-arriving-canada-says-air-064159148.html,"CALGARY, Alberta Sept 10 (Reuters) - Canada will give Ukraine a ""very important package of air defense"" as well as support for the energy industry, President Volodymyr Zelenskiy said on Thursday ahea… [+1158 chars]",,en,'Ukraine'
374,https://www.huffpost.com/entry/israel-airstrike-gaza-kills-parents-children-medics_n_6aa2ce1fe4b0f1a7ac6927a9,0,www.huffpost.com,"Israeli Airstrike In Gaza Kills Parents And 2 Children, Medics Say","Israel has struck at least six homes across Gaza in the past two days, causing damage to nearby shelters and forcing many families to flee.",https://img.huffingtonpost.com/asset/6aa2cfaf3c0000c5154e6b8e.jpeg?cache=SQEM7XhmQe&ops=1200_630,2026-09-10T15:42:45Z,http://web.archive.org/web/20260911100155/https://www.huffpost.com/entry/israel-airstrike-gaza-kills-parents-children-medics_n_6aa2ce1fe4b0f1a7ac6927a9,"CAIRO, Sept 10 (Reuters) - An Israeli airstrike killed a man, his wife, and their two daughters, aged 8 and 12, in a house in the northern Gaza Strip on Thursday, health officials said, after the Isr… [+2787 chars]",,en,'Israel'
375,https://gcaptain.com/houthis-seize-mocha-tightening-grip-on-bab-el-mandeb-and-red-sea-shipping/,0,gcaptain.com,"Houthis Seize Mocha, Tightening Grip on Bab el-Mandeb and Red Sea Shipping","Iran-aligned Houthis seized control of Yemen's port city of Mocha on Thursday, military sources said, posing a further threat to global energy supplies hours after President Donald Trump said he expected the war to end after mid-term elections.",https://gcaptain.com/wp-content/uploads/2026/08/2026-08-03T073334Z_269669342_RC2RQMA1TKMQ_RTRMADP_3_IRAN-CRISIS-SHIPPING-800x518.jpg,2026-09-10T16:05:55Z,http://web.archive.org/web/20260910204312/https://gcaptain.com/houthis-seize-mocha-tightening-grip-on-bab-el-mandeb-and-red-sea-shipping/,"By Enas Alashray, Idrees Ali and Jana Choukeir
CAIRO/WASHINGTON/DUBAI, Sept 10 (Reuters) – Iran-aligned Houthis seized control of Yemen’s port city of Mocha on Thursday and advanced down the Red Sea… [+5375 chars]",,en,'Iran'
376,https://www.foxnews.com/world/fire-aboard-cargo-ship-undergoing-repairs-busy-chinese-port-leaves-25-people-dead-five-more-injured,0,www.foxnews.com,"Fire aboard cargo ship undergoing repairs at busy Chinese port leaves 25 people dead, five more injured","A cargo ship called the Ocean Melody caught fire during repairs at Qingdao port, killing 25 of the 42 people on board the Liberian-flagged vessel.",https://static.foxnews.com/foxnews.com/content/uploads/2026/09/ship-fire1.jpg,2026-09-10T16:45:54Z,http://web.archive.org/web/20260910180659/https://www.foxnews.com/world/fire-aboard-cargo-ship-undergoing-repairs-busy-chinese-port-leaves-25-people-dead-five-more-injured,"A cargo ship docked for repairs at a port on the northeastern coast of China caught fire Thursday, killing at least 25 people who were on board at the time, according to Chinese state media.
The shi… [+2110 chars]",,en,'Qingdao'
377,https://gcaptain.com/shipyard-fire-kills-25-aboard-bulk-carrier-in-china/,0,gcaptain.com,Shipyard Fire Kills 25 Aboard Bulk Carrier in China,"Twenty-five people died in a fire aboard a foreign cargo vessel undergoing repairs at a state-owned shipyard in the eastern Chinese city of Qingdao on Thursday, state media reported.",https://gcaptain.com/wp-content/uploads/2026/09/2026-09-10T134049Z_2008218310_RC2DGNAB960M_RTRMADP_3_CHINA-DISASTER-FIRE.jpg,2026-09-10T17:53:18Z,,"BEIJING, Sept 10 (Reuters) – Twenty-five people died in a fire aboard a foreign cargo vessel undergoing repairs at a state-owned shipyard in the eastern Chinese city of Qingdao on Thursday, state med… [+1493 chars]",,en,'Qingdao'
378,https://freerepublic.com/focus/f-chat/4394992/posts,0,freerepublic.com,EU Demands Female Mobilization-Russia Hits Kyiv Gas Stations-Kharkiv Front Collapses MS 2026.09.10,"This video describes the military situation in Ukraine on the 10th of September 2026 00:00 —  Introduction and key events overview 00:18 — ‍ Ukraine orders 150,000 women’s winter jackets — mobilization signal 00:57 —  SVR claims EU is demanding Ukrain…",,2026-09-10T18:29:32Z,,"Skip to comments.
EU Demands Female Mobilization-Russia Hits Kyiv Gas Stations-Kharkiv Front Collapses MS 2026.09.10Military Summary Channel ^
 | 10 Sep 26
 | Dima
Posted on 09/10/2026 11:29:32 A… [+3607 chars]",,en,'Ukraine'
379,https://www.aljazeera.com/video/newsfeed/2026/9/10/09-10-china-shipyard-fire-clip-mp4,0,www.aljazeera.com,Fire onboard ship at Chinese shipyard kills 25 people,At least 25 people were killed after a fire broke out aboard a ship at a shipyard in China.,https://www.aljazeera.com/wp-content/uploads/2026/09/image-1789066709.jpg?resize=1920%2C1080&quality=80,2026-09-10T18:59:21Z,,"At least 25 people were killed after a fire broke out aboard a Liberia-flagged ship while it was undergoing repairs at a shipyard in Qingdao, China. President Xi Jinping ordered a swift investigation… [+19 chars]",,en,'Qingdao'
380,https://slashdot.org/firehose.pl?op=view&amp;id=185592674,0,slashdot.org,"25 dead after cargo ship catches fire in China’s port, state media says - AP News","25 dead after cargo ship catches fire in China’s port, state media saysAP News Twenty-five dead after fire erupts on cargo ship in Qingdao, eastern China - state mediaBBC At least 25 dead after cargo ship catches fire in Chinese port, state media saysCNN 25 p…",,2026-09-10T19:12:46Z,http://web.archive.org/web/20160119174443/http://slashdot.org/firehose.pl?op=view,The Fine Print: The following comments are owned by whoever posted them. We are not responsible for them in any way.,,en,'Qingdao'
381,https://www.dailymail.com/news/article-16121697/dead-huge-blaze-cargo-ship-Chinese-port.html,0,www.dailymail.com,At least 25 dead after huge blaze breaks out on cargo ship in Chinese port,"The bulk carrier, moored in the shipping hub of Qingdao, had 42 people on board when the fire broke out at around 11.15am on Thursday, according to state media CCTV.",https://i.dailymail.com/1s/2026/09/10/20/111174135-0-image-a-6_1789067292744.jpg,2026-09-10T19:14:45Z,,"At least 25 people have died after a devastating blaze erupted on a foreign-flagged cargo ship docked in a Chinese port. 
The bulk carrier, moored in the shipping hub of Qingdao, had 42 people on bo… [+2768 chars]",,en,'Qingdao'
382,https://www.channelnewsasia.com/world/red-sea-houthis-advance-yemen-coast-saudi-oil-exports-6376816,0,www.channelnewsasia.com,"Houthis advance along Yemeni coast, threaten Saudi oil exports in the Red Sea","CAIRO: Iran-aligned Houthis seized control of Yemen's port city of Mocha on Thursday (Sep 10) and advanced down the Red Sea coast to strategic islands, military sources said, hours after President Donald Trump said he expected the Iran war","https://dam.mediacorp.sg/image/upload/s--LXJ3gdG3--/c_fill,g_auto,h_676,w_1200/fl_relative,g_south_east,l_mediacorp:cna:watermark:2024-04:reuters_1,w_0.1/f_auto,q_auto/v1/one-cms/core/2026-09-08T041913Z_1_LYNXMPEM87083_RTROPTP_3_IRAN-CRISIS-YEMEN-SAUDI.JPG?itok=W3Knf6aH",2026-09-10T23:21:07Z,http://web.archive.org/web/20260910235539/https://www.channelnewsasia.com/world/red-sea-houthis-advance-yemen-coast-saudi-oil-exports-6376816,"CAIRO: Iran-aligned Houthis seized control of Yemen's port city of Mocha on Thursday (Sep 10) and advanced down the Red Sea coast to strategic islands, military sources said, hours after President Do… [+2363 chars]",,en,'Red Sea'
383,https://pypi.org/project/fontpkg-cairo/3.130/,0,pypi.org,fontpkg-cairo 3.130,"Cairo font family, packaged for Python by fontpkg",,2026-09-11T01:05:04Z,,"A required part of this site couldnt load. This may be due to a browser
 extension, network issues, or browser settings. Please check your
 connection, disable any ad blockers, or try using a diffe… [+12 chars]",,en,'CAIRO'
384,https://www.globalresearch.ca/zelensky-overestimates-ukraine-chances-victory-russian-forces-advance/5940038,0,www.globalresearch.ca,Zelensky Overestimates Ukraine’s Chances of Victory as Russian Forces Advance,"Ukraine is losing the war, and Volodymyr Zelensky is living under an illusion about Ukraine’s chances of defeating Russia or even halting the slow, grinding advances, according to The Spectator. 
The report comes as United States President Donald Trump’s son-…",https://www.globalresearch.ca/wp-content/uploads/2026/08/ukraine-zelensky-1.jpeg,2026-09-11T02:08:30Z,,"Ukraine is losing the war, and Volodymyr Zelensky is living under an illusion about Ukraines chances of defeating Russia or even halting the slow, grinding advances, according to The Spectator. 
The… [+5395 chars]",,en,'CAIRO'
385,https://www.yahoo.com/news/articles/next-9-11-shock-might-040456948.html,0,www.yahoo.com,"Next 9/11 shock might be being planned where we're not looking, UK's MI5 chief says","LONDON, Sept 11 (Reuters) - Intelligence services must not dwell too much on past threats but accept that a new strategic shock along the lines of the 9/11 a...",https://s.yimg.com/lo/mysterio/api/c59fb7d1d6077999757b096a3f62868f36b5d6780402760d3a61b7f666fac085/lightyear_networkapi/resizefill_w800_h561%3Bquality_80%3Bformat_jpg/https%3A%2F%2Fmedia.zenfs.com%2Fen%2Freuters.com%2F6592aee1da165dffe56b626c7bfb92f8.jpg,2026-09-11T04:04:56Z,,"LONDON, Sept 11 (Reuters) - Intelligence services must not dwell too much on past threats but accept that a new strategic shock along the lines of the 9/11 attacks could already be in preparation whe… [+2000 chars]",,en,'LONDON'
386,https://www.businessinsider.com/ukrainian-drones-fly-2000-miles-fuel-plants-russian-arctic-2026-9,0,www.businessinsider.com,"Ukrainian drones flew almost 2,000 miles to hit fuel plants in the Russian Arctic",The strikes in the Yamal-Nenets Autonomous Okrug are the war's longest-range drone attacks carried out by Ukraine since the war began.,https://s.yimg.com/lo/mysterio/api/4c180f61ccf2c6d10bcd018383e46d5b4f11b1543db0ec50e6d081487fc808c9/lightyear_networkapi/resizefill_w1200%3Bquality_80%3Bformat_jpg/https%3A%2F%2Fmedia.zenfs.com%2Fen%2Fbusiness_insider_consolidated_articles_886%2F8474e62bc4932daafda2c99565acc5de.jpg,2026-09-11T05:57:37Z,http://web.archive.org/web/20260911185711/https://www.businessinsider.com/ukrainian-drones-fly-2000-miles-fuel-plants-russian-arctic-2026-9,"<ul><li>Ukraine used drones to strike Russian gas facilities some 2,000 miles away, a record for the war.
</li><li>The Russian governor of the attacked region said a fire had been started at one of … [+2453 chars]",,en,'Ukraine'
387,https://abcnews.com/International/wireStory/iran-backed-houthi-rebels-strategic-port-city-yemen-136336641,0,abcnews.com,"Iran-backed Houthi rebels take strategic port city in Yemen, raising threat to Red Sea shipping",The Iran-backed Houthi rebel group has taken control of Yemen's strategic Red Sea port city of Mokha,https://i.abcnewsfe.com/a/8091db08-e205-495a-8fc8-902d69b1e11a/wirestory_e4e799701b382799a955969c212800ea_16x9.jpg?w=1600,2026-09-11T06:42:44Z,http://web.archive.org/web/20260911153003/https://abcnews.com/International/wireStory/iran-backed-houthi-rebels-strategic-port-city-yemen-136336641,"ADEN, Yemen -- The Iran-backed Houthi rebel group on Thursday took over Yemens port city of Mokha, an area vital to controlling shipping through the Red Sea, Houthi and Yemeni officials said.
The ta… [+6195 chars]",,en,'Iran'
388,https://www.yahoo.com/news/world/articles/iran-seeks-end-saudi-blockade-072820876.html,0,www.yahoo.com,Iran seeks end to Saudi blockade of Yemen after Tehran-backed rebels take key port,"Iran's government on Friday called for an end to Saudi Arabia's blockade of Yemen and the immediate resumption of talks, in its first public statement since...",https://s.yimg.com/lo/mysterio/api/335c70d15cfc16bf55ae490633ecacc6997e6c2cca0c778d19140afe6e697e73/lightyear_networkapi/resizefill_w1200%3Bquality_80%3Bformat_jpg/https%3A%2F%2Fmedia.zenfs.com%2Fen%2Fap.org%2Fa6f1f6153f7700a1b4acfb02ac096f4d.jpg,2026-09-11T07:28:20Z,,"CAIRO (AP) Iran's government on Friday called for an end to Saudi Arabia's blockade of Yemen and the immediate resumption of talks, in its first public statement since Iran-backed Houthi rebels enter… [+2989 chars]",,en,'Yemen'
389,https://www.newser.com/story/396267/dozens-die-in-cargo-ship-fire.html,0,www.newser.com,Dozens Die in Cargo Ship Fire,"A blaze tore through a foreign-flagged cargo ship at a major Chinese port on Thursday, killing at least 25 people. The fire broke out around 11am aboard the Ocean Melody, a 620-foot Liberia-flagged bulk carrier docked for repairs at a shipyard in Qingdao, and…",https://cdn.newser.com/image/1711036-12-20260911033000.jpeg,2026-09-11T08:30:00Z,,"A blaze tore through a foreign-flagged cargo ship at a major Chinese port on Thursday, killing at least 25 people. The fire broke out around 11am aboard the Ocean Melody, a 620-foot Liberia-flagged b… [+267 chars]",,en,'Qingdao'
390,https://sputnikglobe.com/20260911/russia-liberates-novogrishino-in-donetsk-peoples-republic-and-zorevka-in-zaporozhye-region--mod-1124716117.html,0,sputnikglobe.com,Russia Liberates Novogrishino in Donetsk People’s Republic and Zorevka in Zaporozhye Region — MoD,"The Russian armed forces havetaken control of the settlement of Novogrishino in the Donetsk People's Republic (DPR), the Russian Defense Ministry said on Friday.",https://cdn1.img.sputnikglobe.com/images/sharing/article/eng/1124716117.jpg?11222718181789117520,2026-09-11T09:05:19Z,,"Russia's Special Operation in Ukraine
On February 24, 2022 Russia launched a special military operation in Ukraine, aiming to liberate the Donbass region where the people's republics of Donetsk and … [+5112 chars]",,en,'Russia'
391,https://www.rt.com/russia/645395-mirotvorets-website-racket-singer/,0,www.rt.com,Ukrainian ‘kill list’ Mirotvorets a racket – target,"Berlin-based Ukrainian singer Oleg Vinnik says he was offered a chance to have his name removed from the Mirotvorets site for $750,000 Read Full Article at RT.com",https://mf.b37mrtl.ru/files/2026.09/article/6aa3c5932030270d9703acb9.jpg,2026-09-11T09:55:22Z,,"A Ukrainian singer blacklisted by the notorious Mirotvorets site that doxes “enemies” of the country has claimed he was told to pay $750,000 to have his name removed.
The database, which claims it i… [+2709 chars]",,en,'Donbass'
392,https://finance.yahoo.com/news/anthropic-disrupts-russian-chinese-ai-202300682.html,0,finance.yahoo.com,"Anthropic disrupts bioweapons research efforts, Russian hacking, Chinese Claude misuse",Sept 10 (Reuters) - Anthropic broke up attempts to use its Claude models to develop biological weapons and carry out a suspected Russia-linked cyber espionag...,https://s.yimg.com/lo/mysterio/api/ac78ca6af57452baeca6266e8d7514cb184137d455c986a4f07842a5d45cad70/lightyear_networkapi/resizefill_w1200%3Bquality_80%3Bformat_webp/https%3A%2F%2Fmedia.zenfs.com%2Fen%2Freuters.com%2F1c6b9c69748d39e303fd7466656beef9.jpg,2026-09-11T10:12:02Z,,"By AJ Vicens and Eduardo Baptista
Sept 10 (Reuters) - Anthropic broke up attempts to use its Claude models to develop biological weapons and carry out a suspected Russia-linked cyber espionage campa… [+5402 chars]",,en,'Russia'
393,https://www.huffpost.com/entry/middle-east-tensions_n_6aa3d76fe4b0b2af35a60990,0,www.huffpost.com,Saudi Airstrikes Hit Yemen's Rebel-Held Mokha Airport As Houthis Take Island Near Key Strait,"The rebels’ capture of Mokha could boost Iran’s strategy of driving up world oil and gas prices to pressure the United States, experts say.",https://img.huffingtonpost.com/asset/6aa3d7703c00003e634e6c9d.jpeg?cache=gQhhMjxXCr&ops=1200_630,2026-09-11T10:38:24Z,http://web.archive.org/web/20260912030826/https://www.huffpost.com/entry/middle-east-tensions_n_6aa3d76fe4b0b2af35a60990,"CAIRO (AP) Yemens Iranian-backed Houthi rebels captured a strategic island in the Bab el-Mandeb Strait at the entrance of the Red Sea, two officials said Friday in a swift advance that further threat… [+5480 chars]",,en,'Iran'
394,https://www.fly4free.com/flight-deals/europe/canary-islands-costa-smeralda-from-savona/,0,www.fly4free.com, 11-day cruise from Italy to Madeira and the Canary Islands aboard new ship Costa Smeralda from €629 p.p.,"This is a very nice route for autumn as you start in the Mediterranean and gradually move towards warmer Atlantic islands where you can have a few days of sun and beaches after the cruise ends. The itinerary begins in Savona, visits Marseille, Barcelona, Mála…",https://assets.fly4free.com/wp-content/uploads/2026/09/smeralda3-800x596.png,2026-09-11T11:30:03Z,,This is a very nice route for autumn as you start in the Mediterranean and gradually move towards warmer Atlantic islands where you can have a few days of sun and beaches after the cruise ends. The i… [+5288 chars],,en,'Italy'
395,https://economictimes.indiatimes.com/news/defence/saudi-airstrikes-hit-yemens-rebel-held-mokha-airport-as-houthis-take-island-near-key-strait/articleshow/134063950.cms,0,economictimes.indiatimes.com,Saudi airstrikes hit Yemen's rebel-held Mokha airport as Houthis take island near key strait,"Yemen's Houthi rebels seized a strategic island in the Bab el-Mandeb Strait. This advance further threatens Saudi oil exports through a key global shipping lane. Saudi Arabia responded with airstrikes against the port city of Mokha, which the Houthis captured…","https://img.etimg.com/thumb/msid-134064058,width-1200,height-630,imgsize-28036,overlay-etdefence/articleshow.jpg",2026-09-11T11:35:58Z,http://web.archive.org/web/20260911152244/https://economictimes.indiatimes.com/news/defence/saudi-airstrikes-hit-yemens-rebel-held-mokha-airport-as-houthis-take-island-near-key-strait/articleshow/134063950.cms,"Cairo: Yemen's Iranian-backed Houthi rebels captured a strategic island in the Bab el-Mandeb Strait at the entrance of the Red Sea, two officials said Friday in a swift advance that further threatens… [+5598 chars]",,en,'Saudi Arabia'
396,https://www.dailymail.com/travel/article-16123063/The-worlds-best-airports-revealed-one-UK-entry-making-10-German-hub-nabbing-place.html,0,www.dailymail.com,The world's best airports revealed - with only one UK entry making the top 10 and a German hub nabbing first place,The World Consumer Airport Index 2026 by the Consumer Choice Center has revealed some of the best airports in the world.,https://i.dailymail.com/1s/2026/09/11/11/111187259-0-image-a-31_1789123581574.jpg,2026-09-11T11:49:06Z,,"2026 has been an incredibly tough year for air travel across the globe with passengers having to navigate conflict, frequently changing travel advisories and most recently, a huge technical failure w… [+8815 chars]",,en,'UK'
397,https://www.nbcnews.com/world/italy/emma-bonino-leader-abortion-divorce-battles-changed-italy-dies-rcna597204,0,www.nbcnews.com,"Emma Bonino, leader of abortion and divorce battles that changed Italy, dies at 78","Emma Bonino, who rose to political prominence as a leader of campaigns by the Radical Party that legalized abortion and divorce in the 1970s in heavily Roman Catholic Italy, against the objections of the Vatican, has died.","https://media-cldnry.s-nbcnews.com/image/upload/t_nbcnews-fp-1200-630,f_auto,q_auto:best/rockcms/2026-09/260911-bonino-3-rs-9af3ed.jpg",2026-09-11T13:04:46Z,http://web.archive.org/web/20260912052419/https://www.nbcnews.com/world/italy/emma-bonino-leader-abortion-divorce-battles-changed-italy-dies-rcna597204,"ROME Emma Bonino, who rose to political prominence as a leader of campaigns by the Radical Party that legalized abortion and divorce in the 1970s in heavily Roman Catholic Italy against the objection… [+6783 chars]",,en,'CAIRO'
398,https://abcnews.com/International/wireStory/emma-bonino-leader-abortion-divorce-battles-changed-italy-136358233,0,abcnews.com,"Emma Bonino, leader of abortion and divorce battles that changed Italy, dies at 78","Emma Bonino, a prominent Italian politician known for her work with the Radical Party, has died at 78",https://i.abcnewsfe.com/a/32d455b4-8e99-416d-adbf-4c63f13af115/wirestory_2f7abf0541386d7e14a980c98e4a07d6_16x9.jpg?w=1600,2026-09-11T13:49:12Z,http://web.archive.org/web/20260911155320/https://abcnews.com/International/wireStory/emma-bonino-leader-abortion-divorce-battles-changed-italy-136358233,"ROME -- Emma Bonino, who rose to political prominence as a leader of campaigns by the Radical Party that legalized abortion and divorce in the 1970s in heavily Roman Catholic Italy, against the objec… [+6385 chars]",,en,'CAIRO'
399,https://www.thenewhumanitarian.org/news/2026/09/11/uk-condemns-settler-terrorists-sudan-chemical-weapons-yemen-war-cheat-sheet,0,www.thenewhumanitarian.org,"UK condemns “settler terrorists”, Sudan’s chemical weapons exposed, and Yemen’s war escalates: The Cheat Sheet",A weekly read to keep you in the loop on humanitarian issues.,https://assets.irinnews.org/s3fs-public/styles/responsive_large/public/tnh-cheat_sheet-thumbnail.jpg?axxrhR1mRZqruMGlgVzlx69txNvhChzZ&itok=TZp-0OEv,2026-09-11T14:23:02Z,,"Our editors weekly take on humanitarian news, trends, and developments from around the globe.
On our radar
UK leads 12 countries in announcing major shift on Israeli settlements
Foreign Secretary … [+13367 chars]",,en,'Sudan'
400,https://www.rferl.org/a/russia-syria-return-to-bases-photo-exclusive-tartus/33852491.html,0,www.rferl.org,"Photo Exclusive: Russia Returns To Syria Bases, Contradicting 'Transfer' Claims","One month after the announcement that Russia’s bases in Syria would be “transferred” to Damascus, Russian military vessels have returned to the port of Tartus, exclusive images sourced by RFE/RL confirm.",https://gdb.rferl.org/e87de9e0-f9c8-48e9-e98f-08df0f42c51f_cx13_cy10_cw68_w1200_h630.jpg,2026-09-11T15:14:04Z,,"One month after the announcement that Russias bases in Syria would be transferred to Damascus, Russian military vessels have returned to the port of Tartus, exclusive images sourced by RFE/RL confirm… [+3407 chars]",,en,'russia'
401,https://www.un.org/sustainabledevelopment/?p=118711,0,www.un.org,"Press Release | UN Convening Explores the Future of AI, Human Development and Human Dignity","Press Release UN Convening Explores the Future of AI, Human Development and Human Dignity Fourth open conversation in the series to help shape discussions on AI during the 81st United Nations General Assembly Rome, Italy, 11 September 2026 – The United Nation…",https://www.un.org/sustainabledevelopment/wp-content/uploads/2019/08/E_SDG_logo_UN_emblem_square_trans_WEB.png,2026-09-11T15:58:31Z,,"Press Release
UN Convening Explores the Future of AI, Human Development and Human Dignity
Fourth open conversation in the series to help shape discussions on AI during the 81st United Nations Gener… [+4969 chars]",,en,'Rome'
402,https://www.skysports.com/football/news/11661/13584470/man-utd-vs-man-city-kings-of-manchester-hotly-debated-ahead-of-old-trafford-derby-showdown,0,www.skysports.com,Kings of Manchester: Who will reign when United and City clash?,Elliot Anderson called Manchester City the 'Kings of Manchester' but will United dethrone their local rivals at Old Trafford this weekend? <strong>Watch Man Utd vs Man City live on Sky Sports from 4pm on Sunday; kick-off 4.30pm. </strong>,https://e0.365dm.com/26/09/1600x900/skysports-carrick-maresca-united_7348189.png?20260911155510,2026-09-11T16:00:00Z,,"Manchester City have been ""the Kings of Manchester"".
That coronation came from City's £116m summer signing Elliot Anderson - and has been hotly debated in the build-up to the Manchester derby Super … [+6070 chars]",,en,'Manchester'
403,https://economictimes.indiatimes.com/opinion/et-commentary/india-a-vital-strategic-partner-says-egypt-president-calls-for-stronger-trade-via-suez-canal/articleshow/134085548.cms,0,economictimes.indiatimes.com,"India a vital strategic partner, says Egypt president; calls for stronger trade via Suez Canal",Egypt's President congratulates India on its BRICS presidency and highlights mutual cooperation.  The nation's strategic location offers significant trade and logistics advantages for Indian companies.  Egypt seeks to boost local manufacturing and technology …,"https://img.etimg.com/thumb/width-1200,height-900,imgsize-179022,resizemode-75,msid-134085548/opinion/et-commentary/india-a-vital-strategic-partner-says-egypt-president-calls-for-stronger-trade-via-suez-canal.jpg",2026-09-11T18:52:34Z,http://web.archive.org/web/20260912011651/https://economictimes.indiatimes.com/opinion/et-commentary/india-a-vital-strategic-partner-says-egypt-president-calls-for-stronger-trade-via-suez-canal/articleshow/134085548.cms,"As I visit New Delhi to participate in the 18th BRICS Summit, I congratulate India's assumption of the 2026 presidency, and commend its efforts to foster cooperation among member states at a time whe… [+4258 chars]",,en,'Egypt'
404,https://www.bbc.co.uk/iplayer/episode/m0031c41/golf-solheim-cup-2026-day-1-highlights?at_campaign=rss&at_medium=RSS,0,www.bbc.co.uk,Golf: Solheim Cup,"The opening day of the 2026 Solheim Cup as Europe take on the United States, with the event being played in the Netherlands. Team USA secured victory in the biennial contest two years ago.",https://ichef.bbci.co.uk/images/ic/1200x675/p0p941kd.jpg,2026-09-11T19:10:16Z,,"The opening day of the 2026 Solheim Cup as Europe take on the United States, with the event being played in the Netherlands. Team USA secured victory in the biennial contest two years ago. More",,en,'USA'
405,https://military.com/users-in-houthi-held-yemen-tried-to-develop-advanced-weapons-with-ai-anthropic-says,0,military.com,"Users in Houthi-Held Yemen Tried to Develop Advanced Weapons With AI, Anthropic Says","AI is already transforming warfare from Ukraine to Gaza, and its use on a remote battlefield is likely to increase concerns about its rapid spread.",https://static0.mltimages.com/wordpress/wp-content/uploads/2026/09/ap26253314185952.jpg?w=1600&h=900&fit=crop,2026-09-11T19:11:23Z,,"BEIRUT (AP) Anthropic says Claude users in northern Yemen, territory controlled by Iran-backed Houthi rebels, tried to use the AI model to develop advanced missiles.
AI is already transforming warfa… [+4804 chars]",,en,'Ukraine'
406,https://punchng.com/enugu-rangers-win-caf-champions-league-shootout/,0,punchng.com,Enugu Rangers win CAF Champions League shootout,"Nigerian club Enugu Rangers scraped into the second qualifying round of the CAF Champions League on Friday by beating Benin outfit AS Sobemap 5-4 on penalties. The shootout followed a second 1-1 draw between the teams, this time in Togo capital Lome because B…",https://cdn.punchng.com/wp-content/uploads/2026/09/07001147/CAF-CL_1788736307.webp,2026-09-11T22:09:57Z,http://web.archive.org/web/20260912003743/https://punchng.com/enugu-rangers-win-caf-champions-league-shootout/,"Nigerian club Enugu Rangers scraped into the second qualifying round of the CAF Champions League on Friday by beating Benin outfit AS Sobemap 5-4 on penalties.
The shootout followed a second 1-1 dra… [+1112 chars]",,en,'Lome'
https://consent.yahoo.com/v2/collectConsent?sessionId=1_cc-session_05bdf642-eed1-415f-ade4-1eb100355091,https://consent.yahoo.com/v2/collectConsent?sessionId=1_cc-session_05bdf642-eed1-415f-ade4-1eb100355091,0,consent.yahoo.com,"Putin says events in Europe, like AfD's win in Germany, caused by Western globalists",,,2026-09-11T23:22:02Z,,"If you click 'Accept all', we and our partners, including 252 who are part of the IAB Transparency &amp; Consent Framework, will also store and / or access information on a device (in other words, us… [+1046 chars]",,en,'Germany'
407,https://punchng.com/help-ive-suffered-enough-assault-in-egypt-20-year-old-nigerian-lady/,0,punchng.com,Help! I’ve suffered enough assault in Egypt — 20-year-old Nigerian lady,"Twenty-year-old Delta State indigene, Emmanuella Omah, tells BIODUN BUSARI about how she left Nigeria to work as a house help in Egypt, only to find herself suffering physical assault, verbal abuse and emotional trauma from her employers. What made you travel…",https://cdn.punchng.com/wp-content/uploads/2026/09/11210315/Emmanuella_1789156995-846x630.webp,2026-09-11T23:35:09Z,http://web.archive.org/web/20260912015017/https://punchng.com/help-ive-suffered-enough-assault-in-egypt-20-year-old-nigerian-lady/,"Twenty-year-old Delta State indigene, Emmanuella Omah, tells BIODUN BUSARI about how she left Nigeria to work as a house help in Egypt, only to find herself suffering physical assault, verbal abuse a… [+10906 chars]",,en,'Egypt'
408,https://economictimes.indiatimes.com/industry/transportation/shipping-/-transport/houthis-seize-strategic-red-sea-island-raising-fresh-threat-to-saudi-oil-exports/articleshow/134087216.cms,0,economictimes.indiatimes.com,"Houthis seize strategic Red Sea island, raising fresh threat to Saudi oil exports","Iran-backed Houthi rebels have captured Yemen’s Perim island in the Bab el-Mandeb Strait, according to officials from both sides, potentially tightening their grip on a crucial Red Sea shipping route. The development comes as Saudi Arabia relies more heavily …","https://img.etimg.com/thumb/msid-134087284,width-1200,height-630,imgsize-87962,overlay-economictimes/articleshow.jpg",2026-09-12T00:00:00Z,,"Aden|Dubai|Cairo: Yemen's Iran-backed Houthi rebels captured a strategic island in the Bab el-Mandeb Strait at the entrance of the Red Sea, two officials said on Friday. The swift advance further thr… [+1390 chars]",,en,'Yemen'
409,https://sputnikglobe.com/20260912/european-troops-in-ukraine-would-mean-war-with-russia--putin-1124720030.html,0,sputnikglobe.com,European Troops in Ukraine Would Mean War With Russia — Putin,"Russian President Vladimir Putin slammed Europe’s escalating anti-Russian course, stressing that Russia has never threatened European countries and has no reason to seek conflict with them.",https://cdn1.img.sputnikglobe.com/images/sharing/article/eng/1124720030.jpg?11246842151789186749,2026-09-12T04:19:09Z,http://web.archive.org/web/20260912061106/https://sputnikglobe.com/20260912/european-troops-in-ukraine-would-mean-war-with-russia--putin-1124720030.html,"Russia's Special Operation in Ukraine
On February 24, 2022 Russia launched a special military operation in Ukraine, aiming to liberate the Donbass region where the people's republics of Donetsk and … [+1929 chars]",,en,'russia'
410,https://sputnikglobe.com/20260912/western-globalist-elites-to-blame-for-ukraine-tragedy--putin-1124720295.html,0,sputnikglobe.com,Western Globalist Elites to Blame for Ukraine Tragedy — Putin,"Russian President Vladimir Putin said the current crisis in Ukraine was provoked by years of Western pressure, culminating in attempts to draw Ukraine into NATO after the 2014 coup.",https://cdn1.img.sputnikglobe.com/images/sharing/article/eng/1124720295.jpg?11245039811789187493,2026-09-12T04:31:33Z,,"Russia's Special Operation in Ukraine
On February 24, 2022 Russia launched a special military operation in Ukraine, aiming to liberate the Donbass region where the people's republics of Donetsk and … [+1747 chars]",,en,'Ukraine'
411,https://me.pcmag.com/en/mobile-phones/38034/samsung-trolls-apple-by-hiring-tim-cook-to-endorse-galaxy-z-fold-8,0,me.pcmag.com,Samsung Trolls Apple by Hiring 'Tim Cook' to Endorse Galaxy Z Fold 8,"Samsung takes aim at Apple's iPhone Duo with a new ad featuring Tim Cook...from New Zealand, not the former Apple CEO.
Samsung is responding to the iPhone Duo by circulating a cheeky ad that features a “Tim Cook” endorsing the Galaxy Fold Z 8—except it’s not …",https://sm.pcmag.com/t/pcmag_me/news/s/samsung-tr/samsung-trolls-apple-by-hiring-tim-cook-to-endorse-galaxy-z_z3jj.1200.jpg,2026-09-12T05:00:15Z,,"Samsung is responding to the iPhone Duo by circulating a cheeky ad that features a Tim Cook endorsing the Galaxy Fold Z 8except its not former Apple CEO Tim Cook.
Instead, the Samsung ad stars Tim C… [+1782 chars]",,en,'New Zealand'
412,https://sputnikglobe.com/20260912/russia-launches-massive-overnight-strike-on-ukrainian-military-linked-facilities--mod-1124722155.html,0,sputnikglobe.com,Russia Launches Massive Overnight Strike on Ukrainian Military-Linked Facilities — MoD,"MOSCOW (Sputnik) - The Russian armed forces carried out a massive strike overnight, hitting metallurgical plants in Zaporozhye, Dnepropetrovsk and Krivoy Rog that supply Ukrainian forces, the Russian Defense Ministry said on Saturday.",https://cdn1.img.sputnikglobe.com/images/sharing/article/eng/1124722155.jpg?11245453231789197884,2026-09-12T07:21:31Z,,"Russia's Special Operation in Ukraine
On February 24, 2022 Russia launched a special military operation in Ukraine, aiming to liberate the Donbass region where the people's republics of Donetsk and … [+6174 chars]",,en,'Russia'
413,https://www.yahoo.com/news/world/articles/3-killed-russian-strikes-ukraine-091438530.html,0,www.yahoo.com,8 killed in Russian strikes on Ukraine as Putin warns Europe against sending troops,"Russian strikes killed eight civilians and wounded dozens of other people in Ukraine, local officials said Saturday, after Russian President Vladimir Putin w...",https://s.yimg.com/lo/mysterio/api/bb982716ff1e1d33ffd4bd43aac4c6f85947d46f2e9e06af4715643b8ca392f8/lightyear_networkapi/resizefill_w1200%3Bquality_80%3Bformat_jpg/https%3A%2F%2Fmedia.zenfs.com%2Fen%2Fap.org%2F01b50e4ae2125200e592eaa393717e02.jpg,2026-09-12T09:14:38Z,http://web.archive.org/web/20260913135439/https://www.yahoo.com/news/world/articles/3-killed-russian-strikes-ukraine-091438530.html,"KYIV, Ukraine (AP) Russian strikes killed eight civilians and wounded dozens of other people in Ukraine, local officials said Saturday, after Russian President Vladimir Putin warned that sending Euro… [+3667 chars]",,en,'Ukraine'
414,https://www.businessinsider.com/miss-usa-2026-changes-fan-voting-pageant-2026-9#article,0,www.businessinsider.com,Miss USA contestants sold vacation packages and asked fans to buy votes. It's the CEO's latest effort to stay relevant.,"The Miss USA 2026 pageant featured a series of changes, including an emphasis on fans paying for votes and contestants selling vacation packages.",https://i.insider.com/6aa4377f9b8974787b1cb1e0?width=1200&format=jpeg,2026-09-12T09:32:01Z,http://web.archive.org/web/20260917215357/https://www.businessinsider.com/miss-usa-2026-changes-fan-voting-pageant-2026-9,"The 2,400-seat Miami theater lit up like a Coldplay concert when the QR code dropped at the Miss USA pageant. A sea of phones held up by supportive parents, partners, and past pageant queens trained … [+17194 chars]",,en,'USA'
415,https://www.bbc.co.uk/sport/football/articles/cj9x7e40gr2o,0,www.bbc.co.uk,'I've turned the page' - Camara on Chelsea deal collapse,Monaco and Senegal midfielder Lamine Camara says he is moving on from his failed £47.1m move to Chelsea.,https://ichef.bbci.co.uk/ace/branded_sport/1200/cpsprodpb/8dae/live/e26c1510-ae8a-11f1-b92e-1f49080ec3cb.jpg,2026-09-12T10:07:36Z,,"Monaco midfielder Lamine Camara says he has ""turned the page"" and is focusing on the Ligue 1 season after his £47.1m move to Chelsea collapsed.
The 22-year-old had completed a medical but the deal f… [+1217 chars]",,en,'Monaco'
https://www.cnn.com/2026/09/12/travel/travel-news-relocation-greece-portugal-switzerland,https://www.cnn.com/2026/09/12/travel/travel-news-relocation-greece-portugal-switzerland,0,www.cnn.com,"Portugal, Greece or Switzerland? Americans on the pros and cons of moving to Europe","In our roundup of travel news this week, what five Americans discovered when they left the States for new lives in Europe. Plus Mongolian throat singing, Por...",https://s.yimg.com/lo/mysterio/api/7bb3563ac8fb2f33ed7157afbaa6bc03c123b137aa91fc7c553f2222b5cb7a77/lightyear_networkapi/resizefill_w1200%3Bquality_80%3Bformat_jpg/https%3A%2F%2Fmedia.zenfs.com%2Fen%2Fcnn_articles_875%2F30eaa0750781d5df34a6e25783882ded.jpg,2026-09-12T11:00:29Z,,"Sign up for Unlocking the World, CNN Travel's weekly newsletter. Get news about destinations, plus the latest in aviation, food and drink, and where to stay.
In our roundup of travel news this week,… [+4783 chars]",,en,'Switzerland'
https://www.businessinsider.com/mom-let-teenage-daughter-fly-home-alone-europe-2026-9#article,https://www.businessinsider.com/mom-let-teenage-daughter-fly-home-alone-europe-2026-9#article,0,www.businessinsider.com,"I let my 15-year-old fly home alone from Europe. It didn't go smoothly, but I'm still glad she earned the independence.","I booked an extended family trip to Spain, but my teenage daughter complained it was too long. I reluctantly agreed to let her fly home alone.",https://i.insider.com/6aa1918ccc23a829a3b8f5ab?width=1200&format=jpeg,2026-09-12T11:47:01Z,http://web.archive.org/web/20260920215007/https://www.businessinsider.com/mom-let-teenage-daughter-fly-home-alone-europe-2026-9,"The author (right) allowed her teenage daughter to fly home from Spain by herself.Courtesy of Jamie Davis Smith
<ul><li>When I booked an extended-family trip to Europe, my teenage daughter complaine… [+5040 chars]",,en,'Europe'
416,https://www.globalsecurity.org/military/library/news/2026/09/mil-260912-globaltimes01.htm,0,www.globalsecurity.org,"China discovers large deep-sea mineral deposit with high gold, silver content","Chinese researchers have discovered a large high-temperature active hydrothermal field in the western Pacific, with preliminary findings showing that the potential polymetallic sulfide resources in the area could reach the level of world-class seafloor deposi…",,2026-09-12T12:00:00Z,http://web.archive.org/web/20260914095347/https://www.globalsecurity.org/military/library/news/2026/09/mil-260912-globaltimes01.htm,"Global Times
By Global Times Published: Sep 12, 2026 12:30 AM
Chinese researchers have discovered a large high-temperature active hydrothermal field in the western Pacific, with preliminary finding… [+3431 chars]",,en,'Qingdao'
417,https://sputnikglobe.com/20260912/russian-strike-damages-dry-cargo-ship-delivering-military-aid-to-ukraine-in-odessa-port---mod-1124728987.html,0,sputnikglobe.com,Russian Strike Damages Dry Cargo Ship Delivering Military Aid to Ukraine in Odessa Port - MoD,"A dry cargo ship that delivered military-purpose cargo to supply the Ukrainian military has been hit as a result of strikes on the port of Odessa, the Russian Ministry of Defense reported on Saturday.",https://cdn1.img.sputnikglobe.com/images/sharing/article/eng/1124728987.jpg?11221653311789227444,2026-09-12T15:37:24Z,,"Russia's Special Operation in Ukraine
On February 24, 2022 Russia launched a special military operation in Ukraine, aiming to liberate the Donbass region where the people's republics of Donetsk and … [+1602 chars]",,en,'Odessa'
418,https://www.bbc.co.uk/news/articles/c62ene9kr71o,0,www.bbc.co.uk,Russians seek answers over hundreds missing after Ukraine's 2024 incursion,"Officials say more than 300 Russians remain missing after the 2024 Kursk offensive, but no-one really knows the true figure.",https://ichef.bbci.co.uk/ace/branded_news/1200/cpsprodpb/d027/live/be384650-ae03-11f1-a8b6-3d61421c71fa.jpg,2026-09-12T23:51:05Z,,"The head of one local village council, Yuri Tkachev, was among volunteers who went to retrieve the bodies of civilians, from the streets or from nearby fields.
""It's hard for people to know or rathe… [+2088 chars]",,en,'Ukraine'
https://www.cnn.com/2026/09/13/middleeast/israel-sanctions-allies-relations-intl,https://www.cnn.com/2026/09/13/middleeast/israel-sanctions-allies-relations-intl,0,www.cnn.com,"An ambassador in Ljubljana, but not in London: Israel’s foreign policy shifts away from longstanding allies","As traditional partners in Western Europe lose patience with the settlement expansion and surging violence in the West Bank, Israel is cultivating ties elsew...",https://s.yimg.com/lo/mysterio/api/af500d5a714e8a006b9b5e61c58a418e744cd39a0f9ec6386eb61d80c9914946/lightyear_networkapi/resizefill_w960_h540%3Bquality_80%3Bformat_jpg/https%3A%2F%2Fmedia.zenfs.com%2Fen%2Fcnn_articles_875%2F68a84c3c1216712bf6fdb931e146331d.jpg,2026-09-13T04:01:29Z,http://web.archive.org/web/20260921041337/https://www.cnn.com/2026/09/13/middleeast/israel-sanctions-allies-relations-intl,"Gideon Saar smiled as he cut the blue ribbon outside the newly inaugurated embassy of Nauru in Jerusalem. Israel's foreign minister described the tiny Pacific island nation of some 12,000 people as ""… [+7075 chars]",,en,'Ljubljana'
419,https://www.aljazeera.com/video/newsfeed/2026/9/13/olympic-flame-arrives-in-senegal-for-first-ever-olympic-event-in-africa,0,www.aljazeera.com,Olympic flame arrives in Senegal for first ever Olympic event in Africa,Olympic flame arrives in Senegal for first ever Olympic event in Africa,https://www.aljazeera.com/wp-content/uploads/2026/09/Senegal-1789285691.jpg?resize=1800%2C1063,2026-09-13T07:48:22Z,http://web.archive.org/web/20260913191109/https://www.aljazeera.com/video/newsfeed/2026/9/13/olympic-flame-arrives-in-senegal-for-first-ever-olympic-event-in-africa,The Olympic flame arrived in Senegal as the country begins a countdown to the first ever Olympic event held in Africa the Youth Olympic Games in October.,,en,'Senegal'
420,https://sputnikglobe.com/20260913/russian-forces-liberate-chernyakov-settlement-in-kharkov-region-1124732470.html,0,sputnikglobe.com,Russian Forces Liberate Chernyakov Settlement in Kharkov Region,"MOSCOW (Sputnik) - The Russian army has liberated the village of Chernyakov in the Khrakov region, the Russian Ministry of Defense said on Sunday.",https://cdn1.img.sputnikglobe.com/images/sharing/article/eng/1124732470.jpg?11208835421789291504,2026-09-13T09:25:04Z,,"Russia's Special Operation in Ukraine
On February 24, 2022 Russia launched a special military operation in Ukraine, aiming to liberate the Donbass region where the people's republics of Donetsk and … [+2758 chars]",,en,'MOSCOW'
421,https://korybko.substack.com/p/heres-how-china-and-india-can-meaningfully,0,korybko.substack.com,Here’s How China and India Can Meaningfully Help End the Ukrainian Conflict,"Agreeing to dispatch their peacekeepers, particularly to the part of Donbass from which Ukraine might withdraw and the rest of the frontline at minimum, could be the spark required for moving the stalled peace process along and finally placing the conflict on…","https://substackcdn.com/image/fetch/$s_!VoEw!,w_1200,h_675,c_fill,f_jpg,q_auto:good,fl_progressive:steep,g_auto/https%3A%2F%2Fsubstack-post-media.s3.amazonaws.com%2Fpublic%2Fimages%2F125cae98-9d0e-4d57-a204-f760299d36e9_800x600.jpeg",2026-09-13T13:17:57Z,,"Agreeing to dispatch their peacekeepers, particularly to the part of Donbass from which Ukraine might withdraw and the rest of the frontline at minimum, could be the spark required for moving the sta… [+3670 chars]",,en,'India'
422,https://sputnikglobe.com/20260913/russian-forces-keep-crippling-ukraines-military-logistics-1124733766.html,0,sputnikglobe.com,Russian Forces Keep Crippling Ukraine's Military Logistics,"Russian forces have continued striking railway infrastructure facilities in western Ukraine used to transport military cargo from Europe, the Russian Ministry of Defense reported on Sunday.",https://cdn1.img.sputnikglobe.com/images/sharing/article/eng/1124733766.jpg?11221606711789313713,2026-09-13T15:35:13Z,,"Russia's Special Operation in Ukraine
On February 24, 2022 Russia launched a special military operation in Ukraine, aiming to liberate the Donbass region where the people's republics of Donetsk and … [+1258 chars]",,en,'Donbass'
423,https://www.bbc.co.uk/news/articles/cy5zg41dkqwo,0,www.bbc.co.uk,Russia struck train near Poland border shortly after Boris Johnson and top European officials passed through,"The former UK PM said ""I don't know what warped logic drove Putin to blow up a stationary Ukrainian locomotive on the Polish border this morning"".",https://ichef.bbci.co.uk/ace/branded_news/1200/cpsprodpb/4a80/live/d8574930-af8b-11f1-913a-7151f234deb3.jpg,2026-09-13T16:05:41Z,,"A Russian strike has hit a train near the Ukraine-Poland border shortly after former UK Prime Minister Boris Johnson and other top European officials had passed through.
No casualties were reported … [+1407 chars]",,en,'UK'
https://thenextweb.com/news/transformative-ai-strategy-europe-aghion-vestager-15-percent-compute,https://thenextweb.com/news/transformative-ai-strategy-europe-aghion-vestager-15-percent-compute,0,thenextweb.com,A Nobel laureate and a former EU commissioner say Europe has one year to act on AI,"Europe runs about five percent of the world’s AI data centre capacity. A group of senior European economists, policymakers and computer scientists has now put a figure on where it should be by 2030. Fifteen percent, which means building three times what exist…",https://media.thenextweb.com/2026/09/European-Commission.jpg,2026-09-14T00:00:26Z,,"Europe runs about five percent of the worlds AI data centre capacity. A group of senior European economists, policymakers and computer scientists has now put a figure on where it should be by 2030.
… [+3604 chars]",,en,'Europe'
424,https://www.bbc.co.uk/news/videos/cx2z5gjj838o,0,www.bbc.co.uk,Watch: Why a Russian strike on train near Ukraine-Poland border could mark an escalation,No casualties were reported after a Russian drone struck a train shortly after Boris Johnson and top European officials left the area.,https://ichef.bbci.co.uk/ace/branded_news/1200/cpsprodpb/29e5/live/9a18ba50-afd6-11f1-bc1f-3f186ca4140c.jpg,2026-09-14T01:12:20Z,,"A Russian drone struck a train near the Ukraine-Poland border shortly after the former UK Prime Minister Boris Johnson and top European security officials had passed through.
No casualties were repo… [+451 chars]",,en,'Ukraine'
425,https://www.bbc.co.uk/news/articles/ckg0j232w7ko,0,www.bbc.co.uk,Restored wetland becomes haven for rare birds,"Woolston Eyes, near Warrington, is home to the largest black-necked grebe population in the UK.",https://ichef.bbci.co.uk/ace/branded_news/1200/cpsprodpb/8646/live/ec0829e0-ab99-11f1-b26f-1588b95519ec.jpg,2026-09-14T05:08:53Z,http://web.archive.org/web/20260915102331/https://www.bbc.co.uk/news/articles/ckg0j232w7ko,"A restored wetland in Cheshire is now home to almost two-thirds of the UK's breeding black-necked grebes, one of the country's rarest breeding birds.
Woolston Eyes, near Warrington, was previously a… [+493 chars]",,en,'UK'
426,https://sputnikglobe.com/20260914/russias-new-dan-t-drone-launched-hundreds-of-times-during-operation-in-ukraine---rostec-1124735708.html,0,sputnikglobe.com,Russia's New Dan-T Drone Launched Hundreds of Times During Operation in Ukraine - Rostec,"MOSCOW (Sputnik) - Hundreds of combat launches of Russia's new Dan-T drone have already been carried out during the special military operation, and the munition is demonstrating high effectiveness, Bekkhan Ozdoev, the industrial director of the armaments, amm…",https://cdn1.img.sputnikglobe.com/images/sharing/article/eng/1124735708.jpg?10813819841789370295,2026-09-14T07:18:15Z,,"Russia's Special Operation in Ukraine
On February 24, 2022 Russia launched a special military operation in Ukraine, aiming to liberate the Donbass region where the people's republics of Donetsk and … [+2741 chars]",,en,'Ukraine'
427,https://sputnikglobe.com/20260914/russia-hits-ukraine-troops-temporary-deployment-points-in-kharkov-sumy-regions-1124735855.html,0,sputnikglobe.com,"Russia Hits Ukraine Troops' Temporary Deployment Points in Kharkov, Sumy Regions","MOSCOW (Sputnik) - The Russian aerospace forces have destroyed temporary deployment points of the Ukrainian armed forces in the Kharkov and Sumy regions using FAB‑500 aerial bombs and missiles, the Russian Defense Ministry said on Monday.",https://cdn1.img.sputnikglobe.com/images/sharing/article/eng/1124735855.jpg?11245993391789373631,2026-09-14T08:13:50Z,,"Russia's Special Operation in Ukraine
On February 24, 2022 Russia launched a special military operation in Ukraine, aiming to liberate the Donbass region where the people's republics of Donetsk and … [+2892 chars]",,en,'Russia'
428,https://finance.yahoo.com/economy/policy/articles/companies-left-china-dodge-tariffs-075131494.html,0,finance.yahoo.com,Companies left China to dodge tariffs. Now some are heading back,"By Ellen Zhang and Marius Zaharia BEIJING/HONG KONG, Sept 14 (Reuters) - A year after shifting production and sourcing out of China to avoid higher U.S. tari...",https://s.yimg.com/lo/mysterio/api/3202c57322394c51717fd6b639c0dd41f626eb1a76072a25995cf7ecd38fa63c/lightyear_networkapi/resizefill_w1200%3Bquality_80%3Bformat_webp/https%3A%2F%2Fmedia.zenfs.com%2Fen%2Freuters.com%2F5c739327637cceaf8796da67d5b7381a.jpg,2026-09-14T08:17:43Z,http://web.archive.org/web/20260914110434/https://finance.yahoo.com/economy/policy/articles/companies-left-china-dodge-tariffs-075131494.html,"By Ellen Zhang and Marius Zaharia
BEIJING/HONG KONG, Sept 14 (Reuters) - A year after shifting production and sourcing out of China to avoid higher U.S. tariffs, some companies are learning that rep… [+5318 chars]",,en,'Qingdao'
https://www.eurobirdportal.org/ebp/en/,https://www.eurobirdportal.org/ebp/en/,0,www.eurobirdportal.org,EuroBirdPortal – Live bird movements across Europe,"Unraveling European-wide spatiotemporal patterns of bird distribution. Mobilizing 100,000 volunteer birdwatchers and 30 millions of new bird records every year to unravel European-wide spatiotemporal patterns of bird distribution",http://eurobirdportal.org/img/preview-2.png,2026-09-14T08:25:47Z,,"LIVE maps show data from the last or the previous last 52 weeks.
Despite most EBP data (99%) is updated daily, some online portals still submit their data at longer intervals and, therefore,
the ar… [+2327 chars]",,en,'Europe'
429,https://economictimes.indiatimes.com/news/economy/foreign-trade/from-india-to-vietnam-why-some-firms-are-rethinking-the-china-plus-one-strategy/articleshow/134236777.cms,0,economictimes.indiatimes.com,From India to Vietnam: Why some firms are rethinking the China-plus-one strategy,Companies are bringing manufacturing back to China after facing difficulties abroad. Replicating China's factory ecosystem and skilled labor proves challenging for many firms. Overseas supply gaps and production constraints are prompting this manufacturing sh…,"https://img.etimg.com/thumb/msid-134236909,width-1200,height-630,imgsize-197552,overlay-economictimes/articleshow.jpg",2026-09-14T08:31:14Z,http://web.archive.org/web/20260914102819/https://economictimes.indiatimes.com/news/economy/foreign-trade/from-india-to-vietnam-why-some-firms-are-rethinking-the-china-plus-one-strategy/articleshow/134236777.cms,"Beijing/Hong Kong: A year after shifting production and sourcing out of China to avoid higher U.S. tariffs, some companies are learning that replicating the country's factory ecosystem is not so easy… [+5148 chars]",,en,'India'
430,https://www.businessinsider.com/china-spy-chief-beijing-ai-regulation-biggest-risks-2026-9#article,0,www.businessinsider.com,China’s intelligence chief just gave a revealing glimpse into what Beijing fears most about AI,"China's spy chief Chen Yixin has outlined six major risks AI poses to China, as a heated debate over AI doom plays out in the West.",https://i.insider.com/6aa79413cc23a829a3b90f2d?width=1200&format=jpeg,2026-09-14T08:34:48Z,http://web.archive.org/web/20260915211256/https://www.businessinsider.com/china-spy-chief-beijing-ai-regulation-biggest-risks-2026-9,"Xi Jinping.Evan Vucci-Pool/Getty Images
<ul><li>China's spy chief offered a rare look at what Beijing sees as AI's biggest risks.</li><li>Chen Yixin identified six major AI risks for China in a jour… [+3538 chars]",,en,'China'
431,https://fuckingyoung.es/robi-and-aron-piper-explore-what-remains-after-goodbye-in-de-sueno-en-sueno/,0,fuckingyoung.es,ROBI and Aron Piper Explore What Remains After Goodbye in “De Sueño En Sueño”,"ROBI, one of the voices shaping the new generation of Puerto Rican pop, has teamed up with actor and singer Aron Piper on ""De Sueño En Sueño,"" a collaboration connecting Puerto Rico and Spain.
The post ROBI and Aron Piper Explore What Remains After Goodbye in…",https://fuckingyoung.es/wp-content/uploads/2026/09/DSCF1385.jpg,2026-09-14T10:00:10Z,,"Eckhaus Latta celebrated its 15th anniversary with Making More Friends at New York Fashion Week.
Patricio Campillo presented his Spring/Summer 2027 collection, In Medias Res, in New York City.
ROBI… [+4057 chars]",,en,'Port of Spain'
432,https://sputnikglobe.com/20260914/russia-liberates-shirokoe-and-shevchenkovo-in-kharkov-region-1124736268.html,0,sputnikglobe.com,Russia Liberates Shirokoe and Shevchenkovo in Kharkov Region,"MOSCOW (Sputnik) - The Russian armed forces have taken control of the settlements of Shirokoe and Shevchenkovo in the Kharkov region, the Russian Defense Ministry said on Monday.",https://cdn1.img.sputnikglobe.com/images/sharing/article/eng/1124736268.jpg?11245453231789380344,2026-09-14T10:05:42Z,,"Russia's Special Operation in Ukraine
On February 24, 2022 Russia launched a special military operation in Ukraine, aiming to liberate the Donbass region where the people's republics of Donetsk and … [+3360 chars]",,en,'MOSCOW'
433,https://thealviator.com/2026/09/iberia-a330-economy-review/,0,thealviator.com,Review: Iberia A330 Economy Class (LHR-MAD),"A review of Iberia's A330 economy on the 2h 25m flight from London (LHR) to Madrid (MAD), including their delicious buy-on-board service.",https://thealviator.com/wp-content/uploads/2026/08/IMG_8154-1024x768.jpeg,2026-09-14T11:25:12Z,,"<table><tr><td>THE ALVIATOR'S VERDICTWith longhaul economy seats, AC power ports, good WiFi, and extraordinary buy-on-board food options, intra-European flights don't get much better than this. I've … [+20991 chars]",,en,'London'
https://ca.news.yahoo.com/germany-says-halting-ai-development-113207680.html,https://ca.news.yahoo.com/germany-says-halting-ai-development-113207680.html,0,ca.news.yahoo.com,"Germany says halting AI development not viable, calls for US, China involvement","BERLIN, Sept 14 (Reuters) - Germany does not see stopping the development of AI as a viable option for Europe, the digital affairs ministry said on Monday, r...",https://s.yimg.com/lo/mysterio/api/f6cd8d84b5f46e3a83642c805c8679566619d8671006cc66ed4ace48c76d20ee/lightyear_networkapi/resizefill_w800_h533%3Bquality_80%3Bformat_jpg/https%3A%2F%2Fmedia.zenfs.com%2Fen%2Freuters.com%2Fe116ed23a5c8dd2795ac0d307d02a695.jpg,2026-09-14T11:32:07Z,http://web.archive.org/web/20260914141710/https://ca.news.yahoo.com/germany-says-halting-ai-development-113207680.html,"BERLIN, Sept 14 (Reuters) - Germany does not see stopping the development of AI as a viable option for Europe, the digital affairs ministry said on Monday, responding to calls from leading developers… [+1192 chars]",,en,'Germany'
434,https://www.prnewswire.com/news-releases/hisense-introduces-roamview-a-screen-that-moves-with-the-way-you-live-302877260.html,0,www.prnewswire.com,"Hisense Introduces RoamView, A Screen That Moves with the Way You Live","QINGDAO, China, Sept. 14, 2026 /PRNewswire/ -- Hisense, a leading brand in global consumer electronics and home appliances, today introduced RoamView, the newest addition to its Lifestyle Series, designed to solve a simple challenge of modern living: the best…",https://mmx.prnewswire.com/media/MS1987138/20260913223058EDT_image_1.jpg?id=OA2945269&p=facebook,2026-09-14T12:30:00Z,,"QINGDAO, China, Sept. 14, 2026 /PRNewswire/ -- Hisense, a leading brand in global consumer electronics and home appliances, today introduced RoamView, the newest addition to its Lifestyle Series, des… [+2297 chars]",,en,'Qingdao'
435,https://www.cnet.com/tech/services-and-software/essential-china-apps-wechat-alipay-amap-esim/,0,www.cnet.com,Traveling to China? Here Are the Apps You’ll Need to Survive,Forget everything you think you know about China’s internet and read this first.,https://www.cnet.com/wp-content/uploads/sites/2/katie-china-phone.jpg,2026-09-14T13:27:16Z,http://web.archive.org/web/20260915002924/https://www.cnet.com/tech/services-and-software/essential-china-apps-wechat-alipay-amap-esim/,"So, you’re going to China and you need to get your phone in order, but you don’t know where to start. That was me, a month ago.
Now I’ve been there, for a week of work and another week of personal t… [+9529 chars]",,en,'China'
436,https://www.bbc.co.uk/news/articles/cmy5zggx3l2vo,0,www.bbc.co.uk,Member of UK armed forces dies in road traffic incident in Ukraine,"The incident is not the result of hostile action, the BBC understands.",https://ichef.bbci.co.uk/ace/branded_news/1200/cpsprodpb/0f2c/live/60f697b0-1203-11ef-82e8-cd354766a224.png,2026-09-14T13:50:01Z,,"A member of the UK armed forces has died in a road traffic incident in Ukraine, the Ministry of Defence (MoD) has announced.
The individual's family has been informed and has ""requested a period of … [+914 chars]",,en,'Ukraine'
437,https://www.yahoo.com/news/articles/ukraine-wants-specifics-partners-halting-174643478.html,0,www.yahoo.com,"Ukraine will support energy ceasefire if US ensures Moscow's intent, Zelenskiy says","KYIV, Sept 14 (Reuters) - President Volodymyr Zelenskiy said on Monday that Kyiv was ready to support a U.S. proposal for a Russia-Ukraine ceasefire on energ...",https://s.yimg.com/lo/mysterio/api/3dbe316027ec27e8e24d040d7b2e26fa8568ded1f90293a11f90f2d9698e2999/lightyear_networkapi/resizefill_w800_h533%3Bquality_80%3Bformat_jpg/https%3A%2F%2Fmedia.zenfs.com%2Fen%2Freuters.com%2F8fe9d9377f213bb8339120dd6ed9518f.jpg,2026-09-14T20:21:06Z,http://web.archive.org/web/20260915022227/https://www.yahoo.com/news/articles/ukraine-wants-specifics-partners-halting-174643478.html,"KYIV, Sept 14 (Reuters) - President Volodymyr Zelenskiy said on Monday that Kyiv was ready to support a U.S. proposal for a Russia-Ukraine ceasefire on energy sites only if Washington could ensure Mo… [+1899 chars]",,en,'Ukraine'
438,https://ca.news.yahoo.com/north-koreas-kim-vows-expand-223848573.html,0,ca.news.yahoo.com,"North Korea's Kim vows to expand ties with Russia, backs victory in 'sacred war'","SEOUL, Sept 15 (Reuters) - North Korean leader Kim Jong Un said he would ""expand and deepen"" joint work with Russia in a message to Russian President Vladimi...",https://s.yimg.com/lo/mysterio/api/d5a4b13ceccd704acf9727f7438c5d06babb23bce19d940d3ede903613e2ca63/lightyear_networkapi/resizefill_w800_h529%3Bquality_80%3Bformat_jpg/https%3A%2F%2Fmedia.zenfs.com%2Fen%2Freuters.com%2Ff939559cc1daa8d2730f2952b4a0fe2d.jpg,2026-09-14T22:38:48Z,http://web.archive.org/web/20260914232454/https://ca.news.yahoo.com/north-koreas-kim-vows-expand-223848573.html,"SEOUL, Sept 15 (Reuters) - North Korean leader Kim Jong Un said he would ""expand and deepen"" joint work with Russia in a message to Russian President Vladimir Putin, state media KCNA reported on Tues… [+1267 chars]",,en,'russia'
439,https://www.bbc.co.uk/news/articles/cmqjkg121kr9o,0,www.bbc.co.uk,Donald Trump Jr and Bettina Trump say Putin ally paid for some wedding festivities as a 'gift',An Instagram post from the couple said two nights of their wedding festivities in the Bahamas were partially funded by Umar Kremlev.,https://ichef.bbci.co.uk/ace/branded_news/1200/cpsprodpb/9db8/live/b910afd0-b08a-11f1-8f9f-33e0914f3492.jpg,2026-09-14T22:56:44Z,http://web.archive.org/web/20260915004234/https://www.bbc.co.uk/news/articles/cmqjkg121kr9o,"Donald Trump Jr.'s wife, Bettina Trump, confirmed that their May wedding was paid for in part by an ally of Russian President Vladimir Putin.
A post on her Instagram account - attributed to the coup… [+3470 chars]",,en,'Bahamas'
440,https://www.bbc.co.uk/news/articles/cjx2zgk7edlzo,0,www.bbc.co.uk,Nato jets down drone that entered Lithuanian airspace,"It is currently unknown where the drone came from, officials said.",https://ichef.bbci.co.uk/ace/branded_news/1200/cpsprodpb/dfc8/live/08f853a0-b08f-11f1-84c3-e1e2978ca87a.jpg,2026-09-14T23:26:47Z,,"Nato fighter pilots have shot down a drone that entered Lithuania's airspace overnight, the Lithuaninan president said.
Authorities said the drone likely entered southern Lithuania, near the second-… [+880 chars]",,en,'Lithuania'
441,https://www.naftemporiki.gr/english/2161533/greeces-cruise-sector-faces-higher-port-fees-lack-of-national-strategy/,0,www.naftemporiki.gr,"Greece’s cruise sector faces higher port fees, lack of national strategy","Higher costs from new port fees and the absence of a national strategy for developing the cruise industry are the main challenges facing Greece.
Speaking at the International Conference on…
Greece’s cruise sector faces higher port fees, lack of national strat…",https://www.naftemporiki.gr/wp-content/uploads/2025/03/santorini-e1742378963603.jpg,2026-09-15T04:51:24Z,http://web.archive.org/web/20260915063951/https://www.naftemporiki.gr/english/2161533/greeces-cruise-sector-faces-higher-port-fees-lack-of-national-strategy/,"Higher costs from new port fees and the absence of a national strategy for developing the cruise industry are the main challenges facing Greece.
Speaking at the International Conference on Maritime … [+3571 chars]",,en,'Greece'
442,https://www.dailymail.com/travel/article-16129585/europe-summer-wildfires-greece-spain-france.html,0,www.dailymail.com,"How wildfire hell ravaged tourist hotspots this summer - scorching popular destinations across France, Greece and Spain","Tourist hotspots in Europe have been transformed by raging wildfires, with homes, campsites and huge swathes of countryside left devastated.",https://i.dailymail.com/1s/2026/09/14/15/111236977-0-image-m-35_1789395679913.jpg,2026-09-15T08:14:50Z,,"This summer, wildfires have ripped through vast swathes of land, destroying properties and forcing tens of thousands of people to flee.
From France to Greece and beyond, some of Europe's most popula… [+6193 chars]",,en,'France'
443,https://sputnikglobe.com/20260915/russian-forces-liberate-olkhovatka-settlement-in-kharkov-region-1124740384.html,0,sputnikglobe.com,Russian Forces Liberate Olkhovatka Settlement in Kharkov Region,"MOSCOW (Sputnik) - The Russian armed forces have liberated the settlement of Olkhovatka in the Kharkov region, the Russian Defense Ministry said on Tuesday.",https://cdn1.img.sputnikglobe.com/images/sharing/article/eng/1124740384.jpg?11244000981789464763,2026-09-15T09:32:41Z,,"Russia's Special Operation in Ukraine
On February 24, 2022 Russia launched a special military operation in Ukraine, aiming to liberate the Donbass region where the people's republics of Donetsk and … [+2669 chars]",,en,'Donbass'
https://www.bbc.co.uk/sport/athletics/articles/crwyzvyn0p3go,https://www.bbc.co.uk/sport/athletics/articles/crwyzvyn0p3go,0,www.bbc.co.uk,London misses out to Nairobi in World Athletics bid,"London has lost to Nairobi in Kenya in its bid to host the World Athletics Championships in 2029, while the 2031 event will be held in Munich.",https://ichef.bbci.co.uk/ace/branded_sport/1200/cpsprodpb/eb7a/live/5c0f70d0-6139-11ee-ac8c-9d18dbc280ea.png,2026-09-15T09:39:21Z,http://web.archive.org/web/20260916033003/https://www.bbc.co.uk/sport/athletics/articles/crwyzvyn0p3go,"London has missed out to Nairobi in the bid to host the 2029 World Athletics Championships.
The decision was confirmed at a World Athletics council meeting in Budapest, and it will be the first time… [+1120 chars]",,en,'LONDON'
444,https://abcnews.com/Politics/air-force-secretary-acknowledges-us-weapons-space/story?id=136437923,0,abcnews.com,Air Force secretary acknowledges the US has weapons in space,Troy Meink's statement is seen as a clear warning to China and Russia.,https://s.yimg.com/lo/mysterio/api/525dd9209911596ab59abb645b49757a9658cebd17550506d8b497185505519c/lightyear_networkapi/resizefill_w1200%3Bquality_80%3Bformat_jpg/https%3A%2F%2Fmedia.zenfs.com%2Fen%2Fus.abcnews.go.com%2Fb654db22ff09cc0d4305f8fd0d1120ab.jpg,2026-09-15T10:30:29Z,http://web.archive.org/web/20260916002709/https://abcnews.com/Politics/air-force-secretary-acknowledges-us-weapons-space/story?id=136437923,"Air Force Secretary Troy Meink said Monday that the U.S. has weapons stationed in Earth's orbit, the first public acknowledgment of a capability long assumed to exist after decades of debate over the… [+2133 chars]",,en,'Russia'
445,https://africasacountry.com/2026/09/what-europes-migration-deals-are-really-buying,0,africasacountry.com,What Europe’s migration deals are really buying,European officials are calling the EU-Mauritania migration deal a success. Here’s what the numbers don’t count.,https://media.africasacountry.com/images/2026/9/748701208609.jpg,2026-09-15T12:28:39Z,http://web.archive.org/web/20260915232304/https://africasacountry.com/2026/09/what-europes-migration-deals-are-really-buying,"The gravestones are barely visible. Scraps of text scratched into wet cement, left to harden in whatever shape they took. Some have no text at all, just a slight rise in the sand, a low dune along th… [+14600 chars]",,en,'Europe'
446,https://www.fly4free.com/flight-deals/europe/7-day-cruise-msc-euribia/,0,www.fly4free.com,"SPRING 2027 Italy, Spain, France, and Tunisia in one cruise aboard MSC Euribia from €571 p.p.","This is a really nice spring cruise if you want the Mediterranean before the summer heat: Italy, Tunisia, Spain and France in one week, with a modern big-ship experience on MSC Euribia.",https://assets.fly4free.com/wp-content/uploads/2026/09/euribia_post-800x593.png,2026-09-15T14:30:56Z,,"This is a really nice spring cruise if you want the Mediterranean before the summer heat: Italy, Tunisia, Spain and France in one week, with a modern big-ship experience on MSC Euribia.The route star… [+4398 chars]",,en,'Port of Spain'
447,https://www.rt.com/russia/645769-ukraines-king-of-mountain/,0,www.rt.com,Zelensky’s political endgame has begun,"With war fatigue growing and challengers circling, Ukraine’s political system is entering a decisive struggle over Zelensky’s future Read Full Article at RT.com",https://mf.b37mrtl.ru/files/2026.09/article/6aa95ab2203027415d7740b0.jpg,2026-09-15T15:15:06Z,,"Although Ukrainian authorities have rejected any idea of unity between the peoples of Russia and Ukraine, the best metaphor for their country’s modern political system is a traditional Slavic winter … [+8239 chars]",,en,'Ukraine'
448,https://www.aljazeera.com/opinions/2026/9/15/china-does-not-need-to-replace-the-us-in-the-gulf,0,www.aljazeera.com,China does not need to replace the US in the Gulf,It can gain leverage over the region without engaging in military overreach.,https://www.aljazeera.com/wp-content/uploads/2026/09/2024-10-21T205249Z_1988062586_RC25PAAX9SPN_RTRMADP_3_SAUDI-TOURISM-ENTERTAINMENT-1789485843.jpg?resize=1920%2C1440,2026-09-15T15:28:42Z,http://web.archive.org/web/20260916014225/https://www.aljazeera.com/opinions/2026/9/15/china-does-not-need-to-replace-the-us-in-the-gulf,"Chinas diplomatic calendar this year reflects its growing international weight. A succession of prominent leaders has travelled to Beijing, including those from the United States, Russia, the United … [+6221 chars]",,en,'Port of Spain'
449,https://sputnikglobe.com/20260915/russia-hits-tanker-with-fuel-lubricants-for-ukrainian-troops-at-izmail-port-military-1124742956.html,0,sputnikglobe.com,"Russia Hits Tanker With Fuel, Lubricants for Ukrainian Troops at Izmail Port — Military","MOSCOW (Sputnik) - Russian armed forces struck a tanker carrying fuel and lubricants for the Ukrainian military at the port of Izmail, the Russian Defense Ministry said on Tuesday.",https://cdn1.img.sputnikglobe.com/images/sharing/article/eng/1124742956.jpg?11244645951789491649,2026-09-15T17:00:49Z,,"Russia's Special Operation in Ukraine
On February 24, 2022 Russia launched a special military operation in Ukraine, aiming to liberate the Donbass region where the people's republics of Donetsk and … [+1765 chars]",,en,'MOSCOW'
450,https://thenextweb.com/news/trump-truth-social-ai-hoax-posts-amodei-vance-johnson,0,thenextweb.com,‘I am the Hoax Buster’: Trump escalates his attack on AI safety warnings,"Donald Trump has called fears about AI a “HOAX” in a string of Truth Social posts. The US president also asked why AI industry leaders want to be regulated. The posts came a day after his remarks in Ireland, where he called people asking to slow AI down a neg…",https://media.thenextweb.com/2026/09/donald-trump-thumbs-up-american-flag-history-in-hd-unsplash.jpg,2026-09-15T17:42:28Z,,Donald Trump has called fears about AI a HOAX in a string of Truth Social posts. The US president also asked why AI industry leaders want to be regulated. The posts came a day after his remarks in Ir… [+4450 chars],,en,'Ukraine'
451,https://www.yankodesign.com/2026/09/15/the-mac-mini-form-factor-is-so-perfect-literally-everyone-is-copying-it/,0,www.yankodesign.com,"The Mac mini Form Factor is So Perfect, Literally Everyone is Copying It","Apple's Mac mini is a 127 by 127 by 50mm aluminum square, and the PC industry has spent 2026 rebuilding that square with different logos on top. ASUS's ExpertCenter PN55 measures 130 by 130 by 34mm. Geekom's A9 Max sits at 135 by 132 by 46mm. Japan's Links LC…",https://www.yankodesign.com/images/design_news/2026/09/the-mac-mini-form-factor-is-so-perfect-literally-everyone-is-copying-it/mac_mini_design_template_1.jpeg,2026-09-15T19:15:48Z,,"Apple’s Mac mini is a 127 by 127 by 50mm aluminum square, and the PC industry has spent 2026 rebuilding that square with different logos on top. ASUS’s ExpertCenter PN55 measures 130 by 130 by 34mm. … [+13347 chars]",,en,'Port of Spain'
452,https://www.yahoo.com/news/world/articles/russia-touts-candidates-fought-ukraine-041433100.html,0,www.yahoo.com,"In wartime Russia, veterans who fought in Ukraine are running for parliament","Election officials say nearly 200 candidates have served in Ukraine, and the Kremlin touts them as part of Russia’s “true elite” — its effort to show that ve...",https://s.yimg.com/lo/mysterio/api/4243f6693fd0acb48aac5ab68b94cb79c0e1636e2cfaa740b5ecfc24b66ef3d4/lightyear_networkapi/resizefill_w1200%3Bquality_80%3Bformat_jpg/https%3A%2F%2Fmedia.zenfs.com%2Fen%2Fap.org%2Fc0bb8ed668eff004f472ce65f9659e07.jpg,2026-09-16T04:14:33Z,,"They lead party tickets, star in campaign videos and appear in televised debates. They are Russians who have fought in Ukraine, and they feature prominently in this week's parliamentary election.
El… [+7657 chars]",,en,'russia'
https://hackaday.com/2026/09/15/a-super-accurate-clock-using-a-tiny-microcontroller/,https://hackaday.com/2026/09/15/a-super-accurate-clock-using-a-tiny-microcontroller/,0,hackaday.com,A Super-Accurate Clock Using a Tiny Microcontroller,DCF77 is a German VLF transmitting station that broadcasts a time signal across Europe on 77.5 kHz. Thus a common sight in a European home is a clock emblazoned with the words “Radio controll…,https://hackaday.com/wp-content/uploads/2026/09/attiny814-featured.jpg,2026-09-16T05:00:10Z,,DCF77 is a German VLF transmitting station that broadcasts a time signal across Europe on 77.5 kHz. Thus a common sight in a European home is a clock emblazoned with the words “Radio controlled”. Wit… [+958 chars],,en,'Europe'
453,https://sputnikglobe.com/20260916/russia-hits-ukraines-defense-industry-enterprises-ports-overnight-1124744289.html,0,sputnikglobe.com,"Russia Hits Ukraine's Defense Industry Enterprises, Ports Overnight","MOSCOW (Sputnik) - The Russian armed forces carried out drone strikes overnight against Ukraine's defense industry enterprises and ports, as well as against naval vessels used for the Ukrainian army, the Russian Defense Ministry said on Wednesday.",https://cdn1.img.sputnikglobe.com/images/sharing/article/eng/1124744289.jpg?11243997321789540602,2026-09-16T06:36:42Z,,"Russia's Special Operation in Ukraine
On February 24, 2022 Russia launched a special military operation in Ukraine, aiming to liberate the Donbass region where the people's republics of Donetsk and … [+1606 chars]",,en,'Moscow'
454,https://www.bmwblog.com/2026/09/16/bmw-regensburg-plant-nine-million-cars/,0,www.bmwblog.com,BMW Regensburg Plant Just Built Its 9 Millionth Car In 40 Years,"BMW has reached another major production milestone in Germany. This time around, the Regensburg plant has built its nine-millionth vehicle. The milestone comes 40 years after production started at the Bavarian facility. This iX1 in...
First published by https…",https://cdn.bmwblog.com/wp-content/uploads/2026/09/2026-BMW-iX1-1-scaled.jpg,2026-09-16T12:03:20Z,,"Article Summary
<ul><li>Production started back in 1986 with the 3 Series E30.</li><li>The factory built more than 356,000 vehicles in 2025 and currently employs around 9,000 people.</li><li>BMW bui… [+3009 chars]",,en,'Germany'
455,https://www.aljazeera.com/features/2026/9/16/in-sweden-many-breathe-sigh-of-relief-as-far-right-suffers-election-losses,0,www.aljazeera.com,"In Sweden, many breathe sigh of relief as far right suffers election losses","The election is tight, but one result is clear: the Sweden Democrats' bid to turn hate into votes failed.",https://www.aljazeera.com/wp-content/uploads/2026/09/DSCF8806-1789506575.jpg?resize=1920%2C1440,2026-09-16T12:22:25Z,http://web.archive.org/web/20260916220451/https://www.aljazeera.com/features/2026/9/16/in-sweden-many-breathe-sigh-of-relief-as-far-right-suffers-election-losses,"Stockholm, Sweden Jimmie Akesson, leader of the far-right Sweden Democrats (SD), cast his early ballot in Rinkeby, a Stockholm suburb where most residents have a minority background.
It was a politi… [+5756 chars]",,en,'Sweden'
456,https://www.haaretz.com/world-news/europe/2026-09-16/ty-article-magazine/.premium/swedish-election-left-the-blocs-split-over-israel-and-antisemitism/000001a0-a531-d5b2-a9ee-a7bbf7370000,0,www.haaretz.com,Swedish election left the blocs closer on policy – but split over Israel and antisemitism,"The center-left won Sweden's election by a slim margin, but now comes the hard part","https://img.haarets.co.il/bs/000001a0-a531-d5b2-a9ee-a7bbf7370000/b1/d5/409f135244f19fb7fbde44523adb/204584.jpg?precrop=2400,1395,x0,y64&width=1200&height=630&cmsprod",2026-09-16T13:03:32Z,,"Following a tight, polarized election campaign, Sweden woke up Monday morning to a result that almost couldn't be any closer. According to preliminary results, the four opposition parties the Social … [+341 chars]",,en,'Sweden'
457,https://www.101greatgoals.com/football/premier-league/elanga-out-sweden-squad-newcastle-injury/,0,www.101greatgoals.com,Elanga out of Sweden squad amid concern over Newcastle winger’s injury,Newcastle winger Anthony Elanga could be facing a long-term absence and will miss his country's opening Nations League games.,https://www.101greatgoals.com/wp-content/uploads/2026/09/3FB94D8-1-2.jpg,2026-09-16T13:39:42Z,http://web.archive.org/web/20260916231938/https://www.101greatgoals.com/football/premier-league/elanga-out-sweden-squad-newcastle-injury/,"Anthony Elanga has been left out of Sweden’s squad for their upcoming UEFA Nations League matches with an injury Newcastle United boss Matthias Jaissle conceded could be long-term.
Winger Elanga mis… [+1834 chars]",,en,'Sweden'
458,https://biztoc.com/x/7d89e2a0fe2deca8,0,biztoc.com,Sweden expels Iranian official over threats,"The Swedish Ministry of Foreign Affairs announced on Wednesday that it has summoned Iran's Ambassador to Sweden and asked an official at the Iranian embassy in Sweden to leave the country ""due to acti...",https://biztoc.com/cdn/7d89e2a0fe2deca8_s.webp,2026-09-16T14:16:03Z,,"The Swedish Ministry of Foreign Affairs announced on Wednesday that it has summoned Iran's Ambassador to Sweden and asked an official at the Iranian embassy in Sweden to leave the country ""due to act… [+69 chars]",,en,'Iran'
459,https://celticshorts.com/2026/09/scott-brown-threatens-henrik-larsson-with-seven-iron-after-losing-celtic-legends-battle/,0,celticshorts.com,Scott Brown threatens Henrik Larsson with seven-iron after losing Celtic legends battle,"Scott Brown has hilariously revealed his fury at losing to Celtic legend Henrik Larsson on the golf course before making a surprise appearance alongside the Swede in Glasgow.GLASGOW, SCOTLAND – MAY ...",https://s.yimg.com/lo/mysterio/api/1983d4749015b84949a6a145a790cfe3a451bf2f0c81332a38bd5a0a4a42da0d/lightyear_networkapi/resizefill_w1200%3Bquality_80%3Bformat_webp/https%3A%2F%2Fmedia.zenfs.com%2Fen%2Fthe_celtic_star_articles_180%2F6dc49006885ec7a6be2274a3293e9bae.jpg,2026-09-16T14:35:00Z,,"GLASGOW, SCOTLAND MAY 11: Henrik Larsson, former Celtic player, looks on prior to the Cinch Scottish Premiership match between Celtic FC and Rangers FC at Celtic Park Stadium on May 11, 2024 in Glasg… [+2285 chars]",,en,'Sweden'
460,https://biztoc.com/x/b18bf77a9c8736f5,0,biztoc.com,From Oatly to agritech: inside Sweden’s evolving foodtech ecosystem,"If you’re interested in agritech or foodtech, Daniel Skavén Ruben is someone worth speaking to. His career has taken him from government and food policy to startups, more than 50 angel investments, and now Business Sweden — giving him an unusually broad view …",https://biztoc.com/cdn/b18bf77a9c8736f5_s.webp,2026-09-16T15:12:18Z,,"If youre interested in agritech or foodtech, Daniel Skavén Ruben is someone worth speaking to. His career has taken him from government and food policy to startups, more than 50 angel investments, an… [+139 chars]",,en,'Sweden'
461,https://www.globalresearch.ca/europe-liberal-democracies-challenge-islamism/5940514,0,www.globalresearch.ca,Europe and the Conundrum of Islam: Liberal Democracies and the Challenge of Islamism,"Whilst the apprehension surrounding ‘Islamism’ and the unprecedented rise of populist right-wing parties have profoundly polarised the European political landscape, empirical data present a different, and at times contradictory, narrative of social integratio…",https://www.globalresearch.ca/wp-content/uploads/2026/09/mosque-rome-islam.jpg,2026-09-16T15:31:49Z,,"Whilst the apprehension surrounding Islamism and the unprecedented rise of populist right-wing parties have profoundly polarised the European political landscape, empirical data present a different, … [+10535 chars]",,en,'Sweden'
462,https://www.aljazeera.com/news/2026/9/16/sweden-expels-iran-embassy-employee-citing-security-concerns,0,www.aljazeera.com,"Sweden expels Iran embassy employee, citing security concerns",Stockholm says Iran-backed groups are plotting against 'Jewish and Israeli interests' in the country.,https://www.aljazeera.com/wp-content/uploads/2026/09/ap_6aaaabd5be4db-1789570005.jpg?resize=1920%2C1440,2026-09-16T15:53:38Z,http://web.archive.org/web/20260916203319/https://www.aljazeera.com/news/2026/9/16/sweden-expels-iran-embassy-employee-citing-security-concerns,"Sweden has expelled an Iranian embassy employee and summoned the countrys ambassador, accusing Tehran of making threats against Jewish and Israeli interests in Sweden.
Sweden has asked an official a… [+1594 chars]",,en,'Stockholm'
463,https://www.bbc.co.uk/news/articles/cqlym3wye1ero,0,www.bbc.co.uk,How escalating Saudi oil crisis could drive up prices everywhere,BBC Verify's Ben Chu examines what impact rising energy costs could have on the global economy.,https://ichef.bbci.co.uk/ace/branded_news/1200/cpsprodpb/1a2a/live/d6d03600-b1e6-11f1-bc1f-3f186ca4140c.png,2026-09-16T16:06:50Z,,"Over the past two weeks, the Houthis in Yemen have captured strategic territory from Saudi-backed pro-government forces close to the Bab al-Mandab Strait, another trade chokepoint at the southern tip… [+1073 chars]",,en,'Yemen'
464,https://www.thelocal.se/20260916/opinion-the-misunderstood-centre-party-could-learn-from-ebba,0,www.thelocal.se,OPINION: the misunderstood Centre Party could learn from Ebba,"The Centre Party is the kingmaker Sweden's next government, but it has boxed itself in with red lines in all directions. Elisabeth Thand Ringqvist should learn from Ebba Busch if she wants to find a way out, argues James Savage.",https://assets.thelocal.com/cdn-cgi/rs:fit:1200/quality:75/plain/https://apiwp.thelocal.com/wp-content/uploads/2026/09/watermarks-logo-sdl3rLfseazD_c_NormalHires.jpg@webp,2026-09-16T16:16:15Z,http://web.archive.org/web/20260917003519/https://www.thelocal.se/20260916/opinion-the-misunderstood-centre-party-could-learn-from-ebba/,"The Centre Party is the kingmaker Sweden's next government, but it has boxed itself in with red lines in all directions. Elisabeth Thand Ringqvist should learn from Ebba Busch if she wants to find a … [+4615 chars]",,en,'Sweden'
465,https://sputnikglobe.com/20260916/russia-hits-container-ship-with-cargo-for-ukrainian-forces-at-chernomorsk-port--military-1124748639.html,0,sputnikglobe.com,Russia Hits Container Ship With Cargo for Ukrainian Forces at Chernomorsk Port — Military,"MOSCOW, (Sputnik) - The Russian armed forces struck a container ship carrying supplies for the Ukrainian military at the port of Chernomorsk, the Russian Defense Ministry said on Wednesday.",https://cdn1.img.sputnikglobe.com/images/sharing/article/eng/1124748639.jpg?11198746421789575651,2026-09-16T16:20:51Z,http://web.archive.org/web/20260916175908/https://sputnikglobe.com/20260916/russia-hits-container-ship-with-cargo-for-ukrainian-forces-at-chernomorsk-port--military-1124748639.html,"Russia's Special Operation in Ukraine
On February 24, 2022 Russia launched a special military operation in Ukraine, aiming to liberate the Donbass region where the people's republics of Donetsk and … [+1577 chars]",,en,'MOSCOW'
466,https://www.rte.ie/news/world/2026/0916/1591802-swedish-election/,0,www.rte.ie,Sweden opposition's narrow lead as 99% districts counted,Sweden's centre-left opposition parties maintained a narrow election lead over the incumbent right-wing governing bloc as the counting of remaining ballots resumed after Sunday's vote for parliament.,https://www.rte.ie/images/00250583-1600.jpg,2026-09-16T16:23:38Z,http://web.archive.org/web/20260917041603/https://www.rte.ie/news/world/2026/0916/1591802-swedish-election/,Sweden's centre-left opposition parties maintained a narrow election lead over the incumbent right-wing governing bloc as the counting of remaining ballots resumed after Sunday's vote for parliament.… [+1307 chars],,en,'Sweden'
467,https://www.rt.com/news/645866-eu-is-militarizing-arctic/,0,www.rt.com,The EU is militarizing the Arctic. Here’s how it plans to do it,The EU Arctic strategy once put peace and cooperation first. Now resource competition is driving its turn toward hard power Read Full Article at RT.com,https://mf.b37mrtl.ru/files/2026.09/article/6aaaccd52030271ac611c1c0.jpg,2026-09-16T17:11:39Z,http://web.archive.org/web/20260916171938/https://www.rt.com/news/645866-eu-is-militarizing-arctic/,"By Irina Strelnikova, director of the Center for Interdisciplinary Arctic Studies at the Higher School of Economics in MoscowThe EU’s Arctic policy is becoming increasingly important amidst global co… [+9522 chars]",,en,'Sweden'
468,https://www.bbc.co.uk/news/articles/c5n4k0npdyj4o,0,www.bbc.co.uk,British soldier who died in Ukraine road accident named by MoD,"Tributes have been paid to Major Paul Wilks, who was described as a ""gifted leader"".",https://ichef.bbci.co.uk/ace/branded_news/1200/cpsprodpb/a82e/live/8fe632e0-b04b-11f1-b1d1-571ed4d7ff2c.jpg,2026-09-16T17:34:18Z,,"The member of the UK armed forces who died in a road traffic accident in Ukraine last week has been named as Major Paul Wilks. 
The Ministry of Defence (MoD) described the 40-year-old as a ""gifted l… [+1534 chars]",,en,'Ukraine'
469,https://www.abc.net.au/news/2026-09-17/sweden-election-result/107149110,0,www.abc.net.au,Sweden's left-wing bloc wins general election by slim margin,The centre-left coalition has secured a one-seat majority over the right-wing bloc that had been in power since 2022.,https://live-production.wcms.abc-cdn.net.au/c4ee1081b877d621671a5be6088d6292?impolicy=wcms_watermark_news&cropH=2218&cropW=3943&xPos=0&yPos=206&width=862&height=485&imformat=generic,2026-09-16T17:39:32Z,http://web.archive.org/web/20260916192813/https://www.abc.net.au/news/2026-09-17/sweden-election-result/107149110,"Sweden's left-wing bloc has won the country's general election, with Social Democrat party leader Magdalena Andersson set to govern as the country's prime minister.
Ms Andersson served as prime mini… [+2029 chars]",,en,'Sweden'
470,https://www.thelocal.se/20260916/swedens-tido-bloc-faces-99-9-certain-defeat-as-final-vote-counting-continues,0,www.thelocal.se,Sweden's Tidö bloc faces '99.9% certain' defeat as final vote counting continues,"With the count almost finished, public broadcaster SVT's election forecast states that the probability of the centre-left opposition securing the most seats is 99.9 percent.",https://assets.thelocal.com/cdn-cgi/rs:fit:1200/quality:75/plain/https://apiwp.thelocal.com/wp-content/uploads/2026/09/watermarks-logo-sdlo3SkttD-ZFo_NormalHires.jpg@webp,2026-09-16T19:34:34Z,http://web.archive.org/web/20260917001951/https://www.thelocal.se/20260916/swedens-tido-bloc-faces-99-9-certain-defeat-as-final-vote-counting-continues,"With the count almost finished, public broadcaster SVT's election forecast states that the probability of the centre-left opposition securing the most seats is 99.9 percent.
 ""It is clear that Tidö … [+1800 chars]",,en,'Sweden'
471,https://www.rt.com/news/645879-mearsheimer-lukyanov-interview-ukraine/,0,www.rt.com,Mearsheimer: There’s no diplomatic way out of the Ukraine war,"J. Mearsheimer discusses the Ukraine war, Trump’s diplomacy, the legacy of 9/11 and the global shift from unipolarity to a multipolar order Read Full Article at RT.com",https://mf.b37mrtl.ru/files/2026.09/article/6aaaf10f2030276d3b601573.jpg,2026-09-16T20:46:28Z,http://web.archive.org/web/20260916214415/https://www.rt.com/news/645879-mearsheimer-lukyanov-interview-ukraine/,American political scientist John Mearsheimer has claimed that the Ukraine conflict can’t be resolved diplomatically because the two sides’ goals remain irreconcilable and it will ultimately be settl… [+12481 chars],,en,'Ukraine'
472,https://www.businessinsider.com/inside-the-viking-themed-camp-in-nato-where-ukraine-trains-2026-9#article,0,www.businessinsider.com,Inside the Viking-themed NATO camp where Ukrainian troops train for the front,"Business Insider visited NATO's Viking-themed camp in Poland, where Ukrainian troops train in trenches, drone labs, and a mock village.",https://i.insider.com/6aaa6427ec15fe2d3cf17e93?width=1200&format=jpeg,2026-09-17T11:42:27Z,,"Ukraine's soldiers are training at a camp in Poland that includes a Viking-themed ship at its entrance.Sinéad Baker
<ul><li>Ukrainian troops are training for war at a sprawling NATO camp in eastern … [+7076 chars]",,en,'Ukraine'
473,https://www.globalresearch.ca/end-united-kingdom-celtic-leaders-plan-historic-breakup-trump-fuels-irish-fire/5940788,0,www.globalresearch.ca,"End of United Kingdom? Scotland, Wales, Northern Ireland Sign Cardiff MoU: Celtic Leaders Plan Historic Breakup, as Trump Fuels Irish Fire","For the first time, the First Ministers of Scotland, Wales and Northern Ireland are jointly pushing for the end of the United Kingdom. The Cardiff pact, combined with Trump’s open support for Irish reunification, raises serious questions about Britain’s futur…",https://www.globalresearch.ca/wp-content/uploads/2026/09/end-uk-ireland.jpg,2026-09-17T13:54:03Z,,"For the first time, the First Ministers of Scotland, Wales and Northern Ireland are jointly pushing for the end of the United Kingdom. The Cardiff pact, combined with Trumps open support for Irish re… [+6138 chars]",,en,'Donbass'
474,https://sputnikglobe.com/20260917/russia-strikes-dry-cargo-ship-with-military-cargo-in-chernomorsk-port---mod-1124753313.html,0,sputnikglobe.com,Russia Strikes Dry Cargo Ship With Military Cargo in Chernomorsk Port - MoD,"MOSCOW (Sputnik) - Russian forces carried out strikes on a dry cargo ship with military cargo in the port of Chernomorsk in Odessa region, the Russian Defense Ministry said on Thursday.",https://cdn1.img.sputnikglobe.com/images/sharing/article/eng/1124753313.jpg?11245993391789663911,2026-09-17T16:51:50Z,,"Russia's Special Operation in Ukraine
On February 24, 2022 Russia launched a special military operation in Ukraine, aiming to liberate the Donbass region where the people's republics of Donetsk and … [+1549 chars]",,en,'Odessa'
475,https://www.npr.org/2026/09/18/nx-s1-5966388/morning-news-brief,0,www.npr.org,Morning news brief,"Trump threatens to tear down the Kennedy Center amid court battle, Trump's other priorities also get pushback this week, Poland's PM warns Russia could strike countries that support Ukraine.",https://media.npr.org/include/images/facebook-default-wide-s1400-c85.jpg,2026-09-18T08:46:02Z,http://web.archive.org/web/20260918180445/https://www.npr.org/2026/09/18/nx-s1-5966388/morning-news-brief,"Trump threatens to tear down the Kennedy Center amid court battle, Trump's other priorities also get pushback this week, Poland's PM warns Russia could strike countries that support Ukraine.",,en,'Russia'
476,https://www.businessinsider.com/nato-ukraine-trainers-see-challenge-hitting-wartime-speeds-in-peace-2026-9#article,0,www.businessinsider.com,NATO trainers say Ukraine's rapid wartime pace is spotlighting just how slowly the West moves in peacetime,NATO trainers say working with Ukraine has exposed how slowly Western peacetime bureaucracy moves compared with the pace of modern war.,https://i.insider.com/6aabb6f916256d3825fded68?width=1200&format=jpeg,2026-09-18T11:15:01Z,,"Ukrainian soldiers are working at speeds that allies can't match, and Western training led by allies at peacetime has had to adjust.Diego Herrera Carcedo/Anadolu via Getty Images
<ul><li>NATO traine… [+5235 chars]",,en,'Ukraine'
https://thenextweb.com/news/vivit-africa-lng-suspected-cyberattack-italy,https://thenextweb.com/news/vivit-africa-lng-suspected-cyberattack-italy,0,thenextweb.com,"Third tanker in a month hit by a suspected cyber incident, this time carrying US gas to Europe","An LNG tanker carrying American liquefied natural gas to Italy stopped short of its destination this month, after its crew found they could no longer reach some of the ship’s internal control systems. The crew reported it as a suspected cyberattack, but what …",https://media.thenextweb.com/2026/09/LNG-Liquified-Natural-Gas-tanker-.jpg,2026-09-18T14:53:26Z,,"An LNG tanker carrying American liquefied natural gas to Italy stopped short of its destination this month, after its crew found they could no longer reach some of the ships internal control systems.… [+2801 chars]",,en,'Italy'
477,https://www.businessinsider.com/ukraine-tests-homemade-remote-controlled-buggies-for-winter-logistics-2026-9#article,0,www.businessinsider.com,Ukraine is testing homemade remote-controlled buggies for the first time to keep troops supplied this winter,Kyiv hopes the locally built vehicles can overcome the winter challenges that slow many ground robots.,https://i.insider.com/6aad68aa4a3706ac06f84d58?width=1200&format=jpeg,2026-09-18T16:41:32Z,http://web.archive.org/web/20260920071333/https://www.businessinsider.com/ukraine-tests-homemade-remote-controlled-buggies-for-winter-logistics-2026-9,"Ukraine has been developing an increasing number of uncrewed solutions for logistics missions.Courtesy of Brave1
<ul><li>Ukraine is testing homemade remote-controlled buggies for battlefield logisti… [+3018 chars]",,en,'Ukraine'
478,https://www.bbc.co.uk/news/articles/cqvgy34ndj4eo,0,www.bbc.co.uk,Trump signs sweeping Russia sanctions bill,"The bill is named after the late Senator Lindsey Graham, a staunch advocate of aid for Ukraine.",https://ichef.bbci.co.uk/ace/branded_news/1200/cpsprodpb/5939/live/5d7419c0-b3ad-11f1-bc1f-3f186ca4140c.jpg,2026-09-18T22:05:47Z,,"US President Donald Trump has signed a sweeping sanctions bill, taking aim at Russia's economy by punishing major purchasers of its oil and gas. 
The bill, passed by the US House of Representatives … [+2387 chars]",,en,'Ukraine'
479,https://www.rt.com/news/645971-tusk-ukraine-casualty-number/,0,www.rt.com,Polish PM reveals ‘record’ Ukrainian casualty figures,"Ukraine is losing 27,000 soldiers a month in its conflict with Russia, Polish Prime Minister Donald Tusk has said Read Full Article at RT.com",https://mf.b37mrtl.ru/files/2026.09/article/6aaddb8185f54045c03d50f3.jpg,2026-09-19T00:47:13Z,,"The Ukrainian army is suffering 27,000 casualties a month in its conflict with Russia, Polish Prime Minister Donald Tusk has said, offering a rare public assessment of Kiev’s losses.
Neither Ukraine… [+2011 chars]",,en,'russia'
480,https://www.aljazeera.com/news/2026/9/19/poland-on-high-alert-as-russia-claims-black-sea-vessel-strikes,0,www.aljazeera.com,"Russia kills eight people in Ukraine, attacks two vessels in Black Sea",Ukraine's Air Force says Russia hit the country with dozens of drones and two antiship missiles overnight.,https://www.aljazeera.com/wp-content/uploads/2026/09/2026-09-18T063031Z_874223625_RC29LNAITVME_RTRMADP_3_UKRAINE-CRISIS-ATTACK-ZAPORIZHZHIA-1789808236.jpg?resize=1920%2C1440,2026-09-19T10:51:21Z,,"Russian forces have launched widespread missile, drone, and artillery attacks across Ukraine, causing civilian casualties while hitting regional infrastructure and commercial shipping in the Black Se… [+3385 chars]",,en,'russia'
481,https://www.nakedcapitalism.com/2026/09/links-9-19-2026.html,0,www.nakedcapitalism.com,Links 9/19/2026,"Our rocky daily links: Caffeine pollution, Ansar Allah hits Riyadh, China oil price rise, Japan interest rate hike, Colorado River crisis, Iran mass mobilization, France fuel shortages blockades, Merz out? EU climate insurance? Trump bans MSM outlets, AI as c…",https://www.nakedcapitalism.com/wp-content/uploads/2026/09/00-baby-deer.jpg,2026-09-19T10:55:11Z,,"Air pollution linked to higher suicide risk, international research suggests Guardian
#COVID-19/Pandemics
As the Ebola crisis hits the Democratic Republic of Congo hard, foreign aid is also now cri… [+9774 chars]",,en,'Riyadh'
482,https://www.rte.ie/entertainment/2026/0919/1592137-has-ireland-fallen-out-of-love-with-pops-mr-nice-guy/,0,www.rte.ie,Has Ireland fallen out of love with pop's Mr Nice guy?,"Ed Sheeran's week from hell just keeps getting worse - and he is largely to blame, says Alan Corr",https://www.rte.ie/images/002507da-1600.jpg,2026-09-19T10:56:53Z,,"Ed Sheerans week from hell just keeps getting worse - and he is largely to blame, says Alan Corr
This weekend, one of the biggest music stars on the planet is facing into the biggest crisis of his s… [+10133 chars]",,en,'Ukraine'
483,https://cryptobriefing.com/poland-joins-european-coalition-on-missile-defense-with-ukraine-9-others/,0,cryptobriefing.com,"Poland joins European coalition on missile defense with Ukraine, 9 others","Poland's coalition membership strengthens European defense ties, potentially escalating NATO-Russia tensions amid strategic military shifts.
The post Poland joins European coalition on missile defense with Ukraine, 9 others appeared first on Crypto Briefing.",https://static.cryptobriefing.com/wp-content/uploads/2026/09/19070937/commons-picker-govcommons193e8c6ae2cef4fd-2-800x450.jpg,2026-09-19T11:09:39Z,,"Poland has officially joined a European coalition aimed at developing joint missile defense capabilities alongside Ukraine and nine other European countries. This coalition, initially formed in July … [+1598 chars]",,en,'russia'
484,https://economictimes.indiatimes.com/news/international/world-news/critically-important-zelenskyy-thanks-trump-for-russia-sanctions-bill-with-nod-to-lindsey-graham/articleshow/134352952.cms,0,economictimes.indiatimes.com,'Critically important': Zelenskyy thanks Trump for Russia sanctions bill with nod to Lindsey Graham,"Ukrainian President Volodymyr Zelenskyy thanked US President Donald Trump for signing the Lindsey O. Graham Sanctioning Russia and Iran Act of 2026, urging its provisions to be implemented “fully and swiftly” to increase pressure on Russia. He also paid tribu…","https://img.etimg.com/thumb/msid-134352951,width-1200,height-630,imgsize-107924,overlay-economictimes/articleshow.jpg",2026-09-19T11:20:18Z,,Kyiv [Ukraine]: Ukrainian President Volodymyr Zelenskyy expressed gratitude to US President Donald Trump for enacting a sweeping sanctions package directed at Russia alongside extended economic measu… [+2456 chars],,en,'russia'
485,https://cryptobriefing.com/trump-signs-russia-energy-sanctions-bill/,0,cryptobriefing.com,Trump signs sanctions bill targeting Russia’s energy sector with tariffs up to 500%,"The sanctions could destabilize global energy markets, strain US-India relations, and complicate diplomatic resolutions in Ukraine.
The post Trump signs sanctions bill targeting Russia’s energy sector with tariffs up to 500% appeared first on Crypto Briefing.",https://static.cryptobriefing.com/wp-content/uploads/2026/09/19072921/library-trump-signs-sanctions-bill-targeting-russia-s-energy-sec-800x450.png,2026-09-19T11:29:24Z,,"The Lindsey O. Graham Sanctioning Russia and Iran Act imposes sweeping tariffs on major purchasers of Russian oil and gas, with China and India squarely in the crosshairs. President Donald Trump sign… [+2388 chars]",,en,'India'
486,https://www.businessinsider.com/ukraines-pilots-want-less-need-control-drones-industry-autonomy-ai-2026-9#article,0,www.businessinsider.com,Ukraine's defense companies say soldiers want drones that do more on their own so one operator can control more at once,Ukrainian drone makers are building more autonomy into their systems so one operator can manage multiple drones.,https://i.insider.com/6aad493316256d3825fdf6e0?width=1200&format=jpeg,2026-09-19T11:30:01Z,,"Ukrainian drone pilots are asking for more autonomy in the systems so they can have more capacity to oversee multiple drones at once.Alfons Cabrera/NurPhoto via Getty Images
<ul><li>Ukraine's soldie… [+6283 chars]",,en,'Ukraine'
487,https://slashdot.org/firehose.pl?op=view&amp;id=185703522,0,slashdot.org,The Kremlin Has Put Lots of Veterans on the Ballot. Could It Backfire? - The New York Times,"The Kremlin Has Put Lots of Veterans on the Ballot. Could It Backfire?The New York Times Russia holds parliamentary vote in areas it illegally annexed from Ukraine in the warNBC News Empty podiums, prizes for e-voting, no opposition: Russians head to the poll…",,2026-09-19T11:33:41Z,,The Fine Print: The following comments are owned by whoever posted them. We are not responsible for them in any way.,,en,'russia'
488,https://www.rte.ie/news/world/2026/0919/1592183-russia-elections/,0,www.rte.ie,Russia reports cyberattacks on second day of vote,"Russia has said that its electronic voting system in Moscow had been hit by ""powerful"" cyberattacks overnight, as tightly controlled parliamentary elections entered a second day.",https://www.rte.ie/images/00250937-1600.jpg,2026-09-19T11:45:09Z,,"Russia has said that its electronic voting system in Moscow had been hit by ""powerful"" cyberattacks overnight, as tightly controlled parliamentary elections entered a second day.
Ella Pamfilova, cha… [+1388 chars]",,en,'Russia'
489,https://app.moby.co/home/news/news-nestl-loses-the-keys-to-its-russian-business?utm_source=yahoo_finance&amp;utm_medium=rss,0,app.moby.co,Nestlé Loses the Keys to Its Russian Business,"The food giant fell after Moscow placed its local operations under temporary external administration, reviving fears that another Western company could ultim...",https://s.yimg.com/lo/mysterio/api/65d8c4371a96f16339f5bed605b2149a0b14438bfbc6ea2f942201ed0db668c1/lightyear_networkapi/resizefill_w1200%3Bquality_80%3Bformat_webp/https%3A%2F%2Fmedia.zenfs.com%2Fen%2Fmoby_896%2F0e75829b6841a68375eb438163b72ac8.jpg,2026-09-19T11:55:00Z,,"Nestlé Loses the Keys to Its Russian Business - Moby
THE GIST
Our analysts just identified a stock with the potential to be the next Nvidia. Tell us how you invest and we'll show you why it's our #… [+4840 chars]",,en,'Moscow'
497,https://www.globalsecurity.org/wmd/library/news/russia/2026/09/russia-260919-rferl02.htm,0,www.globalsecurity.org,"Trump Signs Russia-Iran Sanctions Bill, Putting New Pressure Tools At His Disposal","US President Donald Trump signed into law legislation aimed at increasing economic pressure on Russia over its war on Ukraine, including by targeting Moscow's energy revenues as well as countries that continue to buy Russian oil and gas.",,2026-09-19T12:00:00Z,,"By Alex Raufoglu September 19, 2026
US President Donald Trump signed into law legislation aimed at increasing economic pressure on Russia over its war on Ukraine, including by targeting Moscow's ene… [+6720 chars]",,en,'Ukraine'
495,https://www.globalsecurity.org/wmd/library/news/russia/2026/09/russia-260919-sputnik01.htm,0,www.globalsecurity.org,Trump Signs Law on Sanctions Against Russia - White House,"US President Donald Trump has signed a law authorizing potential new sanctions against Russia, the White House announced.",,2026-09-19T12:00:00Z,,"20260919
US President Donald Trump has signed a law authorizing potential new sanctions against Russia, the White House announced.
The measures will not take effect automatically: they can only be … [+1792 chars]",,en,'Ukraine'
494,https://www.globalsecurity.org/wmd/library/news/ukraine/2026/09/ukraine-260919-sputnik03.htm,0,www.globalsecurity.org,Russian Forces Liberate Maryevka and Gulevo in Donetsk People's Republic - MoD,"Russia's Battlegroup Tsentr has liberated the villages of Maryevka and Gulevo in the Donetsk People's Republic (DPR), the Russian Defense Ministry said on Saturday.",,2026-09-19T12:00:00Z,,"20260919
Russia's Battlegroup Tsentr has liberated the villages of Maryevka and Gulevo in the Donetsk People's Republic (DPR), the Russian Defense Ministry said on Saturday.
""Units of Battlegroup T… [+1628 chars]",,en,'Ukraine'
493,https://www.globalsecurity.org/wmd/library/news/ukraine/2026/09/ukraine-260919-ukraine-mod01.htm,0,www.globalsecurity.org,IT Coalition marks three years: €1.85 billion in support for the Defence Forces of Ukraine,"The IT Coalition is marking its third anniversary. Over this period, Ukraine and 17 partner countries have coordinated efforts to strengthen communications, cybersecurity, IT infrastructure, and the digital systems used by the Defence Forces of Ukraine.",,2026-09-19T12:00:00Z,,"Ministry of Defence of Ukraine
19 September, 2026, 12:00 PM EEST
The IT Coalition is marking its third anniversary. Over this period, Ukraine and 17 partner countries have coordinated efforts to st… [+4530 chars]",,en,'Ukraine'
492,https://www.globalsecurity.org/wmd/library/news/ukraine/2026/09/ukraine-260919-sputnik05.htm,0,www.globalsecurity.org,Russian Forces Continue to Destroy Ukraine's Military Logistics,The Russian Defense Ministry detailed overnight strikes on military logistic hubs across Ukraine.,,2026-09-19T12:00:00Z,,"20260919
The Russian Defense Ministry detailed overnight strikes on military logistic hubs across Ukraine.
The strikes hit the Kopylov Logistics Park customs and logistics center in the Kiev region… [+518 chars]",,en,'Ukraine'
491,https://www.globalsecurity.org/military/library/news/2026/09/mil-260919-nato01.htm,0,www.globalsecurity.org,NATO Chiefs of Defence in Copenhagen met for the Military Committee Conference,"Copenhagen, 18-19 September 2026 -- NATO's highest Military Authority, the NATO Military Committee, met for the annual Military Committee Conference. The Chair of the NATO Military Committee (CMC), Admiral Giuseppe Cavo Dragone, the 32 Allied Chiefs of Defenc…",,2026-09-19T12:00:00Z,,"NATO - North Atlantic Treaty Organisation
19 September 2026
Copenhagen, 18-19 September 2026 -- NATO's highest Military Authority, the NATO Military Committee, met for the annual Military Committee… [+3188 chars]",,en,'Ukraine'
490,https://www.rigzone.com/news/wire/mitsui_osk_to_sell_older_oil_tankers_as_prices_surge-19-sep-2026-184654-article/,0,www.rigzone.com,Mitsui OSK to Sell Older Oil Tankers as Prices Surge,Japan's Mitsui OSK Lines Ltd. is planning to sell a few of its older oil tankers to take advantage of a surge in vessel prices.,https://images.rigzone.com/images/news/articles/Mitsui-OSK-to-Sell-Older-Oil-Tankers-as-Prices-Surge-184654-1200x628.png,2026-09-19T12:00:00Z,,"Japan’s Mitsui OSK Lines Ltd. is planning to sell a few of its older oil tankers to take advantage of a surge in vessel prices as the Middle East war strains shipping capacity.
“We should not miss t… [+1597 chars]",,en,'Ukraine'
496,https://www.globalsecurity.org/wmd/library/news/ukraine/2026/09/ukraine-260919-sputnik06.htm,0,www.globalsecurity.org,Ukraine Deploys Mercenaries in Failed Attempt to Break Kharkov Encirclement,"Servicemen from the Sever battlegroup continue to destroy Ukrainian forces encircled in the northeastern part of the Kharkov region, Russian security sources told Sputnik.",,2026-09-19T12:00:00Z,,"20260919
Servicemen from the Sever battlegroup continue to destroy Ukrainian forces encircled in the northeastern part of the Kharkov region, Russian security sources told Sputnik.
Ukrainian troops… [+1104 chars]",,en,'Ukraine'
498,https://www.abc.net.au/news/2026-09-19/russia-reports-cyberattacks-during-election/107172738,0,www.abc.net.au,Russia reports cyber attacks on voting system during parliamentary election,"Russian authorities have reported multiple attacks on voting systems and communication lines across the country, as Russians head to the polls in a three-day parliamentary election.",https://live-production.wcms.abc-cdn.net.au/f26996bd88f91e5a6993dacc22f39d44?impolicy=wcms_watermark_news&cropH=2813&cropW=5000&xPos=0&yPos=0&width=862&height=485&imformat=generic,2026-09-19T12:17:44Z,,"Russian authorities have reported multiple attacks on voting systems and communication lines across the country, as Russians head to the polls in a three-day parliamentary election.
The online votin… [+4744 chars]",,en,'Russia'
499,https://slashdot.org/firehose.pl?op=view&amp;id=185704790,0,slashdot.org,Russia holds parliamentary vote in areas it seized from Ukraine in the war - NPR,Russia holds parliamentary vote in areas it seized from Ukraine in the warNPR See more headlines &amp; perspectives on Google News ...,,2026-09-19T12:53:27Z,,The Fine Print: The following comments are owned by whoever posted them. We are not responsible for them in any way.,,en,'Ukraine'
500,https://biztoc.com/x/4ecc78c496640df4,0,biztoc.com,Ukraine says 300 air defense targets hit in 2026,"Commander of Ukraine's Unmanned Systems Forces Robert ""Madyar"" Brovdi said Ukrainian forces have destroyed or neutralized 300 Russian air defense-related targets over 261 days in 2026, with the strike...",https://biztoc.com/cdn/4ecc78c496640df4_s.webp,2026-09-19T12:59:47Z,,"Commander of Ukraine's Unmanned Systems Forces Robert ""Madyar"" Brovdi said Ukrainian forces have destroyed or neutralized 300 Russian air defense-related targets over 261 days in 2026, with the strik… [+69 chars]",,en,'Ukraine'
501,https://cryptobriefing.com/china-criticizes-us-sanctions-russia-iran/,0,cryptobriefing.com,China condemns new US sanctions law targeting Russia and Iran as illegal overreach,"The US sanctions law may strain international relations, impacting global trade dynamics and challenging multilateral diplomatic frameworks.
The post China condemns new US sanctions law targeting Russia and Iran as illegal overreach appeared first on Crypto B…",https://static.cryptobriefing.com/wp-content/uploads/2026/09/19090406/library-china-condemns-new-us-sanctions-law-targeting-russia-and-800x450.png,2026-09-19T13:04:09Z,,Beijing fires back after Congress passes sweeping legislation imposing up to 100% tariffs on major importers of Russian energy China’s Foreign Ministry wasted no time responding to Washington’s lates… [+1931 chars],,en,'China'
502,https://www.bbc.co.uk/news/articles/c34gdjk1ne8yo,0,www.bbc.co.uk,"Two killed in 'massive' Ukrainian drone attack on Moscow region, says Russia","An oil refinery was also reportedly hit in Moscow, and flights were suspended at two capital airports.",https://ichef.bbci.co.uk/ace/branded_news/1200/cpsprodpb/719d/live/40d8a330-b4ac-11f1-bc1f-3f186ca4140c.jpg,2026-09-20T05:04:54Z,,"At least two people have been killed and six injured in a ""massive"" overnight Ukrainian drone attack on the Moscow region, Governor Andrei Vorobyev has said.
Vorobyev said 249 drones had been shot d… [+1892 chars]",,en,'Ukraine'
503,https://www.huffpost.com/entry/ukraine-launches-massive-overnight-attack-that-includes-largest-ever-drone-assault-on-moscow_n_6aafc1d6e4b03601209acb4e,0,www.huffpost.com,Ukraine Launches Massive Overnight Attack That Includes 'Largest Ever' Drone Assault On Moscow,Ukrainian President Volodymyr Zelenskyy said that Kyiv had used a range of missiles and drones in the attack to hit oil and logistics facilities.,https://img.huffingtonpost.com/asset/6aafc2f41c0000f91395ed0f.jpeg?cache=2bH9WXmDTn&ops=1200_630,2026-09-20T11:30:22Z,,"Flame and smoke is seen rising from Moscow's oil refinery in the south east of the city following a largescale Ukrainian drone attack, Sunday, Sept. 20, 2026. (UGC via AP)
Ukrainian forces fired mor… [+4006 chars]",,en,'Moscow'
504,https://www.rt.com/news/646005-russophobic-west-blame-ukraine-peace-chance/,0,www.rt.com,‘Russophobic West’ to blame for lost Ukraine peace chance – NATO state leader,"Ukraine could have had a peace deal with Russia in 2022 but chose to listen to the “Russophobic West,” Robert Fico said Read Full Article at RT.com",https://mf.b37mrtl.ru/files/2026.09/article/6aafbf5c20302755e665ac6a.jpg,2026-09-20T11:32:06Z,http://web.archive.org/web/20260920121244/https://www.rt.com/news/646005-russophobic-west-blame-ukraine-peace-chance/,"Ukraine made a “huge mistake” by caving in to its Western backers and walking away from a potential peace deal with Russia in 2022, Slovak Prime Minister Robert Fico has said. He also argued that yea… [+2830 chars]",,en,'Ukraine'
505,https://www.rte.ie/entertainment/2026/0920/1592240-snl-uk-mocks-ed-sheeran-over-macklemore-row/,0,www.rte.ie,SNL UK mocks Ed Sheeran over Macklemore row,Saturday Night Live UK has mocked singer Ed Sheeran over the row which saw Macklemore dropped as his support act in a sketch about King Charles.,https://www.rte.ie/images/0025029d-1600.jpg,2026-09-20T11:44:19Z,http://web.archive.org/web/20260920175343/https://www.rte.ie/entertainment/2026/0920/1592240-snl-uk-mocks-ed-sheeran-over-macklemore-row/,"Saturday Night Live UK has mocked singer Ed Sheeran over the row which saw Macklemore dropped as his support act in a sketch about King Charles.
It comes after all of the support acts for the singer… [+2942 chars]",,en,'Ukraine'
506,https://cryptobriefing.com/ukraine-largest-drone-attack-moscow/,0,cryptobriefing.com,"Ukraine launches largest ever drone attack on Moscow with over 1,600 drones","Ukraine's unprecedented drone assault on Moscow signals a significant escalation, potentially altering geopolitical dynamics and military strategies.
The post Ukraine launches largest ever drone attack on Moscow with over 1,600 drones appeared first on Crypto…",https://static.cryptobriefing.com/wp-content/uploads/2026/09/20074802/library-ukraine-launches-largest-ever-drone-attack-on-moscow-wit-800x450.png,2026-09-20T11:48:06Z,,"The massive aerial assault hit a key oil refinery and killed two people on Russia's election day, marking a dramatic escalation in Ukraine's long-range strike capability Ukraine sent a record-breakin… [+2000 chars]",,en,'Ukraine'
507,https://www.foxnews.com/world/ukraine-targets-russia-1000-drones-killing-2-moscow-holds-last-day-elections,0,www.foxnews.com,"Ukraine targets Russia with over 1,000 drones, killing 2 as Moscow holds last day of elections","Ukraine launched over 1,000 drones and missiles at Moscow in what Russia calls the largest attack of the war, damaging a major oil refinery.",https://static.foxnews.com/foxnews.com/content/uploads/2026/09/moscow-drone-attacks.gif,2026-09-20T11:49:27Z,http://web.archive.org/web/20260920123756/https://www.foxnews.com/world/ukraine-targets-russia-1000-drones-killing-2-moscow-holds-last-day-elections,"Ukraine delivered a barrage of missiles and more than 1,000 drones on Russia, which Moscow is calling the ""largest ever"" of the war and an attack on its parliamentary elections.
Ukrainian President … [+4621 chars]",,en,'MOSCOW'
514,https://www.globalsecurity.org/wmd/library/news/ukraine/2026/09/ukraine-260920-sputnik06.htm,0,www.globalsecurity.org,Russia Hammers Key Ukrainian Military Logistics Hubs,"The Russian army carried out coordinated strikes on Ukrainian targets using high-precision air-launched weapons and attack drones, according to Russia's Ministry of Defense.",,2026-09-20T12:00:00Z,,"20260920
The Russian army carried out coordinated strikes on Ukrainian targets using high-precision air-launched weapons and attack drones, according to Russia's Ministry of Defense.
In Kiev, the s… [+943 chars]",,en,'russia'
508,https://www.globalsecurity.org/wmd/library/news/ukraine/2026/09/ukraine-260920-sputnik02.htm,0,www.globalsecurity.org,Russian Strikes Leave Ukraine's Biggest Steel Producers Offline - Report,"Ukraine's steel industry has effectively been brought to a halt after Russian strikes damaged three of the country's largest steel plants in Zaporozhye and Dnepropetrovsk regions, medias reported, citing industry representatives.",,2026-09-20T12:00:00Z,,"20260920
Ukraine's steel industry has effectively been brought to a halt after Russian strikes damaged three of the country's largest steel plants in Zaporozhye and Dnepropetrovsk regions, medias re… [+774 chars]",,en,'Ukraine'
509,https://www.globalsecurity.org/wmd/library/news/ukraine/2026/09/ukraine-260920-rferl01.htm,0,www.globalsecurity.org,Russia And Ukraine Launch Attacks On Final Day Of Russian Parliamentary Vote,"There was no letup in fighting between Russia and Ukraine on September 20, as voters in Russia cast ballots on the final day of parliamentary elections from which a political party calling for peace was excluded.",,2026-09-20T12:00:00Z,,"By Ray Furlong September 20, 2026
There was no letup in fighting between Russia and Ukraine on September 20, as voters in Russia cast ballots on the final day of parliamentary elections from which a… [+7294 chars]",,en,'Ukraine'
510,https://www.globalsecurity.org/wmd/library/news/canada/2026/canada-260920-canadapm01.htm,0,www.globalsecurity.org,Prime Minister Carney meets with President of France Emmanuel Macron,"Today, the Prime Minister, Mark Carney, met with the President of France, Emmanuel Macron, during his visit to Saint-Pierre-et-Miquelon, France.",,2026-09-20T12:00:00Z,,"Prime Minister of Canada - Mark Carney
September 20, 2026Saint-Pierre-et-Miquelon, France
Today, the Prime Minister, Mark Carney, met with the President of France, Emmanuel Macron, during his visit… [+3546 chars]",,en,'France'
511,https://www.globalsecurity.org/wmd/library/news/ukraine/2026/09/ukraine-260920-sputnik01.htm,0,www.globalsecurity.org,Russian Forces Repel Massive Ukrainian Attack Aimed at Derailing State Duma Elections,"Ukraine attempted a massive attack on Russian territory on September 19-20 in order to disrupt the State Duma elections, but the enemy failed to achieve its objectives, the Russian Ministry of Defense reported.",,2026-09-20T12:00:00Z,,"20260920
Ukraine attempted a massive attack on Russian territory on September 19-20 in order to disrupt the State Duma elections, but the enemy failed to achieve its objectives, the Russian Ministry… [+643 chars]",,en,'Ukraine'
512,https://www.globalsecurity.org/space/library/news/2026/space-260920-rferl01.htm,0,www.globalsecurity.org,Russia's Starlink Rival Faces Problems In Orbit And Threats On The Ground,Russia is building its own version of Starlink -- Elon Musk's constellation of satellites in low-earth orbit that can provide fast Internet access anywhere in the world.,,2026-09-20T12:00:00Z,,"By Yauhen Lehalau, Valentin Baryshnikov and Ivan Gutterman September 20, 2026
Russia is building its own version of Starlink -- Elon Musk's constellation of satellites in low-earth orbit that can pr… [+8910 chars]",,en,'Russia'
513,https://www.globalsecurity.org/wmd/library/news/ukraine/2026/09/ukraine-260920-estonia-mfa01.htm,0,www.globalsecurity.org,Foreign Minister Tsahkna on World Cleanup Day: Russia Must Be Held Accountable for the Environmental Damage It Has Caused in Ukraine,"Today, 20 September, marks International World Cleanup Day, which has been an official United Nations observance for the third consecutive year. This year's World Cleanup Day focuses on reducing food waste and raising awareness. To mark the occasion, the Mini…",,2026-09-20T12:00:00Z,,"Republic of Estonia - Ministry of Foreign Affairs
20.09.2026 | 17:29
Today, 20 September, marks International World Cleanup Day, which has been an official United Nations observance for the third c… [+3051 chars]",,en,'Russia'
516,https://www.globalsecurity.org/wmd/library/news/canada/2026/canada-260920-canadapm02.htm,0,www.globalsecurity.org,Joint statement by Prime Minister Carney and Prime Minister of Norway Jonas Gahr Støre,"""The Prime Minister of Canada, Mark Carney, and the Prime Minister of Norway, Jonas Gahr Støre, met in Ottawa to reaffirm the strong and enduring partnership between both countries.",,2026-09-20T12:00:00Z,,"Prime Minister of Canada - Mark Carney
September 20, 2026Ottawa, Ontario
""The Prime Minister of Canada, Mark Carney, and the Prime Minister of Norway, Jonas Gahr Støre, met in Ottawa to reaffirm th… [+12017 chars]",,en,'Ottawa'
515,https://www.globalsecurity.org/space/library/news/2026/space-260920-sputnik01.htm,0,www.globalsecurity.org,Russian Rassvet Satellite Network Puts Ukraine on Alert,"Rassvet could allow Russian forces to control drones through satellite links, reducing their dependence on vulnerable ground-based communications infrastructure, Ukrainian presidential adviser and radio-technology specialist Serhii Beskrestnov said.",,2026-09-20T12:00:00Z,,"20260920
Rassvet could allow Russian forces to control drones through satellite links, reducing their dependence on vulnerable ground-based communications infrastructure, Ukrainian presidential advi… [+598 chars]",,en,'Ukraine'
517,https://www.the-sun.com/news/17032027/moscow-rocked-drone-strikes-ukraine/,0,www.the-sun.com,Moscow rocked by 'biggest ever' Ukrainian drone onslaught...,,,2026-09-20T12:00:13Z,,"UKRAINE has launched its ‘biggest ever’ attack on Moscow as 1,600 drones were unleashed across Russia. Dramatic footage shows massive fires raging in the district, as well as the Sofyin…",,en,'Moscow'
518,https://www.abc.net.au/news/2026-09-20/australia-bids-seat-united-nations-seurity-council/107173870,0,www.abc.net.au,Australia begins campaign for seat at world's most powerful table,Anthony Albanese plans to trade on Australia's good name and international reputation when he officially launches the campaign for a two-year term on the powerful United Nations Security Council.,https://live-production.wcms.abc-cdn.net.au/227fb0acff110c5c55cb02a23d3673e2?impolicy=wcms_watermark_news&cropH=2813&cropW=5000&xPos=0&yPos=260&width=862&height=485&imformat=generic,2026-09-20T12:02:49Z,,"Anthony Albanese plans to trade on Australia's good name and international reputation when he officially launches the campaign for a two-year term on the powerful United Nations Security Council.
De… [+2884 chars]",,en,'Australia'
519,https://janatutkova.blog.pravda.sk/2026/09/20/russian-false-flag-operation-in-baltics-thats-how-it-was-conducted-in-ukraine-in-feb-2022/,0,janatutkova.blog.pravda.sk,Russian false flag operation in Baltics? That’s how it was conducted in Ukraine in Feb 2022,Recent warnings of Lithuanian Foreign Minister Kęstutis Budrys and Polish Prime Minister Donald Tusk that Moscow may be preparing hybrid operations that could be used as a false flag to attack NATO member countries bring back the history of how the false flag…,https://blog.pravda.sk/avatar/blog-6562-256.png,2026-09-20T12:09:25Z,,Recent warnings of Lithuanian Foreign Minister Kstutis Budrys and Polish Prime Minister Donald Tusk that Moscow may be preparing hybrid operations that could be used as a false flag to attack NATO me… [+4054 chars],,en,'Ukraine'
520,https://www.newser.com/story/396735/ukraine-launches-biggest-drone-attack-yet-on-moscow.html,0,www.newser.com,Ukraine Launches Biggest Drone Attack Yet on Moscow,"Ukrainian forces fired more than 1,000 drones at Russia overnight, including hundreds that were launched toward Moscow, Russian officials said Sunday. The bombardment came as the Kremlin was wrapping up the third and last day of its parliamentary elections. M…",https://cdn.newser.com/image/1712728-12-20260920075332.jpeg,2026-09-20T12:23:26Z,http://web.archive.org/web/20260920143537/https://www.newser.com/story/396735/ukraine-launches-biggest-drone-attack-yet-on-moscow.html,"Ukrainian forces fired more than 1,000 drones at Russia overnight, including hundreds that were launched toward Moscow, Russian officials said Sunday. The bombardment came as the Kremlin was wrapping… [+340 chars]",,en,'Ukraine'
521,https://economictimes.indiatimes.com/news/international/world-news/moscow-fends-off-largest-drone-attack-during-parliamentary-elections-as-ukraine-strikes-key-facilities/articleshow/134368551.cms,0,economictimes.indiatimes.com,"Moscow repels 'largest enemy drone attack' involving over 1,600 UAVs amid Russian parliamentary elections",Russia reported repelling a large drone attack targeting Moscow during ongoing parliamentary elections. Ukrainian President Volodymyr Zelenskyy claimed significant strikes impacted Russian oil and logistics facilities. He detailed various drone systems used i…,"https://img.etimg.com/thumb/msid-134368550,width-1200,height-630,imgsize-73378,overlay-economictimes/articleshow.jpg",2026-09-20T12:30:35Z,http://web.archive.org/web/20260920125203/https://economictimes.indiatimes.com/news/international/world-news/moscow-fends-off-largest-drone-attack-during-parliamentary-elections-as-ukraine-strikes-key-facilities/articleshow/134368551.cms,"Moscow [Russia]: Amid ongoing Russian parliamentary elections, Moscow Mayor Sergei Sobyanin said on Sunday that Russia had repelled what he described as the ""largest enemy drone attack"" on Moscow, cl… [+4103 chars]",,en,'russia'
522,https://slashdot.org/firehose.pl?op=view&amp;id=185716658,0,slashdot.org,"Ukraine fires over 1,000 drones at Russia, including hundreds launched at Moscow - NPR","Ukraine fires over 1,000 drones at Russia, including hundreds launched at MoscowNPR See more headlines &amp; perspectives on Google News ...",,2026-09-20T12:33:10Z,http://web.archive.org/web/20160119174443/http://slashdot.org/firehose.pl?op=view,The Fine Print: The following comments are owned by whoever posted them. We are not responsible for them in any way.,,en,'russia'
523,https://cryptobriefing.com/world-leaders-gather-at-un-to-address-middle-east-tensions-ukraine-conflict/,0,cryptobriefing.com,"World leaders gather at UN to address Middle East tensions, Ukraine conflict","The UN meetings could reshape diplomatic strategies, potentially easing global tensions and influencing future peace negotiations.
The post World leaders gather at UN to address Middle East tensions, Ukraine conflict appeared first on Crypto Briefing.",https://static.cryptobriefing.com/wp-content/uploads/2026/09/20083702/commons-picker-govcommons407d2d1e73bf7876-4-800x450.jpg,2026-09-20T12:37:03Z,,"World leaders have convened in New York for a series of United Nations meetings, focusing on escalating tensions in the Middle East, the ongoing conflict in Ukraine, and pressing global energy issues… [+1576 chars]",,en,'Ukraine'
524,https://biztoc.com/x/a4fcb2738a978a57,0,biztoc.com,Ukraine Pounds Major Moscow Refinery As Global Diesel Crisis Threatens Economic Shock,"Ukraine Pounds Major Moscow Refinery As Global Diesel Crisis Threatens Economic Shock
 
Military conflicts, economic wars, and resource wars are converging ahead of the Northern Hemisphere winter.
Export restrictions on critical materials and energy products …",https://biztoc.com/cdn/a4fcb2738a978a57_s.webp,2026-09-20T12:52:54Z,,"Ukraine Pounds Major Moscow Refinery As Global Diesel Crisis Threatens Economic Shock
Military conflicts, economic wars, and resource wars are converging ahead of the Northern Hemisphere winter.Expo… [+145 chars]",,en,'Ukraine'
525,https://biztoc.com/x/f03783036f3880ab,0,biztoc.com,Half the drones in a recent US Army combat exercise were designed to be expendable,"The war in Ukraine has shown the value of soldiers having a lot of drones they can expend without worrying about replacing them.
US Army photo by Staff Sgt. Trevin Rund
US Army soldiers used about 2,000 attack drones in a recent exercise.
Half of those system…",https://biztoc.com/cdn/f03783036f3880ab_s.webp,2026-09-20T12:53:04Z,,"The war in Ukraine has shown the value of soldiers having a lot of drones they can expend without worrying about replacing them.US Army photo by Staff Sgt. Trevin RundUS Army soldiers used about 2,00… [+143 chars]",,en,'Ukraine'
526,https://slashdot.org/firehose.pl?op=view&amp;id=185716844,0,slashdot.org,"Russia Barred Their Party, but These Antiwar Voices Are Still Standing - The New York Times","Russia Barred Their Party, but These Antiwar Voices Are Still StandingThe New York Times Ukraine war briefing: Kyiv denounces Russia’s inclusion of annexed regions in parliamentary electionsThe Guardian [Interview] Why does Putin bother with elections when ev…",,2026-09-20T12:53:31Z,http://web.archive.org/web/20160119174443/http://slashdot.org/firehose.pl?op=view,The Fine Print: The following comments are owned by whoever posted them. We are not responsible for them in any way.,,en,'Kyiv'
527,https://www.bbc.co.uk/news/articles/c8207255rq5lo,0,www.bbc.co.uk,Burnham hails Greenland deal ahead of expected first Trump meeting,"While Burnham praised the agreement, Lib Dem leader Ed Davey called it a ""pretend"" victory for Trump.",https://ichef.bbci.co.uk/ace/branded_news/1200/cpsprodpb/a768/live/d19d2960-b513-11f1-b1d1-571ed4d7ff2c.jpg,2026-09-20T17:25:49Z,,"""Donald Trump is trying to claim he's got a success in Greenland, but actually, all he's got is almost a carbon copy of the agreement that's persisted since the 1950s,"" he said at a Q&amp;A with memb… [+1202 chars]",,en,'Ukraine'
528,https://www.bbc.co.uk/news/articles/cx4gqv239043o,0,www.bbc.co.uk,Russia's elections had few surprises - but how the Kremlin uses the results is far from clear,"Vladimir Putin will likely use the result to claim most Russians back the so-called special military operation in Ukraine, writes the BBC's Steve Rosenberg.",https://ichef.bbci.co.uk/ace/branded_news/1200/cpsprodpb/acbc/live/b0aa9520-b54b-11f1-bc1f-3f186ca4140c.jpg,2026-09-21T00:05:11Z,,"Ahead of the final day of this three-day election, Ukraine had launched a large-scale drone attack on the Moscow area. The city's oil refinery was hit.
At a polling station near the oil refinery, I … [+1175 chars]",,en,'Ukraine'
529,https://www.businessinsider.com/russia-kamikaze-drone-factory-expansion-plans-2026-9#article,0,www.businessinsider.com,Russia's secret plan to supercharge kamikaze drone production,Documents obtained by POLITICO show a Russian state company blueprint for increasing drone carbon fiber production as the Kremlin escalates air war over Europe.,https://i.insider.com/6ab1241a4a3706ac06f8556e?width=1200&format=jpeg,2026-09-21T12:47:12Z,http://web.archive.org/web/20260921134920/https://www.businessinsider.com/russia-kamikaze-drone-factory-expansion-plans-2026-9,Satellite images captured in May (L) and July (R) show land adjacent to Rosatom's Alabuga-Volokno carbon fiber factory in Tatarstan's Alabuga Special Economic Zone being cleared for the expansion pro… [+10562 chars],,en,'Russia'
530,https://www.prnewswire.com/news-releases/global-approval-of-the-united-nations-outweighs-disapproval-but-support-varies-widely-by-country-and-region-302885037.html,0,www.prnewswire.com,"Global Approval of the United Nations Outweighs Disapproval, but Support Varies Widely by Country and Region","As the UN prepares to name a new Secretary-General, a new Gallup report finds a median 50% of the world approves of the organization's job performance while 26% disapproves — giving the organization a net approval score of +24 WASHINGTON, Sept. 21, 2026 /PRNe…",https://mmx.prnewswire.com/media/MS1803788/Gallup-CORP-P-b-cmyk-Logo.jpg?id=OA2961119&p=facebook,2026-09-21T17:47:00Z,,"As the UN prepares to name a new Secretary-General, a new Gallup report finds a median 50% of the world approves of the organization's job performance while 26% disapproves giving the organization a … [+4424 chars]",,en,'Russia'
531,https://www.business-standard.com/world-news/russian-strikes-destroy-millions-of-books-ukraine-s-literary-future-hangs-126092101402_1.html,0,www.business-standard.com,"Russian strikes destroy millions of books, Ukraine's literary future hangs","More than 13 million books -- a third of the country's annual print run -- were destroyed in two months this summer, causing at least USD 39.3 million (1.75 billion hryvnias) in damage",https://bsmedia.business-standard.com/_media/bs/img/article/2026-07/14/thumb/fitandfill/1200X628/1784013417-3805.JPG,2026-09-21T17:47:51Z,,"More than 13 million books -- a third of the country's annual print run -- were destroyed in two months this summer, causing at least USD 39.3 million (1.75 billion hryvnias) in damage
Ukrainian Pre… [+2089 chars]",,en,'Ukraine'
532,https://timesofindia.indiatimes.com/city/mumbai/manhole-death-in-mumbai-three-months-on-panel-still-unaware-of-who-left-it-open/articleshow/134395523.cms,0,timesofindia.indiatimes.com,"Manhole death in Mumbai: Three months on, panel still unaware of who left it open","BMC panel urges vigilance probe into sewer manhole netting work since 2024 after Mumbai manhole death; contractor blamed, but who left it open unclear.","https://static.toiimg.com/thumb/msid-134395522,width-1280,height-720,resizemode-6,overlay-toi_sw,pt-32,y_pad-600/photo.jpg",2026-09-21T17:51:14Z,,"Follow Us On Social Media
Pak Airline's Big Glow-Up Gets Savagely Trolled By Own Passengers; 'Fix Planes, Not Uniforms'Blank Check For Israel: Van Hollen Exposes Trumps Deal With Netanyahu; Reality … [+2875 chars]",,en,'Mumbai'
533,https://timesofindia.indiatimes.com/world/rest-of-world/25th-typhoon-in-2026-nearly-2-million-ordered-to-evacuate-from-several-japan-regions/articleshow/134395467.cms,0,timesofindia.indiatimes.com,25th typhoon in 2026: Nearly 2 million ordered to evacuate from several Japan regions,"Typhoon Dujuan has forced nearly two million Japanese residents to evacuate their homes. Over fifty thousand households lost power, and many flights were cancelled. Prime Minister Sanae Takaichi postponed her US visit to manage the storm's impact. This storm …","https://static.toiimg.com/thumb/msid-134395525,width-1280,height-720,resizemode-6,overlay-toi_sw,pt-32,y_pad-600/photo.jpg",2026-09-21T17:55:39Z,,"Follow Us On Social Media
Pak Airline's Big Glow-Up Gets Savagely Trolled By Own Passengers; 'Fix Planes, Not Uniforms'Blank Check For Israel: Van Hollen Exposes Trumps Deal With Netanyahu; Reality … [+2875 chars]",,en,'Russia'
534,https://timesofindia.indiatimes.com/city/chennai/how-the-new-social-security-code-could-affect-tamil-nadus-informal-workers/articleshow/134395602.cms,0,timesofindia.indiatimes.com,How the New Social Security Code Could Affect Tamil Nadu’s Informal Workers,"Tamil Nadu’s welfare boards face uncertainty under India’s new Social Security Code, risking funding and delivery of pensions, maternity and other benefits to informal workers.","https://static.toiimg.com/thumb/msid-134395601,width-1280,height-720,resizemode-6,overlay-toi_sw,pt-32,y_pad-600/photo.jpg",2026-09-21T17:55:52Z,,"Follow Us On Social Media
Pak Airline's Big Glow-Up Gets Savagely Trolled By Own Passengers; 'Fix Planes, Not Uniforms'Blank Check For Israel: Van Hollen Exposes Trumps Deal With Netanyahu; Reality … [+2875 chars]",,en,'India'
535,https://www.bbc.co.uk/news/articles/ck5yw8npxzrlo,0,www.bbc.co.uk,"Lithuania ready to 'fight back' but has evacuation plans in face of Russia threats, PM tells BBC","Sinkevičius told BBC Newsnight Lithuanians feel ""constantly threatened"" by Moscow, but the nation was prepared to ""fight back"" if attacked.",https://ichef.bbci.co.uk/ace/branded_news/1200/cpsprodpb/db7a/live/4b4ac290-b622-11f1-a430-4d16ee157c41.jpg,2026-09-22T01:04:16Z,http://web.archive.org/web/20260922053100/https://www.bbc.co.uk/news/articles/ck5yw8npxzrlo,"Lithuania's prime minister has told the BBC his country has made evacuation plans in the face of threats from Russia, but added they ""will not surrender"" if attacked.
Prime Minister Mindaugas Sinkev… [+1512 chars]",,en,'MOSCOW'
536,https://www.bbc.co.uk/news/articles/c6dj4k98107do,0,www.bbc.co.uk,Ukraine anger as EU removes Russian oligarchs from sanctions list,"Alisher Usmanov and Mikhail Fridman both have close ties to President Putin, and Kyiv said the move sent Moscow the wrong signals.",https://ichef.bbci.co.uk/ace/branded_news/1200/cpsprodpb/9373/live/8fd92fe0-b6b4-11f1-a430-4d16ee157c41.jpg,2026-09-22T19:06:06Z,,"The European Union is to remove sanctions on two oligarchs imposed after Russia's full-scale invasion of Ukraine in 2022, according to reports, prompting anger in Ukraine.
France had campaigned for … [+1535 chars]",,en,'Ukraine'
