index,url,valid,domain,title,description,image,published,archive,content,quote,language,keyword
0,https://www.foxsports.com/stories/soccer/2026-world-cup-betting-usa-big-liability-bosnia-herzegovina,0,www.foxsports.com,2026 World Cup Odds: 'USA Winning On Penalties Would Be Best Outcome',"Sportsbooks are fine with a USA win over Bosnia and Herzegovina, but only via a specific fashion. Patrick Everson reports.",https://a57.foxsports.com/statics.foxsports.com/www.foxsports.com/content/uploads/2026/06/1408/814/usa-soccer_liability_bosnia_odds_everson.jpg?ve=1&tl=1,2026-07-01T00:02:01Z,http://web.archive.org/web/20260702011930/https://www.foxsports.com/stories/soccer/2026-world-cup-betting-usa-big-liability-bosnia-herzegovina,"Oddsmakers at American sportsbooks expected substantial support for the USA in World Cup odds.
However, wagering went well beyond substantial in the group stage, and its continuing in the USA vs. Bo… [+3888 chars]",,en,'Bosnia and Herzegovina'
1,https://www.foxsports.com/stories/soccer/does-usa-have-enough-depth-can-beat-spain-maurice-edu-answers-fans-questions,0,www.foxsports.com,Does USA Have Enough Depth? Could They Beat Spain? Maurice Edu Answers Fans' Questions,Maurice Edu answers USA fans' questions ahead of the World Cup matchup vs. Bosnia and Herzegovina.,https://a57.foxsports.com/statics.foxsports.com/www.foxsports.com/content/uploads/2026/06/1408/814/artboard-1social2-2.jpg?ve=1&tl=1,2026-07-01T03:02:26Z,,"The USA doesn't enter the knockout stage coming off a positive result, but I'm unfazed. We didn't see the Americans' go-to lineup in that game, and I'm looking at the round-of-32 matchup on Wednesday… [+4662 chars]",,en,'Spain'
2,https://www.yahoo.com/news/world/articles/ukrainian-drone-attacks-oil-refineries-040150331.html,0,www.yahoo.com,Ukrainian drone attacks on oil refineries plunge Russia into a summer fuel crisis,The lines are growing at Russian gas stations -- and so is the frustration and uncertainty as several months of Ukrainian attacks have set oil refineries abl...,https://s.yimg.com/lo/mysterio/api/1ad5ae55e785345c9f842b466d5b08bd3512af300174ecfa5444d946bc07458f/lightyear_networkapi/resizefill_w1200;quality_80;format_webp/https:%2F%2Fmedia.zenfs.com%2Fen%2Fap.org%2F9dba9485874f7184a35575c311071e46,2026-07-01T04:01:50Z,,The lines are growing at Russian gas stations -- and so is the frustration and uncertainty as several months of Ukrainian attacks have set oil refineries ablaze and choked supplies for motorists acro… [+7477 chars],,en,'St Petersburg'
3,https://www.aljazeera.com/video/newsfeed/2026/7/1/tutoring-centre-roof-collapses-killing-14-children-in-pakistan,0,www.aljazeera.com,Tutoring centre roof collapses killing 14 children in Pakistan,"At least 14 children were killed when the roof of a private tutoring centre collapsed outside Lahore, Pakistan.",https://www.aljazeera.com/wp-content/uploads/2026/07/image-1782881021.jpg?resize=1620%2C1080&quality=80,2026-07-01T04:45:14Z,http://web.archive.org/web/20260702023425/https://www.aljazeera.com/video/newsfeed/2026/7/1/tutoring-centre-roof-collapses-killing-14-children-in-pakistan,"NewsFeed
At least 14 children were killed when the roof of a private tutoring centre collapsed outside Lahore, Pakistan. Officials said the unregistered centre was operating inside a residential bui… [+25 chars]",,en,'Pakistan'
4,https://www.bbc.co.uk/news/articles/cx23dwx0232o,0,www.bbc.co.uk,Can China target critics abroad with its new 'ethnic unity' law?,Rights groups fear the new law gives Beijing legal authority to go after people beyond its borders.,https://ichef.bbci.co.uk/ace/branded_news/1200/cpsprodpb/32b8/live/0d3f5890-74f9-11f1-9bbd-83e44a2dbbf0.jpg,2026-07-01T05:34:03Z,,"Zhang Yadi, 23, also known as Tara, is supposed to be studying at a prestigious university in the UK.
Instead she is believed to be in detention in China.
In one of her last posts on the social med… [+1910 chars]",,en,'Beijing'
5,https://www.bbc.com/news/articles/cx23dwx0232o?xtor=AL-72-%5Bpartner%5D-%5Byahoo.north.america%5D-%5Bheadline%5D-%5Bnews%5D-%5Bbizdev%5D-%5Bisapi%5D,0,www.bbc.com,Can China target critics abroad with its new 'ethnic unity' law?,Rights groups fear the new law gives Beijing legal authority to go after people beyond its borders.,https://s.yimg.com/lo/mysterio/api/f40bc29e388c85f25f338d4e88364794d21b66b43f14ba3a9ba28d8cdb78ebf4/lightyear_networkapi/resizefill_w1024_h576;quality_80;format_webp/https:%2F%2Fmedia.zenfs.com%2Fen%2Fbbc_us_articles_995%2Fab6a0e8eff0be5fd2566a1e4e7552d01,2026-07-01T05:56:31Z,http://web.archive.org/web/20260702034114/https://www.bbc.com/news/articles/cx23dwx0232o?xtor=AL-72-%5Bpartner%5D-%5Byahoo.north.america%5D-%5Bheadline%5D-%5Bnews%5D-%5Bbizdev%5D-%5Bisapi%5D,"Zhang Yadi, 23, also known as Tara, is supposed to be studying at a prestigious university in the UK.
Instead she is believed to be in detention in China.
In one of her last posts on the social med… [+9009 chars]",,en,'BEIJING'
6,https://www.yahoo.com/news/articles/exclusive-russia-approved-secret-china-060418094.html,0,www.yahoo.com,"Exclusive-Russia approved secret China military training at top level, sources say",July 1 (Reuters) - China's covert military training of Russian forces last year was personally approved by President Vladimir Putin's defence minister and di...,https://s.yimg.com/lo/mysterio/api/1f3be222b1e9df5806fc2db021ffe38d0a12b74b085d1792d8865d31551dffba/lightyear_networkapi/resizefill_w800_h527;quality_80;format_webp/https:%2F%2Fmedia.zenfs.com%2Fen%2Freuters.com%2Fdf6fc3b6bd53ef6364bb93431d12c8ff,2026-07-01T06:04:18Z,http://web.archive.org/web/20260701062411/https://www.yahoo.com/news/articles/exclusive-russia-approved-secret-china-060418094.html,July 1 (Reuters) - China's covert military training of Russian forces last year was personally approved by President Vladimir Putin's defence minister and directly involved at least four Russian and … [+5082 chars],,en,'China'
7,https://consent.yahoo.com/v2/collectConsent?sessionId=1_cc-session_3c3a22ad-21c6-43f1-bd1b-46744d8d58db,0,consent.yahoo.com,"Beijing plane crash clouds China's low-altitude flights, uncovers safety gaps",,,2026-07-01T06:29:06Z,,"If you click 'Accept all', we and our partners, including 249 who are part of the IAB Transparency &amp; Consent Framework, will also store and / or access information on a device (in other words, us… [+1046 chars]",,en,'BEIJING'
8,https://www.yahoo.com/news/articles/taiwan-ships-ignore-boarding-requests-055256720.html,0,www.yahoo.com,"Taiwan ships should ignore boarding requests by China coast guard, Taipei says","TAIPEI, July 1 (Reuters) - Taiwanese ships off the island's east coast should ignore any boarding and inspection demands by China's Coast Guard, and if neces...",https://s.yimg.com/lo/mysterio/api/60f265493bbf603c72e6048b66b886bea2306c6ea863adcb2ee8e0145a451ac8/lightyear_networkapi/resizefill_w800_h534;quality_80;format_webp/https:%2F%2Fmedia.zenfs.com%2Fen%2Freuters.com%2F426a77240a12f42b76543236f38cb10d,2026-07-01T06:44:44Z,http://web.archive.org/web/20260701221129/https://www.yahoo.com/news/articles/taiwan-ships-ignore-boarding-requests-055256720.html,"TAIPEI, July 1 (Reuters) - Taiwanese ships off the island's east coast should ignore any boarding and inspection demands by China's Coast Guard, and if necessary Taiwanese Coast Guard vessels will in… [+2773 chars]",,en,'Taipei'
9,https://www.yahoo.com/news/world/articles/chinas-xi-urges-ruling-communist-042356763.html,0,www.yahoo.com,"China's Xi urges ruling Communist Party to be adaptable, safeguard advances","BEIJING, July 1 (Reuters) - China's ruling Communist Party must keep pace with changing circumstances while safeguarding the advances it has made, President...",https://s.yimg.com/lo/mysterio/api/2fd3c76024cfaca822cf5cdb7160e27b3cd05ea42a993b4736bfa68dc85ecc8f/lightyear_networkapi/resizefill_w800_h533;quality_80;format_webp/https:%2F%2Fmedia.zenfs.com%2Fen%2Freuters.com%2Fb97c7643f7c1e66731d97d7f7f290bfb,2026-07-01T07:25:04Z,,"BEIJING, July 1 (Reuters) - China's ruling Communist Party must keep pace with changing circumstances while safeguarding the advances it has made, President Xi Jinping said on Wednesday during celebr… [+3107 chars]",,en,'BEIJING'
10,https://www.rt.com/russia/642433-russia-fsb-cocaine-fish/,0,www.rt.com,Russia seizes mammoth cocaine haul hidden in frozen fish – FSB (VIDEO),"Russia’s FSB has disrupted a cocaine smuggling route from Latin America, seizing over half a ton of drugs hidden in frozen tuna Read Full Article at RT.com",https://mf.b37mrtl.ru/files/2026.07/article/6a44ea8b85f5404d90297955.png,2026-07-01T10:44:44Z,,Russia’s Federal Security Service (FSB) has announced that it has disrupted a major drug supply route from Latin America to the country and has seized over half a ton of cocaine hidden inside a shipm… [+1783 chars],,en,'Russia'
11,https://www.yahoo.com/news/world/articles/zelenskyy-says-ukraine-hits-russian-115602113.html,0,www.yahoo.com,Zelenskyy says Ukraine hits a Russian oil refinery for the second time in a week,"Ukrainian forces struck Russia's major Ufa oil refinery for the second time in a week, Ukrainian President Volodymyr Zelenskyy said Wednesday.  Almost daily...",https://s.yimg.com/lo/mysterio/api/de25ec9aaed035249be6a2400f499ff7f35f3cac3d450c0c78f2ac585ca68121/lightyear_networkapi/resizefill_w1200;quality_80;format_webp/https:%2F%2Fmedia.zenfs.com%2Fen%2Fap.org%2Ff1df75729427046845cd17f30d2a5226,2026-07-01T11:56:02Z,http://web.archive.org/web/20260701221127/https://www.yahoo.com/news/world/articles/zelenskyy-says-ukraine-hits-russian-115602113.html,"KYIV, Ukraine (AP) Ukrainian forces struck Russia's major Ufa oil refinery for the second time in a week, Ukrainian President Volodymyr Zelenskyy said Wednesday.
Almost daily long-range attacks on R… [+3809 chars]",,en,'Ukraine'
12,https://www.cbssports.com/soccer/news/usmnt-vs-bosnia-and-herzegovina-live-stream-fifa-world-cup-predictions-lineups/,0,www.cbssports.com,"USMNT vs. Bosnia and Herzegovina live stream: How to watch FIFA World Cup, predictions and lineups","With Christian Pulisic fit to start, Mauricio Pochettino's squad looks to snap a 24-year knockout stage drought when they face Bosnia and Herzegovina in Santa Clara",https://sportshub.cbsistatic.com/i/r/2026/07/01/f6c2f6a2-d41f-4af2-b09d-21a19440e802/thumbnail/1200x675/6734c64de8b6a174913b2d079a05da9d/untitled-design-2026-07-01t095459-356.png,2026-07-01T13:56:39Z,,"On Tuesday, the United States men's national team will look to do something that they haven't accomplished in 24 years: win a knockout stage game at the World Cup. Facing Bosnia and Herzegovina, the … [+3338 chars]",,en,'Bosnia and Herzegovina'
13,https://www.newyorker.com/sports/world-cup-2026/australias-evolving-appreciation-for-soccer,0,www.newyorker.com,Australia’s Evolving Appreciation for Soccer,"In a country dominated by cricket and rugby, it took a while for the sport to catch on. Now, with the Socceroos making a deep run in the World Cup, the country is fully behind them.","https://media.newyorker.com/photos/6a3ee72bd65f9efd6c6617d7/16:9/w_1280,c_limit/WorldCup_Australia_2b_rt.jpg",2026-07-01T14:54:00Z,http://web.archive.org/web/20260702025347/https://www.newyorker.com/sports/world-cup-2026/australias-evolving-appreciation-for-soccer,"Last week, I flew across the country to watch Australias second group game, against the U.S.A., in Seattle. Interactions between Australian and U.S. soccer fans, Ive found, alternate between the soli… [+3823 chars]",,en,'Türkiye'
14,https://www.nbcnews.com/sports/soccer/sports-newsletter-world-cup-rcna352559,0,www.nbcnews.com,From The Sports Desk: Mexico’s first knockout win in four decades,Mexico broke a four-decade drought in the knockout stages of the World Cup with a 2-0 victory over Ecuador yesterday.,"https://media-cldnry.s-nbcnews.com/image/upload/t_nbcnews-fp-1200-630,f_auto,q_auto:best/rockcms/2026-07/260701-mexico-team-ch-1031-a3efcb.jpg",2026-07-01T15:10:02Z,,"Mexico broke a four-decade drought in the knockout stages of the World Cup with a 2-0 victory over Ecuador yesterday.
Limited time: Save 25% on NBC News subscription
Get exclusive reporting, live Q… [+5114 chars]",,en,'Ecuador'
15,https://www.bgr.com/2205815/china-tianwu-satellite-stop-natural-disaster-asia/,0,www.bgr.com,China Plans To Launch A Satellite System To Predict Natural Disasters Across Asia,China claims its new Tianwu satellite network is for predicting natural disasters. But is Beijing using climate monitoring as a clever cover for espionage?,https://www.bgr.com/img/gallery/china-plans-to-launch-a-satellite-system-to-predict-natural-disasters-across-asia/l-intro-1782913441.jpg,2026-07-01T15:17:00Z,http://web.archive.org/web/20260701235135/https://www.bgr.com/2205815/china-tianwu-satellite-stop-natural-disaster-asia/,"In a collaborative effort, China and several central Asian countries, including Kazakhstan, Uzbekistan and Tajikistan, are developing a satellite constellation specifically to tackle natural disaster… [+1277 chars]",,en,'BEIJING'
16,https://www.foxnews.com/outkick-sports/world-cup-round-32-soccer-preview-england-belgium-usa-seek-regulation-wins-packed-day,0,www.foxnews.com,"World Cup round of 32 soccer preview as England, Belgium and USA all seek regulation wins on a packed day","World Cup Round of 32 betting picks for England vs. Congo DR, Belgium vs. Senegal, and USA vs. Bosnia-Herzegovina with analysis and best bets.",https://static.foxnews.com/foxnews.com/content/uploads/2026/06/auston-trusty-usmnt.jpg,2026-07-01T15:28:29Z,http://web.archive.org/web/20260702035122/https://www.foxnews.com/outkick-sports/world-cup-round-32-soccer-preview-england-belgium-usa-seek-regulation-wins-packed-day,"The Round of 32 has not disappointed for the World Cup. Yesterday we had three games, and while there were no upsets, it was a fun day of soccer.
France dominated Sweden as expected, but if you saw … [+3300 chars]",,en,'Belgium'
17,https://www.foxsports.com/stories/soccer/usa-vs-bosnia-herzegovina-prediction-odds-picks-world-cup-match,0,www.foxsports.com,"USA vs. Bosnia And Herzegovina Prediction, Odds, Picks For World Cup Match",Check out the odds for the USA vs. Bosnia and Herzegovina Round of 32 matchup at the 2026 FIFA World Cup.,https://a57.foxsports.com/statics.foxsports.com/www.foxsports.com/content/uploads/2026/06/1408/814/gettyimages-2283368306-scaled.jpg?ve=1&tl=1,2026-07-01T16:00:26Z,http://web.archive.org/web/20260701203325/https://www.foxsports.com/stories/soccer/usa-vs-bosnia-herzegovina-prediction-odds-picks-world-cup-match,"USA will face Bosnia and Herzegovina in a 2026 FIFA World Cup round of 32 showdown on Wednesday, July 1, 2026, at San Francisco Bay Area Stadium on FOX. 
The United States is in the World Cup knocko… [+3472 chars]",,en,'Bosnia and Herzegovina'
18,https://www.rt.com/news/642448-libya-us-fix-break/,0,www.rt.com,Washington thinks it can fix Libya. It may be about to break it again instead,"A hurried power-sharing plan may ease the deadlock, but a family bargain backed from abroad risks deepening old fractures Read Full Article at RT.com",https://mf.b37mrtl.ru/files/2026.07/article/6a45401a85f54058ee7d35e0.jpg,2026-07-01T16:29:43Z,http://web.archive.org/web/20260701171805/https://www.rt.com/news/642448-libya-us-fix-break/,"For most of the past decade, the idea of Libya’s three main governing bodies sitting down and agreeing on anything felt almost theoretical.
The country has operated as two parallel states since the … [+10744 chars]",,en,'WASHINGTON'
19,https://www.rt.com/news/642449-israel-found-turkiyes-weak-spot/,0,www.rt.com,Israel just found Türkiye’s weak spot,Israel long avoided Armenian Genocide recognition to protect ties with Türkiye and Azerbaijan. Now the political cost of silence has changed Read Full Article at RT.com,https://mf.b37mrtl.ru/files/2026.07/article/6a4545012030276e6305e3eb.jpg,2026-07-01T17:38:32Z,http://web.archive.org/web/20260701202530/https://www.rt.com/news/642449-israel-found-turkiyes-weak-spot/,"The Israeli government’s decision to officially recognize the Armenian Genocide has become one of the most symbolic and politically sensitive steps in Israel’s relations with Türkiye. On the surface,… [+8529 chars]",,en,'Israel'
20,https://www.cbssports.com/betting/news/use-draftkings-promo-code-for-200-in-bonus-bets-by-targeting-belgium-senegal-usa-bosnia-2026-world-cup/,0,www.cbssports.com,"Use DraftKings promo code for $200 in bonus bets by targeting Belgium-Senegal, USA-Bosnia for 2026 World Cup",DraftKings offers $200 in bonus bets instantly after your first $5 wager for 2026 World Cup betting,https://sportshub.cbsistatic.com/i/r/2026/06/30/dbdb178e-565d-4580-a179-e3662869359e/thumbnail/1200x675/433d49bc1920d80ef56bab00471ceac6/dk-osb-worldcup-july-cbssports-spend5get200-flagball.jpg,2026-07-01T18:46:27Z,,"The USA begins its knockout round journey in the 2026 World Cup with USA vs. Bosnia and Herzegovina on Wednesday at 8 p.m. ET in the Round of 32, making this the perfect time to take advantage of the… [+4412 chars]",,en,'Belgium'
21,https://uk.pcmag.com/video-streaming-services/165953/how-to-watch-usa-vs-bosnia-and-herzegovina-fifa-world-cup-game-for,0,uk.pcmag.com,How to Watch the USA vs. Bosnia and Herzegovina FIFA World Cup Game for Free,"The US have been dominant so far, while their opponents just scraped through to reach the knockout stage. Only one moves to the Round of 16, and here's how you can watch their clash game using a streaming service or VPN.
After an exceptional group-stage perfo…",https://sm.pcmag.com/t/pcmag_uk/news/h/how-to-wat/how-to-watch-the-usa-vs-bosnia-and-herzegovina-fifa-world-cu_snf9.1200.jpg,2026-07-01T20:00:01Z,,"After an exceptional group-stage performance, the USA take on Bosnia and Herzegovina in the Round of 32 at the FIFA World Cup today. Neither team enters the knockout stage with a perfect record. The … [+4032 chars]",,en,'Türkiye'
22,https://www.sportingnews.com/us/soccer/news/usa-vs-bosnia-and-herzegovina-free-live-stream-watch-world-cup/4473fee0b1a3413f29708e59,0,www.sportingnews.com,USA vs. Bosnia and Herzegovina free live stream: How to watch World Cup game online without cable,"Here's everything you need to know to watch the USA vs. Bosnia and Herzegovina World Cup match, including where to watch on TV or live stream, what time the game starts and more.",https://s.yimg.com/lo/mysterio/api/00eac1a43f3ff5c24d2316a467e144bd23458f68538f32762db8b5e8bbace418/lightyear_networkapi/resizefill_w760_h428;quality_80;format_webp/https:%2F%2Fmedia.zenfs.com%2Fen%2Fthe_sporting_news_articles_584%2F3bb7e8d26b765e58d5965872e1a16d4f,2026-07-01T20:30:26Z,http://web.archive.org/web/20260702022829/https://www.sportingnews.com/us/soccer/news/usa-vs-bosnia-and-herzegovina-free-live-stream-watch-world-cup/4473fee0b1a3413f29708e59,USA vs. Bosnia and Herzegovina free live stream: How to watch World Cup game online without cable originally appeared on The Sporting News. Add The Sporting News as a Preferred Source by clicking her… [+5327 chars],,en,'USA'
23,https://www.alloutsoccer.com/news/kasey-keller-usmnt-bosnia-herzegovina-1916257,0,www.alloutsoccer.com,Kasey Keller lays out how Bosnia and Herzegovina could ‘frustrate’ USMNT in World Cup knockout game,U.S. Men’s National Team legend Kasey Keller has of how Bosnia and Herzegovina could 'frustrate' Mauricio Pochettino's side in their Round of 32 game in California on Wednesday,https://s.yimg.com/lo/mysterio/api/1b11e17cc426e00ba285f1c33e142ca84506dc443aad5edb4b8bc22db47f41cf/lightyear_networkapi/resizefill_w810_h539;quality_80;format_webp/https:%2F%2Fmedia.zenfs.com%2Fen%2Fall_out_soccer_276%2Fdc3cc0da5cc8f7e241626bbedc4e37cf,2026-07-01T21:52:38Z,http://web.archive.org/web/20260702063231/https://www.alloutsoccer.com/news/kasey-keller-usmnt-bosnia-herzegovina-1916257,"Wednesday marks the U.S. Men's National Team's first FIFA World Cup knockout game of the year as they take on Bosnia and Herzegovina at Levi's Stadium in Santa Clara, California, in the Round of 32.… [+2953 chars]",,en,'Bosnia and Herzegovina'
24,https://www.bbc.co.uk/news/articles/cx2x01q21wlo,0,www.bbc.co.uk,"Banned by Beijing, this comedian is taking his act to Chinese speakers abroad","Chizi, one of China’s biggest stand-up comedians, has found a new stage after falling afoul of China's censors.",https://ichef.bbci.co.uk/ace/branded_news/1200/cpsprodpb/696c/live/219ce6d0-73e2-11f1-b1db-af71d47507d6.jpg,2026-07-01T22:04:01Z,,"When one of China's biggest stand-up comedians opened his show with a joke about the extraordinarily long rule of the country's leader Xi Jinping, it drew a cheer, alongside a smattering of approving… [+1522 chars]",,en,'China'
25,https://www.foxsports.com/stories/soccer/usmnt-world-cup-christian-pulisic-lineup-bosnia,0,www.foxsports.com,Christian Pulisic Returns To USA's Starting Lineup vs. Bosnia And Herzegovina,What to know about USA's lineup for its World Cup knockout match vs. Bosnia and Herzegovina.,https://a57.foxsports.com/statics.foxsports.com/www.foxsports.com/content/uploads/2026/06/1408/814/artboard-1-57.jpg?ve=1&tl=1,2026-07-01T22:40:34Z,http://web.archive.org/web/20260702014325/https://www.foxsports.com/stories/soccer/usmnt-world-cup-christian-pulisic-lineup-bosnia,"In one of the biggest matches in United States men's national team history, the Stars and Stripes will be at full strength.
The USA will start its first 2026 FIFA World Cup knockout-stage match agai… [+1102 chars]",,en,'Türkiye'
26,https://www.abc.net.au/news/2026-07-02/socceroos-vs-egypt-explainer-world-cup-knockout-stage/106868294,0,www.abc.net.au,When do the Socceroos play next and how to watch the knockout match,Australia's journey at the 2026 World Cup continues this weekend as the Socceroos take on Egypt. Here's everything you need to know.,https://live-production.wcms.abc-cdn.net.au/80d4310ec0bcc9c24b7b07a5e7dcd49a?impolicy=wcms_watermark_news&cropH=2813&cropW=5000&xPos=0&yPos=365&width=862&height=485&imformat=generic,2026-07-01T23:21:37Z,http://web.archive.org/web/20260701232541/https://www.abc.net.au/news/2026-07-02/socceroos-vs-egypt-explainer-world-cup-knockout-stage/106868294,"The Socceroos continue their World Cup campaign on Saturday as they look to make it through to the Round of 16.
After drawing with Paraguay to secure second spot in their group, the Socceroos now ta… [+2352 chars]",,en,'Australia'
27,https://abcnews.com/International/kyiv-fire-missile-drone-attack-russian-strike-mayor/story?id=134395585,0,abcnews.com,"Kyiv comes under fire from missile, drone attack in Russian strike: Mayor","Kyiv came under attack from a barrage of Russian ballistic missiles and drones overnight, the city's mayor said, describing multiple explosions across the capital.",https://i.abcnewsfe.com/a/0e8ec972-cd84-4f97-8d5e-9b1956f60fa7/2283702238_1782952951745_hpMain_16x9.jpg?w=1600,2026-07-02T01:11:34Z,http://web.archive.org/web/20260703003449/https://abcnews.com/International/kyiv-fire-missile-drone-attack-russian-strike-mayor/story?id=134395585,"Kyiv came under attack from a barrage of Russian ballistic missiles and drones overnight, the city's mayor said, describing multiple explosions across the capital. 
Mayor Vitali Klitschko said in a … [+2210 chars]",,en,'Moscow'
28,https://www.globenewswire.com/news-release/2026/07/02/3321065/0/en/FDA-Alignment-to-Advance-ProstACT-Global-Phase-3-Trial.html,0,www.globenewswire.com,FDA Alignment to Advance ProstACT Global Phase 3 Trial,"MELBOURNE, Australia and INDIANAPOLIS, July 02, 2026 (GLOBE NEWSWIRE) -- Telix Pharmaceuticals (ASX: TLX, NASDAQ: TLX, “Telix”) today announced the successful outcome of a Type B meeting with the United States (U.S.) Food and Drug Administration (FDA) to revi…",https://ml.globenewswire.com/Resource/Download/77ceffdf-31cc-415f-9747-efee950af329,2026-07-02T01:31:00Z,http://web.archive.org/web/20260702054247/https://www.globenewswire.com/news-release/2026/07/02/3321065/0/en/fda-alignment-to-advance-prostact-global-phase-3-trial.html,<ul><li>FDA and Telix align on advancement into Part 2 of the ProstACT Global Phase 3 study in the United States.</li><li>FDA agrees with the clinical protocol and proposed statistical framework acro… [+10078 chars],,en,'Türkiye'
29,https://www.foxsports.com/stories/soccer/usmnt-world-cup-bosnia-red-card-balogun-4-takeaways,0,www.foxsports.com,A Tough Win And A Harsh Red: 4 Takeaways From USA's Epic Round of 32 Win,"Even with Folarin Balogun getting a red card, the USA held on thanks to Malik Tillman's golazo and is moving at the World Cup.",https://a57.foxsports.com/statics.foxsports.com/www.foxsports.com/content/uploads/2026/07/1408/814/73596201-tllman8.jpg?ve=1&tl=1,2026-07-02T02:35:54Z,,"SAN FRANCISCO BAY AREA STADIUM  For the first time in almost a quarter-century, the U.S. mens national team won a knockout game at the FIFA World Cup.
The USA advanced to the round of 16 on Wednesda… [+5720 chars]",,en,'Türkiye'
30,https://www.cnn.com/2026/07/01/world/russian-strikes-kyiv-zelensky-intl-hnk,0,www.cnn.com,Deadly explosions rock Kyiv as Russia carries out ‘massive strike’,"At least 10 people were killed in a series of attacks on Kyiv overnight into Thursday, hours after Ukrainian President Volodymyr Zelensky warned that intelli...",https://s.yimg.com/lo/mysterio/api/3b371227681586ba877693950cea187eeaf69262c2bc1c6e9521251725c0ea58/lightyear_networkapi/resizefill_w960_h540;quality_80;format_webp/https:%2F%2Fmedia.zenfs.com%2Fen%2Fcnn_articles_875%2Faf8da45c8a2a6190dec80b0012f43fd0,2026-07-02T05:12:22Z,http://web.archive.org/web/20260702114505/https://www.cnn.com/2026/07/01/world/russian-strikes-kyiv-zelensky-intl-hnk,"At least 10 people were killed in a major attack on Kyiv overnight into Thursday, hours after Ukrainian President Volodymyr Zelensky warned that intelligence data showed Russia was planning a ""massiv… [+3999 chars]",,en,'Moscow'
31,https://www.rt.com/news/642475-ukrainian-drone-explodes-turkey/,0,www.rt.com,Ukrainian drone explodes in Türkiye – media (VIDEO),"A Ukrainian drone carrying 5 kg of explosives exploded in Türkiye’s Trabzon province, the latest in a string of stray UAV incidents on the Black Sea coast, according to local media",https://mf.b37mrtl.ru/files/2026.07/article/6a4618c985f54058ee7d3602.jpg,2026-07-02T07:56:49Z,http://web.archive.org/web/20260702080856/https://www.rt.com/news/642475-ukrainian-drone-explodes-turkey/,"A Ukrainian attack drone carrying explosives has crashed into a tree and exploded in a rural area of Türkiye’s Black Sea coast, local media outlets have reported. No casualties or major damage have b… [+2171 chars]",,en,'Türkiye'
32,https://www.bbc.co.uk/news/articles/cr47129ky6do,0,www.bbc.co.uk,China says pilot crashed small plane into skyscraper for 'personal reasons',"The 66-year-old, who died in the crash, had anxiety and referenced ""ending his life"" in his diary.",https://ichef.bbci.co.uk/ace/branded_news/1200/cpsprodpb/c98a/live/3be596b0-75f7-11f1-8c3f-e37c76e39331.jpg,2026-07-02T09:21:31Z,http://web.archive.org/web/20260703002352/https://www.bbc.co.uk/news/articles/cr47129ky6do,"The pilot who crashed his small plane into Beijing's tallest skyscraper last week was suffering from from ""chronic insomnia and anxiety"" and did so for ""personal reasons"", authorities said Thursday.… [+1996 chars]",,en,'BEIJING'
33,https://www.cnn.com/2026/07/02/china/china-beijing-skyscraper-plane-crash-pilot-hnk-intl,0,www.cnn.com,Authorities say man who flew plane into Beijing skyscraper previously expressed suicidal thoughts,"A man who flew his plane into Beijing’s tallest skyscraper last week was a 66-year-old local resident who had expressed suicidal thoughts, Chinese...",https://s.yimg.com/os/en/cnn_articles_875/8fda971b6e4403185d0d4c45f79cbe0d,2026-07-02T09:52:58Z,,"A man who flew his plane into Beijings tallest skyscraper last week was a 66-year-old local resident who had expressed suicidal thoughts, Chinese authorities said Thursday, amid intense speculation a… [+2489 chars]",,en,'BEIJING'
34,https://financialpost.com/pmn/business-pmn/cubas-bold-free-market-turn-fails-to-convince-us-its-ready-to-change,0,financialpost.com,Cuba’s Bold Free-Market Turn Fails to Convince US It’s Ready to Change,Cuba is struggling to convince the Trump administration that its most ambitious economic reforms in decades are enough to spark the changes the US is demanding.,,2026-07-02T14:21:48Z,,"While blackouts were chronic before the renewed hostilities, the UN warns theyre now pushing the island of 10 million people to the brink of a humanitarian crisis. 
Talks between Washington and Hava… [+2981 chars]",,en,'Havana'
35,https://www.thenation.com/article/world/trump-cuba-united-nations-state-department-leaked-cable-sanctions-humanitarian-crisis/,0,www.thenation.com,The Rubio Cable on Cuba,"Peter Kornbluh



Inside US efforts to shut down debate at the United Nations on Washington’s economic warfare.




The post The Rubio Cable on Cuba appeared first on The Nation.",https://www.thenation.com/wp-content/uploads/2026/07/cuban-foreign-minister-getty.jpg,2026-07-02T15:01:09Z,,"Inside US efforts to shut down debate at the United Nations on Washingtons economic warfare.
Ad Policy
Cuban Foreign Minister Bruno Rodriguez Parrilla speaks during a press conference in Havana, Cu… [+5641 chars]",,en,'Cuba'
36,https://www.clickondetroit.com/news/world/2026/07/02/once-a-source-of-national-pride-cubas-healthcare-system-declines-as-energy-shortages-deepen-crisis/,0,www.clickondetroit.com,"Once a source of national pride, Cuba's healthcare system declines as energy shortages deepen crisis","Irisleydis Tristá, a cancer patient in Cuba, has been unable to get a crucial CT scan for seven months because the machine at Havana’s leading hospital is broken.","https://res.cloudinary.com/graham-media-group/image/upload/f_auto/q_auto/c_thumb,w_700/v1/media/gmg/4IHPC4SSGVDLLP6JAFPOZRDJIQ.jpg?_a=DATAg1iuZAA0",2026-07-02T15:23:51Z,http://web.archive.org/web/20260704005910/https://www.clickondetroit.com/news/world/2026/07/02/once-a-source-of-national-pride-cubas-healthcare-system-declines-as-energy-shortages-deepen-crisis/,"BATABANO After two surgeries and several rounds of radiation therapy over the past four years to treat a tumor, Irisleydis Tristá has spent the past seven months unable to get a CT scan to determine … [+3897 chars]",,en,'Havana'
37,https://abcnews.com/Health/wireStory/source-national-pride-cubas-healthcare-system-declines-energy-134411935,0,abcnews.com,"Once a source of national pride, Cuba's healthcare system declines as energy shortages deepen crisis","Irisleydis Tristá, a cancer patient in Cuba, has been unable to get a crucial CT scan for seven months because the machine at Havana’s leading hospital is broken",https://i.abcnewsfe.com/a/fefebfb5-9e7b-4d82-a7c4-3db90ad3840f/wirestory_5c083372fc7a54775ce0a7aca312dfe2_16x9.jpg?w=1600,2026-07-02T15:26:43Z,http://web.archive.org/web/20260703023429/https://abcnews.com/Health/wireStory/source-national-pride-cubas-healthcare-system-declines-energy-134411935,"BATABANO, Cuba -- After two surgeries and several rounds of radiation therapy over the past four years to treat a tumor, Irisleydis Tristá has spent the past seven months unable to get a CT scan to d… [+3721 chars]",,en,'Havana'
38,https://biztoc.com/x/599430464e9bba4b,0,biztoc.com,"Feds Nab Alleged Member Of ""Sprawling"" Cuban Communist Subversion Network Linked To Hasan Piker's Havana Trip","Feds Nab Alleged Member Of ""Sprawling"" Cuban Communist Subversion Network Linked To Hasan Piker's Havana Trip
 
Readers have been well ahead of both the federal government and the mainstream news cycle in asking whether there is a ""Cuba connection"" behind the…",https://biztoc.com/cdn/599430464e9bba4b_s.webp,2026-07-02T22:12:56Z,,"Feds Nab Alleged Member Of ""Sprawling"" Cuban Communist Subversion Network Linked To Hasan Piker's Havana Trip
Readers have been well ahead of both the federal government and the mainstream news cycl… [+140 chars]",,en,'Havana'
39,https://www.cnn.com/2026/07/03/us/united-nations-self-immolation-tibet-intl-hnk,0,www.cnn.com,Man with Tibetan flag dies after setting himself on fire in front of UN’s New York headquarters,A man holding a Tibetan flag has died after setting himself on fire outside the United Nations headquarters in New York on Thursday in an apparent protest ag...,https://s.yimg.com/lo/mysterio/api/84b331e1dc5d7003086e18edde1f862498691592d705e796f500998ac03de09a/lightyear_networkapi/resizefill_w960_h540;quality_80;format_webp/https:%2F%2Fmedia.zenfs.com%2Fen%2Fcnn_articles_875%2Fefd66c3840ea6918c862218fac9a68bc,2026-07-03T08:39:36Z,http://web.archive.org/web/20260703054345/https://www.cnn.com/2026/07/03/us/united-nations-self-immolation-tibet-intl-hnk,"EDITOR'S NOTE:  Help is available if you or someone you know is struggling with suicidal thoughts or mental health matters.In the US: Call or text 988, the Suicide &amp; Crisis Lifeline.Globally: The… [+4142 chars]",,en,'New York'
40,https://www.aljazeera.com/news/2026/7/3/500m-for-trump-access-for-pakistan-how-a-crypto-diplomatic-bet-paid-off,0,www.aljazeera.com,"$500m for Trump, access for Pakistan: How a crypto-diplomatic bet paid off",The crypto firm that brought Trump a windfall has also allowed Pakistan to gain clout with US administration.,https://www.aljazeera.com/wp-content/uploads/2026/07/G-m4lbNbQAABsiP-1783061179.jpg?resize=1200%2C630,2026-07-03T08:41:32Z,http://web.archive.org/web/20260704000540/https://www.aljazeera.com/news/2026/7/3/500m-for-trump-access-for-pakistan-how-a-crypto-diplomatic-bet-paid-off,"Islamabad, Pakistan When US President Donald Trumps financial earnings in 2025 were released this week, one figure stood out. His familys crypto venture, World Liberty Financial (WLF), brought him mo… [+6934 chars]",,en,'Pakistan'
41,https://www.npr.org/2026/07/03/nx-s1-5877344/fertilizer-shortage-food-prices,0,www.npr.org,How a fertilizer shortage caused by the Iran war could affect U.S. food prices,"The closure of the Strait of Hormuz disrupted shipments of fertilizer and natural gas, a key component in fertilizer manufacturing. It's unlikely to cause major price hikes for U.S. grocery shoppers.",https://npr.brightspotcdn.com/dims3/default/strip/false/crop/6000x3375+0+313/resize/1400/quality/85/format/jpeg/?url=http%3A%2F%2Fnpr-brightspot.s3.amazonaws.com%2Ffa%2Fb7%2F200ac7bf4d39a8f60fc4f7560119%2Fgettyimages-2272287965.jpg,2026-07-03T09:00:00Z,,"When the war with Iran started, one of the top economic concerns globally was the slowdown of oil shipments. But there was another critical export that got stuck in the region when hostilities began:… [+6993 chars]",,en,'Iran'
42,https://gothamist.com/news/world-cup-winner-has-already-been-declared-nyc-bars-watch-venues,0,gothamist.com,"World Cup winner has already been declared: NYC bars, watch venues","Fans watch the United States play against Paraguay in the FIFA World Cup 2026 at The Long Acre Tavern in Manhattan on June 12, 2026.
 

But hotel owners' hopes of an outsize payout have so far fallen short. [ more › ]",https://api-prod.gothamist.com/images/357983/fill-1200x650|format-webp|webpquality-85/,2026-07-03T10:00:59Z,http://web.archive.org/web/20260704011500/https://gothamist.com/news/world-cup-winner-has-already-been-declared-nyc-bars-watch-venues,"In anticipation of the FIFA World Cup, Astoria's Bohemian Hall and Beer Garden made a strategic decision to invest in nearly two dozen big-screen TVs and completely overhaul its sound system.
The in… [+8832 chars]",,en,'Havana'
43,https://economictimes.indiatimes.com/news/sports/football/jurgen-klopp-linked-with-germany-job-as-julian-nagelsmann-resigns-after-fifa-world-cup-exit/articleshow/132158727.cms,0,economictimes.indiatimes.com,Jurgen Klopp linked with Germany job as Julian Nagelsmann resigns after FIFA World Cup exit,"Julian Nagelsmann has stepped down as Germany's head coach following their disappointing World Cup exit. The German Football Association confirmed his departure after the team's early elimination by Paraguay. Jurgen Klopp is now the frontrunner to take over, …","https://img.etimg.com/thumb/msid-132158764,width-1200,height-630,imgsize-57650,overlay-economictimes/articleshow.jpg",2026-07-03T10:18:50Z,http://web.archive.org/web/20260704070008/https://economictimes.indiatimes.com/news/sports/football/jurgen-klopp-linked-with-germany-job-as-julian-nagelsmann-resigns-after-fifa-world-cup-exit/articleshow/132158727.cms,"Julian Nagelsmann resigned as Germany head coach on Friday in the wake of the country's latest World Cup disappointment, with former Liverpool manager Jurgen Klopp emerging as the leading contender t… [+1507 chars]",,en,'Berlin'
44,https://researchonline.lse.ac.uk/id/eprint/139068/,0,researchonline.lse.ac.uk,Arab cultural interventions from Berlin: navigating the afterlives of revolution,"Kherfi, Y. (2025). Arab cultural interventions from Berlin: navigating the afterlives of revolution [PhD thesis]. London School of Economics and Political Science. https://doi.org/10.21953/researchonline.lse.ac.uk.00139068",,2026-07-03T10:45:05Z,,"This thesis examines how the afterlives of revolution and political defeat, following the Arab Spring in 2011, manifest through the situated discursive practices and interventions of a SWANA (Southwe… [+6005 chars]",,en,'Berlin'
45,https://thehockeynews.com/womens/international/germanys-dfel-womens-hockey-league-expands-to-become-a-three-nation-league,0,thehockeynews.com,Germany's DFEL Women's Hockey League Expands To Become A Three-Nation League,"Women's hockey continues to grow and develop internationally. In Europe, leagues continue to shuffle to compete for players, and to improve the level of play. This season, it includes Germany's DFEL adding their first club from Slovakia to become a three-nati…",https://s.yimg.com/ny/api/res/1.2/yh.2C.dCXnoPi.H46YqyRw--/YXBwaWQ9aGlnaGxhbmRlcjt3PTEyMDA7aD04ODE7Y2Y9d2VicA--/https://media.zenfs.com/en/the_hockey_news_articles_331/3a484284a16bc509f51b52b81846370d,2026-07-03T11:12:05Z,http://web.archive.org/web/20260704040306/https://thehockeynews.com/womens/international/germanys-dfel-womens-hockey-league-expands-to-become-a-three-nation-league,"Germany's DFEL is adding a new team, from a new nation to become a three-nation circuit.
Last season the DFEL played with five teams, but the addition of Veolia Petralka Bratislava, who transfers fr… [+2951 chars]",,en,'Slovakia'
46,https://www.politico.eu/article/failing-to-deter-russia-vladimir-putin-would-cost-more-than-paying-for-defense-estonian-pm-kristen-michal-warns-eu/,0,www.politico.eu,"Failing to deter Putin would cost more than paying for defense, Estonian PM warns EU","""Investing in deterrence today is far less expensive than paying for the consequences of aggression tomorrow,"" said Kristen Michal as leaders meet in Berlin.","https://www.politico.eu/cdn-cgi/image/width=1200,height=630,fit=crop,quality=80,onerror=redirect/wp-content/uploads/2026/07/03/GettyImages-2267414554-scaled.jpg",2026-07-03T11:19:46Z,,"According to Michal, capitals should be more concerned about the cost of not deterring Russia's Vladimir Putin because ""the answer is measured not only in defence budgets, but also in lost lives, wea… [+2114 chars]",,en,'Berlin'
47,https://www.thelocal.de/20260703/completely-broken-in-germany-foreigners-lives-are-being-upended-by-residency-issues,0,www.thelocal.de,'Completely broken': How lives of foreigners in Germany are being upended by residency issues,"Foreign residents in Germany who have been left waiting for months for a new residence permit told us about the issues they've faced with travel, work, banks and housing.",https://assets.thelocal.com/cdn-cgi/rs:fit:1200/quality:75/plain/https://apiwp.thelocal.com/wp-content/uploads/2026/07/watermarks-logo-wal_172619-city-9599967.jpg@webp,2026-07-03T11:31:22Z,http://web.archive.org/web/20260703173839/https://www.thelocal.de/20260703/completely-broken-in-germany-foreigners-lives-are-being-upended-by-residency-issues,"Foreign residents in Germany who have been left waiting for months for a new residence permit told us about the issues they've faced with travel, work, banks and housing.
 In Germany, if the immigra… [+8013 chars]",,en,'Germany'
48,https://www.globalsecurity.org/military/library/news/2026/07/mil-260703-lithuania-pres01.htm,0,www.globalsecurity.org,Gitanas Nausėda met with German Chancellor Friedrich Merz in Berlin,President Gitanas Nausėda met with German Federal Chancellor Friedrich Merz in Berlin on Friday.,,2026-07-03T12:00:00Z,,"President of the Republic of Lithuania
July 03, 2026
President Gitanas Nausda met with German Federal Chancellor Friedrich Merz in Berlin on Friday.
The meeting discussed preparations for next wee… [+2495 chars]",,en,'Berlin'
49,https://www.dailymail.com/tvshowbiz/article-15950887/Strictlys-Neil-Jones-Chyna-Mills-married-Couple-tie-knot-London-dancer-banned-family-attending-racism-row.html,0,www.dailymail.com,"Strictly's Neil Jones, 44, and Love Island's Chyna Mills, 27, get married in London after dancer 'banned his family from attending over racism row'",The couple tied the knot in a low-key ceremony at London's Marylebone Town Hall on Wednesday sharing pictures of their happy day on Instagram on Friday.,https://i.dailymail.com/1s/2026/07/03/13/109774979-0-image-m-10_1783082537472.jpg,2026-07-03T12:50:13Z,http://web.archive.org/web/20260704003808/https://www.dailymail.com/tvshowbiz/article-15950887/Strictlys-Neil-Jones-Chyna-Mills-married-Couple-tie-knot-London-dancer-banned-family-attending-racism-row.html,"Strictly professional dancer Neil Jones and Chyna Mills are officially married.
The couple tied the knot in a low-key ceremony at London's Marylebone Town Hall on Wednesday sharing pictures of their… [+5383 chars]",,en,'London'
50,https://www.dw.com/en/sick-leave-germany-rising-but-not-the-worst-in-europe/a-77815488,0,www.dw.com,Sick leave: Germany not top in Europe,"Sick leave in Germany has hit a new record, with workers taking an average of nearly 20 days off per year. As Chancellor Merz cracks down, how does the country's absenteeism compare to other countries?",https://static.dw.com/image/77819894_6.jpg,2026-07-03T12:52:00Z,http://web.archive.org/web/20260704012011/https://www.dw.com/en/sick-leave-germany-rising-but-not-the-worst-in-europe/a-77815488,"Germany's Chancellor Friedrich Merz this week announced a crackdown on the high number of sick days the country takes.
The move follows research published in January by the Berlin-based IGES Institu… [+5152 chars]",,en,'Germany'
51,https://observer.com/2026/07/art-cannes-movie-review-pawel-pawlikowskis-fatherland/,0,observer.com,"In Paweł Pawlikowski’s ‘Fatherland,’ Thomas Mann’s Divided Germany Is a Study of Artistic Compromise and Family Rupture","Set in 1949 and starring Sandra Hüller as Thomas Mann's daughter, the Best Director winner at Cannes reckons with the cost of holding onto one's convictions in a world choosing sides.",https://observer.com/wp-content/uploads/sites/2/2026/07/Fatherland_Still_1_©AgataGrzybowska.jpg?quality=80,2026-07-03T14:00:18Z,http://web.archive.org/web/20260703185232/https://observer.com/2026/07/art-cannes-movie-review-pawel-pawlikowskis-fatherland/,"Set in 1949 and starring Sandra Hüller as Thomas Mann’s daughter, the Best Director winner at Cannes reckons with the cost of holding onto one’s convictions in a world choosing sides. © Agata Grzybow… [+7177 chars]",,en,'Germany'
52,https://cryptobriefing.com/germany-2027-budget-crypto-tax-overhaul/,0,cryptobriefing.com,Germany’s massive 2027 draft budget hides a crypto tax bomb worth €2 billion,"Germany's crypto tax shift could deter digital asset investments, impacting innovation and potentially slowing the crypto market's growth.
The post Germany’s massive 2027 draft budget hides a crypto tax bomb worth €2 billion appeared first on Crypto Briefing.",https://static.cryptobriefing.com/wp-content/uploads/2026/07/03103602/the-beauty-of-germany-germany-as-a-nation-with-full-of-by-ja-800x420.jpeg,2026-07-03T14:36:09Z,,"Berlin plans to kill the one-year crypto tax exemption that made Germany a haven for long-term holders, replacing it with a flat 25% capital gains tax on all digital assets. Germany just revealed the… [+1239 chars]",,en,'Germany'
53,https://www.globenewswire.com/news-release/2026/07/03/3321896/0/en/Globex-reports-Gold-assays-of-up-to-1-88-g-t-Au-over-4-85-metres-in-the-Main-Antimony-Zone-at-its-Bald-Hill-Property.html,0,www.globenewswire.com,Globex reports Gold assays of up to 1.88 g/t Au over 4.85 metres in the Main Antimony Zone at its Bald Hill Property,"TORONTO, July 03, 2026 (GLOBE NEWSWIRE) -- GLOBEX MINING ENTERPRISES INC. (GMX – Toronto Stock Exchange, G1MN – Frankfurt, Stuttgart, Berlin, Munich, Tradegate, Lang & Schwarz, LS Exchange, TTMzero, Düsseldorf and Quotrix Düsseldorf Stock Exchanges and GLBXF …",https://ml.globenewswire.com/Resource/Download/9e3937f9-cc8e-40a6-a88c-bc44753b3314,2026-07-03T14:58:00Z,,"TORONTO, July 03, 2026 (GLOBE NEWSWIRE) -- GLOBEX MINING ENTERPRISES INC. (GMX Toronto Stock Exchange, G1MN Frankfurt, Stuttgart, Berlin, Munich, Tradegate, Lang &amp; Schwarz, LS Exchange, TTMzero, … [+7262 chars]",,en,'Berlin'
54,https://financialpost.com/globe-newswire/globex-reports-gold-assays-of-up-to-1-88-g-t-au-over-4-85-metres-in-the-main-antimony-zone-at-its-bald-hill-property,0,financialpost.com,Globex reports Gold assays of up to 1.88 g/t Au over 4.85 metres in the Main Antimony Zone at its Bald Hill Property,"TORONTO, July 03, 2026 (GLOBE NEWSWIRE) — GLOBEX MINING ENTERPRISES INC. (GMX – Toronto Stock Exchange, G1MN – Frankfurt, Stuttgart, Berlin, Munich, Tradegate, Lang & Schwarz, LS Exchange, TTMzero, Düsseldorf and Quotrix Düsseldorf Stock Exchanges and GLBXF –…",,2026-07-03T15:02:58Z,,"Regional Exploration Activities
The plan for the large property at Bald Hill (over 3700 hectares) for the remainder of 2026 will be exploration of the claims outside of the Main Zone area.
Antimony… [+3826 chars]",,en,'Berlin'
55,https://www.the-independent.com/arts-entertainment/tv/news/strictly-neil-jones-chyna-mills-married-b3008519.html,0,www.the-independent.com,Strictly Come Dancing pro marries former Love Island contestant after split from co-star,"Neil Jones, who was previously married to Katya Jones, has married Chyna Mills in London","https://static.the-independent.com/2026/07/03/16/2264189485..?trim=0,0,0,0&width=1200&height=800&crop=1200:800",2026-07-03T15:33:20Z,http://web.archive.org/web/20260703161012/https://www.the-independent.com/arts-entertainment/tv/news/strictly-neil-jones-chyna-mills-married-b3008519.html,"Your support helps us to tell the story
From reproductive rights to climate change to Big Tech, The Independent is on the ground when the story is developing. Whether it's investigating the financia… [+2746 chars]",,en,'London'
56,https://nypost.com/2026/07/03/world-news/at-least-3700-excess-deaths-in-france-belgium-netherlands-during-soaring-heatwave/,0,nypost.com,"At least 3,700 excess deaths recorded during soaring heatwave in France, Belgium and Netherlands","Experts have said the heatwave, which lasted from about June ​20-28, was the worst recorded in Europe, causing disruption to ​power generation, damaging infrastructure and overwhelming healthcare systems.",https://nypost.com/wp-content/uploads/sites/2/2026/07/133138392.jpg?quality=75&strip=all&w=1200,2026-07-03T15:55:45Z,http://web.archive.org/web/20260703162043/https://nypost.com/2026/07/03/world-news/at-least-3700-excess-deaths-in-france-belgium-netherlands-during-soaring-heatwave/,"PARIS — France, the Netherlands and Belgium have recorded 3,700 excess deaths during the June heatwave that sent temperatures soaring across Europe, with authorities warning that the numbers are prel… [+2079 chars]",,en,'France'
57,https://www.dw.com/en/germany-merz-rebukes-trump-jab-over-defense-at-baltic-event/a-77823635,0,www.dw.com,Germany: Merz rebukes Trump jab over defense at Baltic event,"In a meeting with Baltic leaders, Germany's Chancellor Friedrich Merz played up Germany's defense spending. It comes after new criticism from President Donald Trump that Germany is lagging behind other NATO allies.",https://static.dw.com/image/77823729_6.jpg,2026-07-03T15:59:00Z,http://web.archive.org/web/20260704011049/https://www.dw.com/en/germany-merz-rebukes-trump-jab-over-defense-at-baltic-event/a-77823635,"German Chancellor Friedrich Merz played up German defense spending efforts at a meeting in Berlin with Baltic leaders on Friday, shortly after fresh criticism from US President Donald Trump on the is… [+3452 chars]",,en,'Berlin'
58,https://www.bbc.co.uk/news/articles/cwy0wy0nenvo,0,www.bbc.co.uk,Dissident Hong Kong bookseller Lam Wing-kee dies aged 70,"Lam Wing-kee, who defied China by selling material critical of Beijing, passed away after suffering from lung cancer.",https://ichef.bbci.co.uk/ace/branded_news/1200/cpsprodpb/0472/live/4679ce60-76fc-11f1-9e14-057377bcce93.jpg,2026-07-03T16:31:40Z,http://web.archive.org/web/20260703170640/https://www.bbc.co.uk/news/articles/cwy0wy0nenvo,"Lam was taken to Mackay Memorial Hospital in Taipei on Tuesday and later fell into a coma, reported the South China Morning Post citing local media. He died late on Thursday.
In a post on Facebook, … [+1474 chars]",,en,'Hong Kong'
59,https://biztoc.com/x/00fba06cd27d57a0,0,biztoc.com,France’s Thales to Take Hit After Germany Scraps Frigate Program,The aerospace-and-defense group said it would record a charge in the first half after Berlin scrapped a project to procure F126 frigates.,https://biztoc.com/cdn/995/og.png,2026-07-03T16:47:13Z,,"The aerospace-and-defense group said it would record a charge in the first half after Berlin scrapped a project to procure F126 frigates.
This story appeared on wsj.com, 2026-07-03 16:42:00.",,en,'France'
60,https://sf.funcheap.com/free-berlinstyle-digital-art-opening-dj-setpalo-alto/,0,sf.funcheap.com,7/11/26: Free Berlin-Style Digital Art Opening + DJ Set(Palo Alto) - FREE,"This is the opening of German digital artist, Kim Asendorf’s, PXL exhibit where we invite you to eat, dance, and meet some really cool people. Kim will be DJ-ing in the back of the exhibit so think Berlin night club meets art gallery! Have fun.
The post Free …",https://cdn.funcheap.com/wp-content/uploads/2026/07/Frame-141.png,2026-07-03T17:05:21Z,,"This is the opening of German digital artist, Kim Asendorf’s, PXL exhibit where we invite you to eat, dance, and meet some really cool people. Kim will be DJ-ing in the back of the exhibit so think B… [+386 chars]",,en,'Berlin'
61,https://www.breitbart.com/latin-america/2026/07/03/cuban-communists-threaten-and-block-activists-from-celebrating-4th-of-july-with-u-s-embassy-in-havana/,0,www.breitbart.com,Communists Block Cubans from Celebrating 4th of July at U.S. Embassy in Havana,"The United States embassy in Havana on Thursday said the communist Castro regime had threatened local activists and dissidents and prevented them from participating in the embassy's celebrations for the 250th anniversary of the Fourth of July.
The post Commun…",https://media.breitbart.com/media/2026/07/GettyImages2259215630-640x335.jpg,2026-07-03T19:49:22Z,http://web.archive.org/web/20260703221828/https://www.breitbart.com/latin-america/2026/07/03/cuban-communists-threaten-and-block-activists-from-celebrating-4th-of-july-with-u-s-embassy-in-havana/,The United States embassy in Havana on Thursday said the communist Castro regime had threatened local activists and dissidents and prevented them from participating in the embassy’s celebrations for … [+5096 chars],,en,'Havana'
62,https://www.bbc.co.uk/news/articles/cdx7d254lrjo,0,www.bbc.co.uk,"China's internet got so mad about a celebrity's 'bad' singing, her concert was cancelled",Celebrities have become outlets for young people's social and economic frustrations.,https://ichef.bbci.co.uk/ace/branded_news/1200/cpsprodpb/ff62/live/0fec33e0-76cc-11f1-b508-3b3f1f22a3c1.jpg,2026-07-03T22:46:42Z,http://web.archive.org/web/20260704021933/https://www.bbc.co.uk/news/articles/cdx7d254lrjo,"Popularity can make or break a career in show business. But for one celebrity in China, even a legion of devoted fans was not enough to stave off the wrath of the internet.
Xie Na, one of the most r… [+1714 chars]",,en,'BEIJING'
63,https://www.yahoo.com/news/world/articles/china-launches-coast-guard-patrol-042127562.html,0,www.yahoo.com,China launches coast guard patrol east of Taiwan despite international pushback,"By Lewis Jackson and Ben Blanchard BEIJING/TAIPEI, July 4 (Reuters) - China said on Saturday it had launched a new coast guard patrol east of Taiwan, drawing...",https://s.yimg.com/lo/mysterio/api/35982297199a46a4ae18b91be9fbafce3a6ab74971bf721d847c844bc742301d/lightyear_networkapi/resizefill_w800_h548;quality_80;format_webp/https:%2F%2Fmedia.zenfs.com%2Fen%2Freuters.com%2F5439d12f0739a386eb7cad0ea2b95b48,2026-07-04T07:00:26Z,http://web.archive.org/web/20260704175421/https://www.yahoo.com/news/world/articles/china-launches-coast-guard-patrol-042127562.html,"By Lewis Jackson and Ben Blanchard
BEIJING/TAIPEI, July 4 (Reuters) - China said on Saturday it had launched a new coast guard patrol east of Taiwan, drawing a sharp response from Taipei after a tas… [+3020 chars]",,en,'China'
64,https://www.yahoo.com/news/world/articles/china-military-promotes-2-generals-083500901.html,0,www.yahoo.com,China’s military promotes 2 new generals after anti-corruption purge thins ranks,China's military promoted two officers to the rank of general in what may be a precursor to a reorganization at the top following the removal of several of i...,https://s.yimg.com/lo/mysterio/api/f025a1d31bef05558f6ecef5f52f665035a4771e5bda3de0bfa571f26c852141/lightyear_networkapi/resizefill_w1200;quality_80;format_webp/https:%2F%2Fmedia.zenfs.com%2Fen%2Fap.org%2F030a77b0bb53c05c515f4414109bc81c,2026-07-04T08:35:00Z,http://web.archive.org/web/20260704120729/https://www.yahoo.com/news/world/articles/china-military-promotes-2-generals-083500901.html,BEIJING (AP) China's military promoted two officers to the rank of general in what may be a precursor to a reorganization at the top following the removal of several of its leaders in a long-running … [+937 chars],,en,'BEIJING'
65,https://www.dw.com/en/ukraine-strikes-oil-terminals-near-st-petersburg-in-russia/a-77830574,0,www.dw.com,Ukraine strikes oil terminals near St. Petersburg in Russia,The long-range strikes are the latest salvo in Ukraine’s expanding campaign to inflict economic damage on Russia and hinder its war machine.,https://static.dw.com/image/77830722_6.jpg,2026-07-04T09:02:00Z,http://web.archive.org/web/20260705010821/https://www.dw.com/en/ukraine-strikes-oil-terminals-near-st-petersburg-in-russia/a-77830574,"Ukrainian drones on Saturday struck Russian oil facilities on the Baltic Sea nearSt. Petersburg, according to the local governor.
St. Petersburg Governor Alexander Beglov said Russia's second-larges… [+1590 chars]",,en,'St Petersburg'
66,https://www.abc.net.au/news/2026-07-04/ukraine-strikes-st-petersburg-kyiv-russias-deadliest-attack/106880530,0,www.abc.net.au,"Ukraine retaliates, striking St Petersburg following deadliest attack",Ukraine has retaliated after Russia's attack on Kyiv killed at least 27 people.,https://live-production.wcms.abc-cdn.net.au/716023cd0037ce9fbc033fcc83e1f914?impolicy=wcms_watermark_news&cropH=1495&cropW=2658&xPos=0&yPos=214&width=862&height=485&imformat=generic,2026-07-04T09:05:19Z,http://web.archive.org/web/20260705045450/https://www.abc.net.au/news/2026-07-04/ukraine-strikes-st-petersburg-kyiv-russias-deadliest-attack/106880530,"Ukraine's military has hit oil and military facilities near St Petersburg overnight on Saturday, in response to Kyiv suffering what has been called Russia's deadliest attack in the war to date.
Ukra… [+2752 chars]",,en,'Ukraine'
67,https://www.bbc.co.uk/news/articles/c621je3we82o,0,www.bbc.co.uk,Eight of the 10 most populous countries are not in the World Cup,Many countries with massive populations consistently miss out on football’s biggest party. What can they do to change their sporting fortunes?,https://ichef.bbci.co.uk/ace/branded_news/1200/cpsprodpb/a501/live/0d6a3de0-7561-11f1-9510-1546718f668b.png,2026-07-04T09:09:18Z,http://web.archive.org/web/20260705025926/https://www.bbc.co.uk/news/articles/c621je3we82o,"China's case is perhaps more puzzling. In recent decades, it has become one of the most successful countries in Olympic history. But its forays into men's football have not borne similar fruit.
""The… [+1436 chars]",,en,'BEIJING'
68,https://consent.yahoo.com/v2/collectConsent?sessionId=1_cc-session_d91d3f48-681c-44d7-905f-954c4f7bd719,0,consent.yahoo.com,Ukrainian drones hit St Petersburg oil terminal in latest long-range attack on Russia,,,2026-07-04T09:52:42Z,,"If you click 'Accept all', we and our partners, including 249 who are part of the IAB Transparency &amp; Consent Framework, will also store and / or access information on a device (in other words, us… [+1046 chars]",,en,'St Petersburg'
69,https://www.aljazeera.com/news/2026/7/4/ukraine-hits-oil-and-military-facilities-near-russias-st-petersburg,0,www.aljazeera.com,Ukraine hits oil and military facilities near Russia’s St Petersburg,Kyiv's drones disrupt St Petersburg internet and flights as Russian strikes halt a gas facility in central Ukraine.,https://www.aljazeera.com/wp-content/uploads/2026/07/reuters_6a48d1ab-1783157163.jpg?resize=1920%2C1440,2026-07-04T10:29:19Z,http://web.archive.org/web/20260704175844/https://www.aljazeera.com/news/2026/7/4/ukraine-hits-oil-and-military-facilities-near-russias-st-petersburg,"A wave of Ukrainian long-range drones has struck the St Petersburg region overnight, hitting an oil terminal and a Baltic Sea port in one of the largest deep-strike operations targeting President Vla… [+2924 chars]",,en,'Russia'
70,https://www.cbc.ca/news/world/st-petersburg-oil-terminal-ukraine-drone-attack-9.7258503,0,www.cbc.ca,St. Petersburg oil terminal hit as Ukraine presses long-range drone campaign,"A Ukrainian drone attack struck an oil terminal in St. Petersburg on Saturday, Russian officials said, as Kyiv pressed on with the bombardment of Russia’s oil infrastructure.","https://i.cbc.ca/ais/fa52348b-c564-49a4-9cd6-8821645973a8,1783163321188/full/max/0/default.jpg?im=Crop%2Crect%3D%280%2C7%2C5095%2C2865%29%3BResize%3D620",2026-07-04T12:27:13Z,,"A Ukrainian drone attack struck an oil terminal in St. Petersburg on Saturday, Russian officials said, as Kyiv pressed on with the bombardment of Russia's oil infrastructure.
Almost daily long-range… [+3736 chars]",,en,'Ukraine'
71,https://www.bbc.co.uk/news/articles/c8j2vmzxezro,0,www.bbc.co.uk,Ukraine hits major oil terminal in Russia's St Petersburg,"Ukrainian President Volodymyr Zelensky says the target is key infrastructure ""that generates revenue for Russia's war"".",https://ichef.bbci.co.uk/ace/branded_news/1200/cpsprodpb/737c/live/fec2f110-779f-11f1-90c7-73fde41eb72e.png,2026-07-04T12:34:28Z,,"Ukraine has struck a major oil terminal in Russia's second city of St Petersburg and other targets in the country's north-west.
In a post on social media, President Volodymyr Zelensky wrote: ""Ukrain… [+2843 chars]",,en,'Ukraine'
72,https://abcnews.com/International/ukraine-launches-major-drone-attack-russia/story?id=134470108,0,abcnews.com,Ukraine launches major drone attack again on Russia,"Ukraine launched a major drone attack on Russia with some 400 drones involved, according to the Russian defense ministry.",https://i.abcnewsfe.com/a/4ac7426c-eb38-42c7-b554-ea98d29de0c9/russia-strike-ht-jt-260704_1783176616923_hpMain_16x9.jpg?w=1600,2026-07-04T17:32:48Z,http://web.archive.org/web/20260704224149/https://abcnews.com/International/ukraine-launches-major-drone-attack-russia/story?id=134470108,"Ukraine has mounted another large drone attack against Russia overnight, launching hundreds of drones and once again targeting oil infrastructure and military sites near St. Petersburg.
Videos onlin… [+2856 chars]",,en,'St Petersburg'
73,https://www.bbc.com/news/articles/c8j2vmzxezro?xtor=AL-72-%5Bpartner%5D-%5Byahoo.north.america%5D-%5Bheadline%5D-%5Bnews%5D-%5Bbizdev%5D-%5Bisapi%5D,0,www.bbc.com,Ukraine hits major oil terminal in Russia's St Petersburg,"Ukrainian President Volodymyr Zelensky says the target is key infrastructure ""that generates revenue for Russia's war"".",https://s.yimg.com/lo/mysterio/api/3fa3e0b4bfff58ce66cffb1a244e4808faf558dbf165d60ba83ebefc990a6c13/lightyear_networkapi/resizefill_w550_h310;quality_80;format_webp/https:%2F%2Fmedia.zenfs.com%2Fen%2Fbbc_us_articles_995%2Ff27a8f3b0fca5d1da5c403421aac8dab,2026-07-04T18:41:29Z,http://web.archive.org/web/20260705052529/https://www.bbc.com/news/articles/c8j2vmzxezro?xtor=AL-72-%5Bpartner%5D-%5Byahoo.north.america%5D-%5Bheadline%5D-%5Bnews%5D-%5Bbizdev%5D-%5Bisapi%5D,"Ukraine's military described St Petersburg's oil terminal as ""one of the largest"" in Russia [Zelenskiy / Official]
A major oil terminal in Russia's second city of St Petersburg in the north-west was… [+4454 chars]",,en,'Ukraine'
74,https://www.foxnews.com/opinion/tanvi-ratna-latin-americas-right-turn-redrawing-united-states-backyard,0,www.foxnews.com,TANVI RATNA: Latin America's right turn is redrawing the United States' backyard,"From Colombia to Peru, a security-driven right wing is sweeping the region as Bukele-style politics becomes the hemisphere's most important export.",https://static.foxnews.com/foxnews.com/content/uploads/2026/02/peru-president-jeri.jpg,2026-07-04T19:26:16Z,http://web.archive.org/web/20260705050336/https://www.foxnews.com/opinion/tanvi-ratna-latin-americas-right-turn-redrawing-united-states-backyard,"Latin America has moved right. Not in one election, not in one country, and not as a passing mood. The regions political map has been reordered. Argentina, Chile, Paraguay, Peru, Colombia, Honduras, … [+7625 chars]",,en,'Peru'
75,https://www.yahoo.com/news/world/articles/china-russia-navies-hold-drills-071720986.html,0,www.yahoo.com,"China, Russia navies to hold drills off China coast","BEIJING, July 5 (Reuters) - The Chinese and Russian navies will hold joint exercises in the waters and airspace off the Chinese city of Qingdao next week, Ch...",https://s.yimg.com/lo/mysterio/api/298416819d4d02ea939c9b880856cb50c621326cc6ce431bb07f5ae1851c2c92/lightyear_networkapi/resizefill_w800_h490;quality_80;format_webp/https:%2F%2Fmedia.zenfs.com%2Fen%2Freuters.com%2F0abf1d428a2cec664a0fdae10e2aaf6e,2026-07-05T07:17:20Z,,"BEIJING, July 5 (Reuters) - The Chinese and Russian navies will hold joint exercises in the waters and airspace off the Chinese city of Qingdao next week, China's defence ministry and Russian state m… [+674 chars]",,en,'BEIJING'
76,https://www.npr.org/2026/07/05/nx-s1-5882784/pastor-freed-prison-china-trump-request,0,www.npr.org,Pastor freed from prison in China weeks after Trump requested his release,"A pastor of a prominent underground church who was detained in China in October has been released, less than two months after U.S. President Donald Trump brought up his case when meeting Chinese leader Xi Jinping.",https://npr.brightspotcdn.com/dims3/default/strip/false/crop/5988x3368+0+312/resize/1400/quality/85/format/jpeg/?url=http%3A%2F%2Fnpr-brightspot.s3.amazonaws.com%2Fee%2Fd0%2Fa8c061b74065b4cc95be6580e012%2Fap26186104667315.jpg,2026-07-05T08:30:07Z,,"WASHINGTON A pastor of a prominent underground church who was detained in China in October has been released, less than two months after U.S. President Donald Trump brought up his case when meeting C… [+2480 chars]",,en,'BEIJING'
77,https://www.aljazeera.com/news/2026/7/5/china-releases-underground-church-pastor-after-months-in-detention,0,www.aljazeera.com,China releases underground church pastor after months in detention,Ezra Jin’s family says the Zion Church founder arrived in the US after months in detention in China.,https://www.aljazeera.com/wp-content/uploads/2026/07/ap_6a4a099eca6b5-1783237022.jpg?resize=1920%2C1440,2026-07-05T08:54:12Z,,"The founder of a prominent underground church in China has been released after months in detention, his family and a Christian rights group said.
ChinaAid said Pastor Jin Mingri, also known by his E… [+2061 chars]",,en,'BEIJING'
78,https://www.hurriyetdailynews.com/leyen-warns-china-dialogue-has-to-deliver-on-trade-imbalances-224007,0,www.hurriyetdailynews.com,Leyen warns China 'dialogue has to deliver' on trade imbalances,"The EU's upcoming trade talks with China have to deliver results, European Commission head Ursula von der Leyen has warned, as the bloc weighs action to address its trade imbalances with Beijing.",https://image.hurimg.com/i/hurriyet/75/200x200/6a4a1ec27c43e629aa253bcb.jpg,2026-07-05T09:10:49Z,,"CORK
The EU's upcoming trade talks with China have to deliver results, European Commission head Ursula von der Leyen has warned, as the bloc weighs action to address its trade imbalances with Beijin… [+1365 chars]",,en,'BEIJING'
79,https://www.dw.com/en/china-frees-pastor-after-trump-raised-case-with-xi/a-77836084,0,www.dw.com,China frees pastor after Trump raised case with Xi,China has released the pastor of a prominent underground church after US President Donald Trump pressed his case with Chinese leader Xi Jinping. His family hailed the move as a hopeful sign for religious freedom. China released underground church pastor Ezra …,https://static.dw.com/image/77836009_6.jpg,2026-07-05T09:21:00Z,,"China released underground church pastor Ezra Jin Mingri, who had been detained since October, his family and rights groups said on Sunday after he arrived in Los Angeles.
The release came less than… [+2559 chars]",,en,'BEIJING'
80,https://www.yahoo.com/news/weather-news/articles/heavy-rains-leave-5-dead-094040487.html,0,www.yahoo.com,Heavy rains leave 5 dead in China's north while Tropical Storm Maysak hits the south and Vietnam,"Heavy rains have left five people dead in northern China while a tropical storm toppled trees and submerged cars in the nation's south, state media reported...",https://s.yimg.com/lo/mysterio/api/db0e6cf1f58f817a67d166eb4b4ade1ff78a197d9ae621052a2ae7eb82322e43/lightyear_networkapi/resizefill_w1200;quality_80;format_webp/https:%2F%2Fmedia.zenfs.com%2Fen%2Fap.org%2Ffaa248c9f851f4d8ba7c0a291ba6ac07,2026-07-05T09:40:40Z,http://web.archive.org/web/20260705220618/https://www.yahoo.com/news/weather-news/articles/heavy-rains-leave-5-dead-094040487.html,"BEIJING (AP) Heavy rains have left five people dead in northern China while a tropical storm toppled trees and submerged cars in the nation's south, state media reported Sunday.
Two villagers died i… [+1769 chars]",,en,'BEIJING'
81,https://www.nbcnews.com/world/asia/chinese-air-conditioners-hot-demand-europe-heat-wave-temperatures-rcna352698,0,www.nbcnews.com,Chinese air conditioners are in hot demand in Europe as heat wave sends temperatures soaring,"BEIJING — Trade tensions between China and Europe are heating up, even as Europeans turn to China for help cooling down.","https://media-cldnry.s-nbcnews.com/image/upload/t_nbcnews-fp-1200-630,f_auto,q_auto:best/rockcms/2026-07/260702-china-ac-rs-1f6f76.jpg",2026-07-05T09:46:31Z,,"BEIJING Trade tensions between China and Europe are heating up, even as Europeans turn to China for help cooling down.
Limited time: Save 25% on NBC News subscription
Get exclusive reporting, live … [+6438 chars]",,en,'BEIJING'
82,https://economictimes.indiatimes.com/news/international/global-trends/heavy-rains-leave-5-dead-in-chinas-north-while-tropical-storm-maysak-hits-south-vietnam/articleshow/132193880.cms,0,economictimes.indiatimes.com,"Heavy rains leave 5 dead in China's north while Tropical Storm Maysak hits south, Vietnam","Northern China is grappling with the aftermath of heavy rains, which have tragically claimed five lives due to flash floods and drowning incidents. Meanwhile, Tropical Storm Maysak has brought significant disruption to the south, submerging vehicles and forci…","https://img.etimg.com/thumb/msid-132193915,width-1200,height-630,imgsize-354988,overlay-economictimes/articleshow.jpg",2026-07-05T10:19:56Z,,"Beijing: Heavy rains have left five people dead in northern China while a tropical storm toppled trees and submerged cars in the nation's south, state media reported Sunday.Two villagers died in a mo… [+1929 chars]",,en,'BEIJING'
83,https://abcnews.com/International/wireStory/heavy-rains-leave-5-dead-chinas-north-tropical-134494009,0,abcnews.com,Heavy rains leave 5 dead in China's north; tropical storm hits the south and Vietnam,"Heavy rains have left five people dead in northern China, while a tropical storm has toppled tree and submerged cars in the south, according to state media",https://i.abcnewsfe.com/a/3709967f-e1f3-420a-ad77-ab6eae31bf51/wirestory_dd8d58f86bcb36a978090c7c2c70a9c9_16x9.jpg?w=1600,2026-07-05T10:28:22Z,,"BEIJING -- Heavy rains have left five people dead in northern China while a tropical storm toppled trees and submerged cars in the nation's south, state media reported Sunday.
Two villagers died in … [+1768 chars]",,en,'BEIJING'
84,https://pypi.org/project/weather-mcp-server-beijing-pycoder-2026/0.1.0/,0,pypi.org,weather-mcp-server-beijing-pycoder-2026 0.1.0,A weather MCP MCP Server powered by OpenWeatherMap,,2026-07-05T10:30:37Z,,"A required part of this site couldnt load. This may be due to a browser
 extension, network issues, or browser settings. Please check your
 connection, disable any ad blockers, or try using a diffe… [+12 chars]",,en,'Beijing'
85,https://www.nakedcapitalism.com/2026/07/links-7-5-2026.html,0,www.nakedcapitalism.com,Links 7/5/2026,"Our strategic daily links: U.S. 250th birthday, galactic mega-merger, climate inequality, Venezuela quake, Chinese vertical farming, Mideast horrors, Ukraine burning, vanishing privacy, Trumpishness, Musk world, hapless Democrats, immigration troubles, Mr. ma…",https://www.nakedcapitalism.com/wp-content/uploads/2026/07/Puppies.jpg,2026-07-05T10:55:53Z,,"Hey America! Happy 250th Birthday, darling! 
Wishing you the brightest Independence Day yet.
May the next 250 years shine even brighter.
Cheers today 
4th of July, 2026. pic.twitter.com/VMuP3a7An… [+7309 chars]",,en,'BEIJING'
86,https://www.wlky.com/article/elaine-chao-china-vice-president-mitch-mcconnell-kentucky/71823757,0,www.wlky.com,Elaine Chao meets with China vice president 3 days after McConnell's hospitalization...,"Three days after Sen. Mitch McConnell was rushed to the hospital, the Chinese government says his wife, former U.S. Transportation Secretary Elaine Chao, met with one of China's top officials in Beijing.","https://kubrick.htvapps.com/htv-prod/images/7727fbc9-c232-4d4c-9f5e-78235c04deef.png?crop=1.00xw:0.790xh;0,0.180xh&resize=1200:*",2026-07-05T11:00:13Z,,"BEIJING, Beijing —Three days after Sen. Mitch McConnell was rushed to the hospital, the Chinese government says his wife, former U.S. Transportation Secretary Elaine Chao, met with one of China's top… [+868 chars]",,en,'China'
87,https://www.nbcnews.com/world/china/chinese-pastor-released-prison-trump-raised-case-xi-jinping-rcna353014,0,www.nbcnews.com,Chinese pastor released from prison after Trump raised his case with Xi Jinping,"An underground church pastor has been released from prison in China and has arrived in the United States, less than two months after President Donald Trump publicly raised his case with Chinese President Xi Jinping.","https://media-cldnry.s-nbcnews.com/image/upload/t_nbcnews-fp-1200-630,f_auto,q_auto:best/rockcms/2026-07/260705-pastor-nd-c67191.jpg",2026-07-05T11:25:53Z,,"An underground church pastor has been released from prison in China and has arrived in the United States, less than two months after President Donald Trump publicly raised his case with Chinese Presi… [+4065 chars]",,en,'China'
88,https://www.globalsecurity.org/military/library/news/2026/07/mil-260705-pna04.htm,0,www.globalsecurity.org,PBBM: China's sanctions vs. Teodoro 'unhelpful',"President Ferdinand R. Marcos Jr. on Saturday (Canada time) described the sanctions imposed by China against Defense Secretary Gilberto Teodoro Jr. as ""very unhelpful.""",,2026-07-05T12:00:00Z,,"Philippine News Agency
By Ruth Abbey Gita-CarlosJuly 5, 2026, 12:38 am
VANCOUVER -- President Ferdinand R. Marcos Jr. on Saturday (Canada time) described the sanctions imposed by China against Defe… [+1516 chars]",,en,'BEIJING'
89,https://www.globalsecurity.org/wmd/library/news/taiwan/2026/taiwan-260705-cna01.htm,0,www.globalsecurity.org,Taiwan says China has 'no right to comment' on reported Perth office,"Taiwan's Ministry of Foreign Affairs (MOFA) on Sunday declined to confirm reports that it plans to open a representative office in Perth, Australia, while criticizing Beijing for attempting to interfere with Taiwan's international exchanges.",,2026-07-05T12:00:00Z,,"ROC Central News Agency
07/05/2026 03:26 PM
Taipei, July 5 (CNA) Taiwan's Ministry of Foreign Affairs (MOFA) on Sunday declined to confirm reports that it plans to open a representative office in P… [+2209 chars]",,en,'Australia'
90,https://www.fly4free.com/flight-deals/europe/flights-from-prague-to-beijing-e422-2/,0,www.fly4free.com,"Etihad Airways flights from Prague to Beijing, China for €422","Experience rich culture, dazzling cities, and timeless traditions — all at an unbeatable fare. Fly Etihad Airways to Beijing starting at just €422 for a round trip. Pack your bags, China is calling!",https://assets.fly4free.com/wp-content/uploads/2026/06/Beijing_China_PH_rafik-wahba-LkyYLdL3WxE-unsplash-800x502.jpg,2026-07-05T12:15:17Z,,"Experience rich culture, dazzling cities, and timeless traditions all at an unbeatable fare. Fly Etihad Airways to Beijing starting at just 422 for a round trip. Pack your bags, China is calling!<ul>… [+2326 chars]",,en,'Beijing'
91,https://www.tomshardware.com/tech-industry/artificial-intelligence/alibaba-bans-anthropics-claude-code-after-an-alleged-hidden-china-detection-backdoor-is-uncovered-employees-told-to-switch-to-qoder-as-the-rift-between-the-firms-widens,0,www.tomshardware.com,Alibaba bans Anthropic's Claude Code after an alleged hidden China-detection backdoor is uncovered — employees told to switch to Qoder as the rift between the firms widens,"Alibaba banned Claude Code after an alleged hidden China-detection code was found, prompting staff to switch to Qoder as its feud with Anthropic deepens.",https://cdn.mos.cms.futurecdn.net/LyXhaFLnFmGeSh8PqYKPuh-1920-80.jpg,2026-07-05T12:20:00Z,,"Chinese tech giant Alibaba has banned its employees from using Anthropic's Claude Code for all work purposes, effective July 10, after security researchers alleged the AI coding agent contained hidde… [+5115 chars]",,en,'China'
92,https://www.cbc.ca/news/canada/edmonton/oliver-dawson-swimming-northern-alberta-9.7258035,0,www.cbc.ca,Swimming phenom from northern Alberta is 'rewriting the record books',"Grande Prairie's 18 year-old Oliver Dawson was named the city's parade marshal for Canada Day 2026 for his feats in the swimming pool. Dawson has broken two Canadian breaststroke speed records so far, and he doesn't plan on slowing down anytime soon.","https://i.cbc.ca/ais/82e975dd-5eaa-4423-9ca6-46f4e2e865c0,1783112096804/full/max/0/default.jpg?im=Crop%2Crect%3D%280%2C978%2C5712%2C3213%29%3BResize%3D620",2026-07-05T13:00:00Z,,"Oliver Dawson was grinning from ear to ear on Canada Day as he waved at crowds from his perch atop a Buick convertible that led a parade down one of Grande Prairie's main drags.
With two national sw… [+4608 chars]",,en,'BEIJING'
93,https://thenextweb.com/news/china-humanlike-ai-agent-rules/,0,thenextweb.com,ByteDance and Alibaba kill custom AI companions as China’s new rules bite,"ByteDance’s Doubao and Alibaba’s Qwen, two of China’s biggest consumer AI apps, are disabling their customised agent features, the South China Morning Post reports. The move comes days before Beijing’s new rules on humanlike AI interaction services take effec…",https://media.thenextweb.com/2026/06/China-flag.avif,2026-07-05T14:19:23Z,,"TL;DR
ByteDances Doubao and Alibabas Qwen are disabling custom AI agent features ahead of Chinas Interim Measures on anthropomorphic AI interaction services, effective 15 July. The rules target bots… [+3581 chars]",,en,'BEIJING'
94,https://pypi.org/project/china-travel-mcp/,0,pypi.org,china-travel-mcp added to PyPI,"China inbound travel MCP server - search hotels, flights, attractions, plan itineraries, and get travel tips for China",https://pypi.org/static/images/twitter.abaf4b19.webp,2026-07-05T14:37:44Z,,"An MCP (Model Context Protocol) server that provides AI assistants with comprehensive China inbound travel capabilities. Powered by TripGenie API with Trip.com affiliate booking links.
Features
<ul… [+3157 chars]",,en,'BEIJING'
95,https://economictimes.indiatimes.com/news/international/world-news/chinas-dominance-in-rare-earth-industry-has-key-structural-weakness-as-us-japan-hold-core-patents-study/articleshow/132197557.cms,0,economictimes.indiatimes.com,"China's dominance in rare earth industry has key structural weakness as US, Japan hold core patents: Study","Despite controlling the majority of global rare earth mining and processing, China's dominance faces a significant structural weakness. A recent study reveals that core patents for advanced rare earth functional materials, crucial for high-tech applications, …","https://img.etimg.com/thumb/msid-132197581,width-1200,height-630,imgsize-90474,overlay-economictimes/articleshow.jpg",2026-07-05T15:08:20Z,,"Beijing, China's dominance in the rare earth industry has a key structural weakness as the US and Japan largely hold many of the core patents for advanced rare earth functional material technologies,… [+2845 chars]",,en,'BEIJING'
96,https://legalinsurrection.com/2026/07/china-frees-underground-christian-pastor-after-trumps-intervention/,0,legalinsurrection.com,China Frees ‘Underground’ Christian Pastor After Trump’s Intervention,"Pastor Ezra Jin ""arrived safely in Los Angeles on July 4, 2026, after being released directly from detention in China.""
The post China Frees ‘Underground’ Christian Pastor After Trump’s Intervention first appeared on Le·gal In·sur·rec·tion.",https://legalinsurrection.com/wp-content/uploads/2026/07/China-frees-underground-Christian-pastor-after-Trumps-intervention.jpg,2026-07-05T16:25:59Z,,"China’s Communist regime has released a prominent underground church pastor weeks after President Donald Trump raised his plight during the recent visit to Beijing.
Ezra Jin, who led one of China’s … [+4065 chars]",,en,'BEIJING'
97,https://www.techradar.com/how-to-watch/football/brazil-vs-norway-world-cup-2026-free,0,www.techradar.com,"How to watch Brazil vs Norway: Free Streams, TV Channels & Kick-Off time for FIFA World Cup 2026 as Erling Haaland aims to shock Selecao","Here's how to watch Brazil vs Norway for free online and from anywhere at the FIFA World Cup 2026, as Vinicius Jr and Erling Haaland headline the last-16 clash.",https://cdn.mos.cms.futurecdn.net/n3vo882PqhgznEUw4fsiF5-2560-80.jpg,2026-07-05T17:05:00Z,,Erling Haaland's Viking warriors set sail for New Jersey as Norway battle five-time winners Brazil for a place in the FIFA World Cup 2026 quarter-finals — and you can live stream the last-16 clash ar… [+6781 chars],,en,'St Petersburg'
98,https://www.breitbart.com/faith/2026/07/05/china-releases-pastor-two-months-after-president-trump-advocated-for-his-release-with-xi/,0,www.breitbart.com,China Releases Pastor Two Months After President Trump Advocated for His Release with Xi Jinping,"President Donald Trump’s relationship with Chinese leader Xi Jinping paid dividends this week as an imprisoned underground church pastor was released two months after the president personally lobbied for his freedom.
The post China Releases Pastor Two Months …",https://media.breitbart.com/media/2026/05/5527124642276823b7173-640x335.jpg,2026-07-05T18:48:49Z,,President Donald Trumps relationship with Chinese leader Xi Jinping paid dividends this week as an imprisoned underground church pastor was released two months after the president personally lobbied … [+3048 chars],,en,'China'
99,https://247wallst.com/investing/2026/07/05/3-ishares-etfs-crushing-the-sp-500-by-30-points-in-2026/,0,247wallst.com,3 iShares ETFs Crushing the S&P 500 by 30 Points in 2026,"Three funds dominate the emerging markets ex-China conversation right now, and each one has put meaningful daylight between itself and the S&P 500 so far thi...",https://s.yimg.com/lo/mysterio/api/E3F7E3D9CEA1C1FBDE5401BDA9ED1E8D7C60F0DA0084399ACA7932B0A38C5514/subgraphmysterio/resizefill_w1200_h800;quality_80;format_webp/https:%2F%2Fmedia.zenfs.com%2Fen%2F24_7_wall_st__718%2Fd6979f668d1ccbb500ea68783667f8ce,2026-07-05T19:10:14Z,,"Quick Read
<ul><li>EMXC and FRDM have surged 39% and 41% year to date in 2026, outpacing the S&amp;P 500's 9% gain by roughly 30 points.
</li><li>Standard EM benchmarks allocate 30% to China, but e… [+6893 chars]",,en,'BEIJING'
100,https://www.irishtimes.com/opinion/editorials/2026/07/05/the-irish-times-view-on-the-eu-and-china-negotiations-need-to-yield-results/,0,www.irishtimes.com,The Irish Times view on the EU and China: negotiations need to yield results,Recent job losses at manufacturers such as Volkswagen have increased tensions,https://www.irishtimes.com/resizer/v2/Y3SNSKLNX7N2JW6EOGVS3ZS4RE.jpg?smart=true&auth=dca9b5de0b38d4b3478eaa6054d243003146f755d3014ffe3d656b993a6e9803&width=1200&height=630,2026-07-05T20:31:00Z,,"Maro efcovic, the EU trade commissioner, kicked off a series of high stakes negotiations with Wang Wentao, his Chinese counterpart, in Brussels last week aimed at defusing tensions between Brussels a… [+2546 chars]",,en,'BEIJING'
101,https://www.npr.org/2026/07/05/nx-s1-5876545/hong-kongs-sound-of-silence-6-years-under-the-national-security-law,0,www.npr.org,Hong Kong's 'sound of silence': 6 years under the national security law,"Six years after Beijing imposed its National Security Law, many of Hong Kong's opposition voices have gone silent. Danny Vincent looks at what's changed.",https://media.npr.org/include/images/facebook-default-wide-s1400-c85.jpg,2026-07-05T21:03:38Z,,"Six years after Beijing imposed its National Security Law, many of Hong Kong's opposition voices have gone silent. Danny Vincent looks at what's changed.",,en,'Beijing'
102,https://thenextweb.com/news/alibaba-reprieve-pentagon-lobbying-ban/,0,thenextweb.com,Alibaba wins reprieve from US lobbying ban,"A federal judge has ordered the Pentagon to give Alibaba temporary relief from a law that stripped it of every lobbyist it had in Washington, Bloomberg reports. The reprieve stands while the court considers whether the measure is constitutional. The case is s…",https://media.thenextweb.com/2026/07/alibaba-600-million-doj-settlement-illegal-pharmaceuticals.avif,2026-07-05T21:14:17Z,,"TL;DR
A federal judge ordered the Pentagon to give Alibaba temporary relief from the law that caused all its Washington lobbyists to drop it, while the court weighs the measures constitutionality. T… [+3083 chars]",,en,'Washington'
103,https://freerepublic.com/focus/f-news/4386799/posts,0,freerepublic.com,Chinese pastor released from prison after Trump raised his case with Xi Jinping,"An underground church pastor has been released from prison in China and has arrived in the United States, less than two months after President Donald Trump publicly raised his case with Chinese President Xi Jinping. Ezra Jin Mingri, who founded Beijing’s fast…",,2026-07-05T22:00:12Z,,"Skip to comments.
Chinese pastor released from prison after Trump raised his case with Xi JinpingNBC NEWS ^
 | 07/05/26
 | Elmira Aliieva
Posted on 07/05/2026 3:00:12 PM PDT by SeekAndFind
An un… [+3414 chars]",,en,'Beijing'
104,https://www.dailymail.com/debate/article-15954643/Chinas-bid-football-superpower-colossal-failure-IAN-WILLIAMS.html,0,www.dailymail.com,"Corruption, the one-child policy and billions wasted - how China's bid to become a football superpower turned into colossal failure... and what it says about President Xi's wider plans for global dominance: IAN WILLIAMS","When President Xi Jinping launched the plan in 2015, China was ranked 81st in the world. It now ranks 91st. During the qualification stages for the current World Cup, it lost 7-0 to arch rival Japan.",https://i.dailymail.com/1s/2026/07/05/19/109810349-0-image-m-108_1783277650451.jpg,2026-07-05T22:01:35Z,,"The World Cup is bigger than ever. Forty-eight teams started the tournament, including minnows like Curacao, the smallest country ever to qualify, Cape Verde, the tiny island nation that defied all e… [+7733 chars]",,en,'China'
105,https://www.bbc.co.uk/news/articles/c9d227e5zj6o,0,www.bbc.co.uk,Zelensky to press Nato for air defence systems after intense Russian strikes,The Ukrainian president will use the Nato meeting in Turkey to argue he needs more interceptor missiles.,https://ichef.bbci.co.uk/ace/branded_news/1200/cpsprodpb/4c1b/live/497d1190-7994-11f1-af9a-8160843a772b.jpg,2026-07-07T02:07:15Z,,"The campaign targets have been high profile.
St Petersburg was hit with drones ahead of Putin's showpiece economic forum in June. Then there were strikes on Moscow itself, creating explosion videos … [+1552 chars]",,en,'Turkey'
106,https://abcnews.com/International/dozens-ukrainian-drones-target-moscow-mayor-zelenskyy-vows/story?id=134540012,0,abcnews.com,"Dozens of Ukrainian drones target Moscow, mayor says, as Zelenskyy vows more strikes","Ukraine launched more than 400 drones into Russia overnight, Moscow said.",https://s.yimg.com/lo/mysterio/api/20a1a772b705e434b962bec2ce644364146fe46ecee6f8221578a9889a95c20f/lightyear_networkapi/resizefill_w1200;quality_80;format_webp/https:%2F%2Fmedia.zenfs.com%2Fen%2Fus.abcnews.gma.com%2Fe8202b773ac8f45891ca21e8879d464f,2026-07-07T09:28:47Z,,"Ukraine launched more than 400 drones into Russia overnight in its latest wave of long-range strikes, according to authorities in Moscow, and as Ukrainian President Volodymyr Zelenskyy vowed to expan… [+3884 chars]",,en,'Russia'
107,https://theconversation.com/ukraine-war-is-not-going-well-for-russia-how-dangerous-is-this-for-vladimir-putin-285995,0,theconversation.com,Ukraine war is not going well for Russia – how dangerous is this for Vladimir Putin?,The question now is whether Russia’s economic difficulties will lead to mass protests and a split among the elites as happened in late Soviet times.,https://images.theconversation.com/files/746069/original/file-20260706-57-3rs1ej.jpg?ixlib=rb-4.1.0&rect=0%2C1007%2C4881%2C2440&q=45&auto=format&w=1356&h=668&fit=crop,2026-07-07T09:52:19Z,http://web.archive.org/web/20260707104127/https://theconversation.com/ukraine-war-is-not-going-well-for-russia-how-dangerous-is-this-for-vladimir-putin-285995,"The mood regarding the war in Ukraine has changed in recent months. Ukrainian drones have struck Russian oil infrastructure, causing fuel shortages across Russia. And the Ukrainian president, Volodym… [+6227 chars]",,en,'St Petersburg'
108,https://www.globalsecurity.org/wmd/library/news/russia/2026/07/russia-260707-kremlin01.htm,0,www.globalsecurity.org,Meeting with Director General of the Russian Export Centre Veronika Nikishina,"The President held a working meeting with Director General of the Russian Export Centre (REC, VEB.RF Group). Veronika Nikishina reported on the increase of Russia's non-commodity non-energy exports, the establishment of regional export support centres, and th…",,2026-07-07T12:00:00Z,,"The President held a working meeting with Director General of the Russian Export Centre (REC, VEB.RF Group). Veronika Nikishina reported on the increase of Russia's non-commodity non-energy exports, … [+13218 chars]",,en,'Russia'
109,https://www.shtfplan.com/war/russia-ukraine-trade-some-of-biggest-strikes-of-war-on-eve-of-nato-summit,0,www.shtfplan.com,Russia & Ukraine Trade Some Of Biggest Strikes Of War On Eve Of NATO Summit,"Russia has unleashed another massive drone and missile attack wave on Ukraine's capital, just on the eve of the major annual NATO summit, which is in Ankara, Turkey, this week.",https://www.shtfplan.com/wp-content/uploads/2026/04/warhell-e1775476852990.jpg,2026-07-07T12:30:16Z,,"This article was originally published by Tyler Durden at ZeroHedge. 
Russia has unleashed another massive drone and missile attack wave on Ukraine’s capital, just on the eve of the major annual NATO… [+3313 chars]",,en,'Russia'
110,https://oilprice.com/Latest-Energy-News/World-News/Drone-Strike-Shuts-Russias-Largest-Refinery-as-Fuel-Shortages-Worsen.html,0,oilprice.com,Drone Strike Shuts Russia's Largest Refinery as Fuel Shortages Worsen,"Ukraine has landed one of its most consequential blows yet against Russia's energy sector, knocking out the country's largest oil refinery just as Moscow is scrambling to contain a widening fuel crisis. Industry sources told Reuters that Gazprom Neft's Omsk r…",https://d1o9e4un86hhpc.cloudfront.net/images/facebook-share-logo.png,2026-07-07T17:30:00Z,,"Drone strikes on Russian refineries…
Russia's largest Kyiv strike this…
By Julianne Geiger - Jul 07, 2026, 12:30 PM CDTUkraine has landed one of its most consequential blows yet against Russia's en… [+2356 chars]",,en,'St Petersburg'
111,https://sports.yahoo.com/articles/seymore-strikes-12-rays-beat-015120334.html,0,sports.yahoo.com,Seymore strikes out 12 as Rays beat Yankees 6-4; New York fans 17 times for the 2nd straight game,"Hunter Feduccia and Yandy Diaz hit consecutive home runs in the fourth inning, Ian Seymour struck out 12 and the Tampa Bay Rays beat the New York Yankees 6-4 on Tuesday night. Victor Mesa Jr. also homered, and Richie Palacios had two hits, scored twice and dr…",https://s.yimg.com/ny/api/res/1.2/dokXjvpKead594u8coc2sg--/YXBwaWQ9aGlnaGxhbmRlcjt3PTEyMDA7aD03OTg7Y2Y9d2VicA--/https://media.zenfs.com/en/ap.org/f38fcda234a14c448a5f7d3d5b064726,2026-07-08T01:51:20Z,,"ST. PETERSBURG, Fla. (AP) Hunter Feduccia and Yandy Diaz hit consecutive home runs in the fourth inning, Ian Seymour struck out 12 and the Tampa Bay Rays beat the New York Yankees 6-4 on Tuesday nigh… [+1605 chars]",,en,'New York'
https://www.nakedcapitalism.com/2026/07/iran-war-trump-declares-mou-over-after-biggest-us-iran-exchange-of-strikes-since-signing-in-struggle-over-strait-of-hormuz-control-us-suspends-iran-oil-sanction-waiver.html,https://www.nakedcapitalism.com/2026/07/iran-war-trump-declares-mou-over-after-biggest-us-iran-exchange-of-strikes-since-signing-in-struggle-over-strait-of-hormuz-control-us-suspends-iran-oil-sanction-waiver.html,0,www.nakedcapitalism.com,Iran War: Trump Declares MOU Over After Biggest US-Iran Exchange of Strikes Since Signing in Struggle Over Strait of Hormuz Control; US Suspends Iran Oil Sanction Waiver,"Today's Iran war news: As many expected, the MOU is coming apart as the US-Iran fight for control of the Strait of Hormuz escalates.",https://www.nakedcapitalism.com/wp-content/uploads/2026/07/Screenshot-2026-07-08-at-4.00.51 PM.png,2026-07-08T10:54:17Z,,"[Today’s Iran war post was pretty much complete at launch time, so I expect to be done at 7:30 AM EDT unless there is a big new development. Please return or refresh this page then]
After both the U… [+21397 chars]",,en,'China'
https://www.thehindubusinessline.com/markets/sensex-nifty50-today-stock-market-highlights-8th-july-2026/article71194074.ece,https://www.thehindubusinessline.com/markets/sensex-nifty50-today-stock-market-highlights-8th-july-2026/article71194074.ece,0,www.thehindubusinessline.com,"Sensex today | Stock Market Highlights: Sensex tumbles 1,677 points, Nifty slips below 23,900 after Trump’s Iran comments","Sensex Today, Nifty 50 | Stock Market Highlights - 8th July 2026: Indian equity markets suffered a sharp sell-off in the final hour of trading after US President Donald Trump signalled that negotiations with Iran were effectively over and confirmed renewed US…",https://bl-i.thgim.com/public/incoming/oet1zt/article71018310.ece/alternates/LANDSCAPE_1200/stock%20market%20graph.jpg,2026-07-08T10:54:25Z,,"<li></li>
July 8, 2026 16:24The live blog is now closed.
<li></li>
July 8, 2026 16:21Gold price falls 2,308/10g in futures trade as higher crude, strong US dollar dampen bullion demand
Gold price… [+63830 chars]",,en,'Iran'
https://www.nationalobserver.com/2026/07/08/news/canada-says-new-legislation-combating-forced-labour-supply-chains-should-shield,https://www.nationalobserver.com/2026/07/08/news/canada-says-new-legislation-combating-forced-labour-supply-chains-should-shield,0,www.nationalobserver.com,Canada says new legislation combating forced labour in supply chains should shield Canada from new tariffs,The Canadian government told the Trump administration new legislation combating forced labour in supply chains should shield Canada from new tariffs.,https://www.nationalobserver.com/sites/default/files/img/2026/07/08/33cf658aadfee01369a9eb649a7095ca71d3d353dff9a8fedb6db211bbee61c6.jpg,2026-07-08T10:58:34Z,,"The Canadian government told the Trump administration new legislation combating forced labour in supply chains should shield Canada from new tariffs.
In a written submission to the United States Tra… [+4664 chars]",,en,'Canada'
https://www.nakedcapitalism.com/2026/07/links-7-8-2026.html,https://www.nakedcapitalism.com/2026/07/links-7-8-2026.html,0,www.nakedcapitalism.com,Links 7/8/2026,"Our daily links: Dems look to replace Platner after he's convicted by mob, Trump restarts Iran war, ICE kills another, AMOC collapse already locked in?",https://www.nakedcapitalism.com/wp-content/uploads/2026/07/E_pXwhOXoAAjoxM-e1783458695966.jpeg,2026-07-08T10:59:37Z,,"Did elephant energetics decide Hannibal’s Alpine crossing route? Phys.org
Early Americans primary diet was mammoths, other large mammals EurekAlert!
Humanity’s Apex Predator Is on the Move. We’re N… [+6580 chars]",,en,'Iran'
https://www.prnewswire.com/news-releases/yiren-digital-advances-ai-entertainment-strategy-through-warrant-agreement-with-an-ai-native-entertainment-and-emotional-wellness-platform-302820630.html,https://www.prnewswire.com/news-releases/yiren-digital-advances-ai-entertainment-strategy-through-warrant-agreement-with-an-ai-native-entertainment-and-emotional-wellness-platform-302820630.html,0,www.prnewswire.com,Yiren Digital Advances AI Entertainment Strategy Through Warrant Agreement with an AI-Native Entertainment and Emotional Wellness Platform,"Staged Investment Rights Provide a Pathway Toward Potential Majority Ownership in a Fast-Growing, Internationally Focused AI Application Company BEIJING, July 8, 2026 /PRNewswire/ -- Yiren Digital Ltd. (NYSE: YRD) (""Yiren Digital"" or the ""Company""), a leading…",,2026-07-08T11:00:00Z,,"Staged Investment Rights Provide a Pathway Toward Potential Majority Ownership in a Fast-Growing, Internationally Focused AI Application Company
BEIJING, July 8, 2026 /PRNewswire/ -- Yiren Digital L… [+7725 chars]",,en,'Beijing'
https://www.prnewswire.com/news-releases/global-ma-enters-gigadeal-era-as-1h26-volumes-jump-44-302819818.html,https://www.prnewswire.com/news-releases/global-ma-enters-gigadeal-era-as-1h26-volumes-jump-44-302819818.html,0,www.prnewswire.com,"Global M&A enters ""gigadeal"" era as 1H26 volumes jump 44%","NEW YORK, July 8, 2026 /PRNewswire/ -- Global M&A entered a new ""gigadeal"" era in 1H26, with six deals worth more than USD 50bn accounting for 16 percent of total deal volume. Overall volume rose 44 percent year-on-year to USD 3.16tn, the highest level on rec…",https://mmx.prnewswire.com/media/MS1120473/ION-Logo-New.jpg?id=OA2753745&p=facebook,2026-07-08T11:00:00Z,,"NEW YORK, July 8, 2026 /PRNewswire/ -- Global M&amp;A entered a new ""gigadeal"" era in 1H26, with six deals worth more than USD 50bn accounting for 16 percent of total deal volume. Overall volume rose… [+4362 chars]",,en,'NEW YORK'
https://www.globenewswire.com/news-release/2026/07/08/3323950/0/en/Aurora-Mobile-s-EngageLab-Showcases-AI-First-Omnichannel-Customer-Engagement-Solutions-at-The-MarTech-Summit-Hong-Kong.html,https://www.globenewswire.com/news-release/2026/07/08/3323950/0/en/Aurora-Mobile-s-EngageLab-Showcases-AI-First-Omnichannel-Customer-Engagement-Solutions-at-The-MarTech-Summit-Hong-Kong.html,0,www.globenewswire.com,Aurora Mobile's EngageLab Showcases AI-First Omnichannel Customer Engagement Solutions at The MarTech Summit Hong Kong,"HONG KONG, July 08, 2026 (GLOBE NEWSWIRE) -- Aurora Mobile Limited (NASDAQ: JG) (""Aurora Mobile"" or the ""Company""), a leading provider of customer engagement and marketing technology services, today announced that its AI-first customer engagement platform, En…",https://ml.globenewswire.com/Resource/Download/585bbbcf-04ed-4ee5-97f6-7d93e705c91e,2026-07-08T11:00:00Z,,"HONG KONG, July 08, 2026 (GLOBE NEWSWIRE) -- Aurora Mobile Limited (NASDAQ: JG) (""Aurora Mobile"" or the ""Company""), a leading provider of customer engagement and marketing technology services, today … [+6917 chars]",,en,'Hong Kong'
https://economictimes.indiatimes.com/industry/cons-products/fashion-/-cosmetics-/-jewellery/india-silver-import-curbs-create-shortages-push-premiums-to-six-month-high/articleshow/132261302.cms,https://economictimes.indiatimes.com/industry/cons-products/fashion-/-cosmetics-/-jewellery/india-silver-import-curbs-create-shortages-push-premiums-to-six-month-high/articleshow/132261302.cms,0,economictimes.indiatimes.com,"India silver import curbs create shortages, push premiums to six-month high",India's silver import restrictions have caused significant shortages in the domestic market. Premiums have surged to their highest levels in six months due to these curbs. May imports saw a drastic fall from the previous year's figures. These measures aim to …,"https://img.etimg.com/thumb/msid-132261508,width-1200,height-630,imgsize-105546,overlay-economictimes/articleshow.jpg",2026-07-08T11:00:20Z,,"MUMBAI, - India's restrictions on silver imports have created shortages in the world's biggest market for the precious metal, pushing premiums to their highest levels in six months despite weaker-tha… [+2325 chars]",,en,'China'
https://www.foxnews.com/opinion/sen-todd-young-hidden-danger-chinas-ships-could-bring-shores,https://www.foxnews.com/opinion/sen-todd-young-hidden-danger-chinas-ships-could-bring-shores,0,www.foxnews.com,SEN TODD YOUNG: The hidden danger China’s ships could bring to our shores,"China is retrofitting cargo ships with missiles and drone systems that could target U.S. ports like Houston, raising urgent maritime security concerns.",https://static.foxnews.com/foxnews.com/content/uploads/2026/05/container-ship-strait-hormuz-iran-ap-fox-news-optimized.jpg,2026-07-08T11:00:34Z,,"Chinese vessels carry appliances, clothing, and household goods to our ports. But what if they also brought, without notice, missile launchers concealed in shipping containers? This is not merely a h… [+5560 chars]",,en,'China'
https://cryptobriefing.com/china-warns-of-security-risks-in-anthropics-ai-tool-impacting-market-confidence/,https://cryptobriefing.com/china-warns-of-security-risks-in-anthropics-ai-tool-impacting-market-confidence/,0,cryptobriefing.com,"China warns of security risks in Anthropic’s AI tool, impacting market confidence","China's warning on Anthropic's AI tool could lead to increased scrutiny and volatility in tech markets, affecting global cybersecurity dynamics.
The post China warns of security risks in Anthropic’s AI tool, impacting market confidence appeared first on Crypt…",https://static.cryptobriefing.com/wp-content/uploads/2026/07/08070203/the-claude-ai-logo-is-displayed-on-a-smartphone-screen-with-3-800x420.jpeg,2026-07-08T11:02:04Z,,"China has issued a warning regarding potential “back-door” security risks for companies utilizing Anthropic’s Claude Code artificial intelligence tool, raising concerns about cybersecurity vulnerabil… [+1851 chars]",,en,'China'
https://economictimes.indiatimes.com/news/new-updates/why-does-trump-want-greenland-all-about-the-arctic-island-of-just-56000-mostly-inuit-people-at-the-center-of-a-global-power-struggle/articleshow/132261192.cms,https://economictimes.indiatimes.com/news/new-updates/why-does-trump-want-greenland-all-about-the-arctic-island-of-just-56000-mostly-inuit-people-at-the-center-of-a-global-power-struggle/articleshow/132261192.cms,0,economictimes.indiatimes.com,"Why does Trump want Greenland? All about the Arctic island of just 56,000 mostly Inuit people at the center of a global power struggle",Trump and Greenland: Greenland's strategic location between North America and Europe draws global attention.  The United States seeks control for security amid growing Arctic competition.  Russia and China are also increasing their presence in the region.  Gr…,"https://img.etimg.com/thumb/msid-132261654,width-1200,height-630,imgsize-276388,overlay-economictimes/articleshow.jpg",2026-07-08T11:03:25Z,,"For decades, Greenland, an Arctic island home to just 56,000 people, most of them Inuit, was mostly ignored by the rest of the world. But today, US President Donald Trump has once again made Greenlan… [+5014 chars]",,en,'Russia'
https://www.channelnewsasia.com/east-asia/china-anthropic-claude-code-ai-backdoor-security-alert-6240476,https://www.channelnewsasia.com/east-asia/china-anthropic-claude-code-ai-backdoor-security-alert-6240476,0,www.channelnewsasia.com,China warns of 'security backdoor' in Anthropic AI coding tool,"The alleged backdoor could allow the software to ""transmit sensitive information"", including users' locations and identity-related identifiers, back to Anthropic's servers without users' consent.","https://dam.mediacorp.sg/image/upload/s--zhQFU1Nh--/c_fill,g_auto,h_676,w_1200/fl_relative,g_south_east,l_mediacorp:cna:watermark:2024-04:reuters_1,w_0.1/f_auto,q_auto/v1/one-cms/core/2026-07-08T070110Z_2_LYNXMPEM670AT_RTROPTP_3_ANTHROPIC-AI-ALIBABA.JPG?itok=RdT3kwCZ",2026-07-08T11:06:00Z,,"BEIJING: A Chinese industry regulator warned users on Wednesday (Jul 8) of a ""security backdoor"" embedded in versions of US artificial intelligence company Anthropic's coding tool, Claude Code.
The … [+2139 chars]",,en,'China'
https://cryptobriefing.com/us-to-rebuild-commercial-fleet-amid-china-port-security-concerns/,https://cryptobriefing.com/us-to-rebuild-commercial-fleet-amid-china-port-security-concerns/,0,cryptobriefing.com,US to rebuild commercial fleet amid China port security concerns,"The U.S. fleet expansion reflects strategic efforts to counter China's maritime influence and address security vulnerabilities at domestic ports.
The post US to rebuild commercial fleet amid China port security concerns appeared first on Crypto Briefing.",https://static.cryptobriefing.com/wp-content/uploads/2026/07/08070656/senate-hearing-to-examine-reviving-u-s-commercial-shipbuildi-1-800x420.jpeg,2026-07-08T11:06:57Z,,"Senator Todd Young has expressed concerns over the potential threat posed by Chinese ships docking at U.S. ports, emphasizing the risk of these vessels carrying weapons capable of attacks on American… [+2412 chars]",,en,'China'
https://www.thehindubusinessline.com/markets/commodities/crude-oil-price-surges-more-than-6-after-trump-says-ceasefire-with-iran-is-over/article71197801.ece,https://www.thehindubusinessline.com/markets/commodities/crude-oil-price-surges-more-than-6-after-trump-says-ceasefire-with-iran-is-over/article71197801.ece,0,www.thehindubusinessline.com,Crude oil price surges more than 6% after Trump says ceasefire with Iran is 'over',"Crude oil prices spike over 6% after Trump declares the ceasefire with Iran ""over,"" raising geopolitical tensions.",https://bl-i.thgim.com/public/incoming/95sewu/article71197825.ece/alternates/LANDSCAPE_1200/PO19_Crude_oil.jpg,2026-07-08T11:08:14Z,,"Oil prices surged more than 6 per cent after US President Donald Trump said Wednesday that the interim agreement with Iran is over, though he will allow talks to continue.
Trump made the comments fo… [+4109 chars]",,en,'China'
https://www.ozbargain.com.au/node/967093,https://www.ozbargain.com.au/node/967093,0,www.ozbargain.com.au,"China Southern: BNE Madrid $1168, SYD Istanbul $1184, MEL Budapest $1423, PER Amsterdam $1516, ADL Frankfurt $1594 @ BTF","China Southern: China Southern is one of China's major carriers and a SkyTeam member, flying a modern widebody fleet from five Australian cities to Europe via its hub at Guangzhou Baiyun …",https://files.ozbargain.com.au/n/93/967093x.jpg?h=acea27e9,2026-07-08T11:16:08Z,,"China Southern: China Southern is one of China's major carriers and a SkyTeam member, flying a modern widebody fleet from five Australian cities to Europe via its hub at Guangzhou Baiyun Internationa… [+3532 chars]",,en,'China'
https://www.dazeddigital.com/music/article/70568/1/10-great-albums-april-may-june-2026-spring-abadir-heavee-karim?utm_source=Link&utm_medium=Link&utm_campaign=RSSFeed&utm_term=10-great-new-albums-you-probably-haven-t-heard-yet,https://www.dazeddigital.com/music/article/70568/1/10-great-albums-april-may-june-2026-spring-abadir-heavee-karim?utm_source=Link&utm_medium=Link&utm_campaign=RSSFeed&utm_term=10-great-new-albums-you-probably-haven-t-heard-yet,0,www.dazeddigital.com,10 great new albums you probably haven’t heard yet,"Featuring Egyptian producer Abadir’s folk-club collisions, ghetto house meeting dream pop in Chicago’s Heavee, West African Gnawa revivalist Karim, and more",https://images-prod.dazeddigital.com/1200/0-156-1200-800/azure/dazed-prod/1440/9/1449449.jpg,2026-07-08T11:20:00Z,,"Recently on Dazed, weve talked to Brutalismus 3000 about bad vibes their toxic new album, affirmed Black joy at Fête de la Musique, and learned about Nepals biggest queer rave yet. Weve also heard fr… [+9466 chars]",,en,'Chicago'
https://biztoc.com/x/6ccc50aa5a237798,https://biztoc.com/x/6ccc50aa5a237798,0,biztoc.com,"China warns of ""security backdoor"" in Anthropic AI coding tool","Beijing — A Chinese industry regulator warned users on Wednesday of a ""security backdoor"" embedded in versions of U.S. artificial intelligence giant Anthropic's coding tool, Claude Code.
The alleged backdoor could enable the software to ""transmit sensitive in…",https://biztoc.com/cdn/6ccc50aa5a237798_s.webp,2026-07-08T11:23:33Z,,"Beijing A Chinese industry regulator warned users on Wednesday of a ""security backdoor"" embedded in versions of U.S. artificial intelligence giant Anthropic's coding tool, Claude Code.The alleged bac… [+142 chars]",,en,'China'
https://economictimes.indiatimes.com/news/defence/trump-blasts-nato-for-rejecting-his-efforts-to-claim-greenland-as-leaders-hold-a-summit-in-turkey/articleshow/132262285.cms,https://economictimes.indiatimes.com/news/defence/trump-blasts-nato-for-rejecting-his-efforts-to-claim-greenland-as-leaders-hold-a-summit-in-turkey/articleshow/132262285.cms,0,economictimes.indiatimes.com,Trump blasts NATO for rejecting his efforts to claim Greenland as leaders hold a summit in Turkey,"In a recent address, President Trump lambasted NATO allies for their approaches to Greenland and Iran, while also expressing frustration over the defense spending pledges from European nations. NATO Secretary-General Rutte confirmed that many member states ar…","https://img.etimg.com/thumb/msid-132262306,width-1200,height-630,imgsize-106648,overlay-etdefence/articleshow.jpg",2026-07-08T11:32:22Z,,"ANKARA: U.S. President Donald Trump took aim at his NATO partners at a summit in Turkey on Wednesday, saying he was unhappy with the alliance for pushing back against his efforts to take control of G… [+6504 chars]",,en,'Iran'
https://toronto.citynews.ca/2026/07/08/oil-prices-jump-more-than-6-after-trump-says-ceasefire-with-iran-is-over/,https://toronto.citynews.ca/2026/07/08/oil-prices-jump-more-than-6-after-trump-says-ceasefire-with-iran-is-over/,0,toronto.citynews.ca,Oil prices jump more than 6% after Trump says ceasefire with Iran is 'over',"Oil prices surged more than 6% after U.S. President Donald Trump said Wednesday that the interim agreement with Iran is “over,” though he will allow talks to continue. Trump made the comments following U.S. strikes on Iran in reaction to attacks on three ship…",https://toronto.citynews.ca/wp-content/blogs.dir/sites/10/2026/07/4259fc075c21f0a65ec07ef61d8a276215113065fba12a93d7b5ccf43948ae6e.jpg,2026-07-08T11:33:33Z,,"Oil prices surged more than 6% after U.S. President Donald Trump said Wednesday that the interim agreement with Iran is over, though he will allow talks to continue.
Trump made the comments followin… [+3927 chars]",,en,'Iran'
