week,sentiment_mean,sentiment_std,subjectivity_mean,subjectivity_std,counting
2025-41,0.28329260818389446,1.122810788641544,0.2975785058848227,1.0259831248509048,25.0
2025-42,-0.026407605616305643,0.8132770602728312,0.07699266069237996,0.9178319639866223,67.0
2025-43,0.04425665932118921,0.9866428642682408,0.0660807951424111,0.8545889267430797,118.0
2025-44,-0.022684782083935665,0.8832364809175411,0.09115759056980338,0.8975339032664367,161.0
2025-45,0.09901946571550589,0.8866600506886245,0.014987842695917998,0.8802655191066436,240.0
2025-46,-0.012935074519859998,0.8499370214133107,0.04280095682397491,0.9394913136175984,261.0
2025-47,-0.05130855871759464,0.8524941025879432,0.026880845204034397,0.8696488490555473,353.0
2025-48,0.09511712749192379,0.8645387244375602,0.06636652989566978,0.8091051118140394,85.0
