,phrase,label,sentiment,subjectivity,language,count
first,first,ORDINAL,,,en,224
Iranian,Iranian,NORP,,,en,213
Israeli,Israeli,NORP,,,en,207
Thursday,Thursday,DATE,,,en,128
two,two,CARDINAL,,,en,116
Consent Framework,Consent Framework,WORK_OF_ART,,,en,114
Tuesday,Tuesday,DATE,,,en,108
one,one,CARDINAL,,,en,107
Wednesday,Wednesday,DATE,,,en,100
2026,2026,DATE,,,en,99
Sunday,Sunday,DATE,,,en,98
Monday,Monday,DATE,,,en,94
Russian,Russian,NORP,,,en,93
American,American,NORP,,,en,74
Saturday,Saturday,DATE,,,en,67
three,three,CARDINAL,,,en,64
Friday,Friday,DATE,,,en,63
today,today,DATE,,,en,62
British,British,NORP,,,en,57
European,European,NORP,,,en,57
second,second,ORDINAL,,,en,55
this week,this week,DATE,,,en,55
World Cup,World Cup,EVENT,,,en,52
the Iran war,the Iran war,EVENT,,,en,47
251,251,CARDINAL,,,en,39
African,African,NORP,,,en,39
French,French,NORP,,,en,37
Ukrainian,Ukrainian,NORP,,,en,37
2025,2025,CARDINAL,,,en,35
Chinese,Chinese,NORP,,,en,33
Hungarian,Hungarian,NORP,,,en,32
Today,Today,DATE,,,en,32
Indian,Indian,NORP,,,en,31
2024,2024,DATE,,,en,30
four,four,CARDINAL,,,en,30
Lebanese,Lebanese,NORP,,,en,29
246,246,CARDINAL,,,en,29
German,German,NORP,,,en,25
seven,seven,CARDINAL,,,en,24
April,April,DATE,,,en,23
Two,Two,CARDINAL,,,en,23
Irans,Irans,NORP,,,en,23
247,247,CARDINAL,,,en,23
March,March,DATE,,,en,23
five,five,CARDINAL,,,en,22
2,2,CARDINAL,,,en,22
245,245,CARDINAL,,,en,22
last year,last year,DATE,,,en,21
night,night,TIME,,,en,21
4,4,MONEY,,,en,21
third,third,ORDINAL,,,en,21
North Korean,North Korean,NORP,,,en,21
1,1,CARDINAL,,,en,20
the World Cup,the World Cup,EVENT,,,en,20
Americans,Americans,NORP,,,en,20
One,One,CARDINAL,,,en,20
10,10,CARDINAL,,,en,19
dozens,dozens,CARDINAL,,,en,19
years,years,DATE,,,en,19
six,six,CARDINAL,,,en,18
morning,morning,TIME,,,en,18
Winter Olympics,Winter Olympics,EVENT,,,en,18
3,3,CARDINAL,,,en,18
annual,annual,DATE,,,en,17
5,5,CARDINAL,,,en,17
this year,this year,DATE,,,en,17
Venezuelan,Venezuelan,NORP,,,en,17
Australian,Australian,NORP,,,en,17
two-week,two-week,DATE,,,en,16
the Africa Cup of Nations,the Africa Cup of Nations,EVENT,,,en,16
Nigerian,Nigerian,NORP,,,en,16
Iranians,Iranians,NORP,,,en,16
weeks,weeks,DATE,,,en,16
the weekend,the weekend,DATE,,,en,15
Arab,Arab,NORP,,,en,15
Asian,Asian,NORP,,,en,15
yesterday,yesterday,DATE,,,en,14
15,15,CARDINAL,,,en,14
2027,2027,DATE,,,en,14
Libyan,Libyan,NORP,,,en,14
T20 World Cup,T20 World Cup,EVENT,,,en,13
Christians,Christians,NORP,,,en,13
Irish,Irish,NORP,,,en,13
First,First,ORDINAL,,,en,13
Italian,Italian,NORP,,,en,13
18,18,DATE,,,en,13
50,50,CARDINAL,,,en,12
the day,the day,DATE,,,en,12
April 30,April 30,DATE,,,en,12
fourth,fourth,ORDINAL,,,en,12
13,13,CARDINAL,,,en,12
countrys,countrys,NORP,,,en,12
nine,nine,CARDINAL,,,en,12
Japanese,Japanese,NORP,,,en,11
last week,last week,DATE,,,en,11
Ethiopian,Ethiopian,NORP,,,en,11
March 19,March 19,DATE,,,en,11
the 2026 FIFA World Cup,the 2026 FIFA World Cup,EVENT,,,en,11
Canadian,Canadian,NORP,,,en,11
year,year,DATE,,,en,10
days,days,DATE,,,en,10
Cypriot,Cypriot,NORP,,,en,10
September,September,DATE,,,en,10
thousands,thousands,CARDINAL,,,en,10
Palestinian,Palestinian,NORP,,,en,10
South Korean,South Korean,NORP,,,en,10
Board of Peace,Board of Peace,WORK_OF_ART,,,en,10
17,17,CARDINAL,,,en,10
afternoon,afternoon,TIME,,,en,10
Greek,Greek,NORP,,,en,10
evening,evening,TIME,,,en,10
March 18,March 18,DATE,,,en,10
decades,decades,DATE,,,en,10
months,months,DATE,,,en,10
Thousands,Thousands,CARDINAL,,,en,10
March 24,March 24,DATE,,,en,9
Niger,Niger,NORP,-0.06287878787878788,0.09772727272727272,en,9
Christian,Christian,NORP,,,en,9
two weeks,two weeks,DATE,,,en,9
Islamic,Islamic,NORP,,,en,9
Jewish,Jewish,NORP,,,en,9
overnight,overnight,TIME,,,en,9
2022,2022,DATE,,,en,9
The White Lotus,The White Lotus,WORK_OF_ART,,,en,9
tonight,tonight,TIME,,,en,9
Feb 12,Feb 12,DATE,,,en,9
hundreds,hundreds,CARDINAL,,,en,9
Three,Three,CARDINAL,,,en,9
this month,this month,DATE,,,en,9
Belarusian,Belarusian,NORP,,,en,9
millions,millions,CARDINAL,,,en,9
2023,2023,CARDINAL,,,en,9
fifth,fifth,ORDINAL,,,en,8
The Fine Print,The Fine Print,WORK_OF_ART,,,en,8
Catholic,Catholic,NORP,,,en,8
Seven,Seven,CARDINAL,,,en,8
6,6,CARDINAL,,,en,8
Republican,Republican,NORP,,,en,8
two-year,two-year,DATE,,,en,8
44,44,CARDINAL,,,en,8
Turkish,Turkish,NORP,,,en,8
Kurdish,Kurdish,NORP,,,en,8
Rwandan,Rwandan,NORP,,,en,8
over a year,over a year,DATE,,,en,8
summer,summer,DATE,,,en,8
June,June,DATE,,,en,8
2011,2011,DATE,,,en,8
Sudanese,Sudanese,NORP,,,en,8
Olympics,Olympics,EVENT,,,en,8
February,February,DATE,,,en,8
next week,next week,DATE,,,en,8
IAEA,IAEA,NORP,,,en,8
Brazilian,Brazilian,NORP,,,en,8
2017,2017,DATE,,,en,8
Africa Cup of Nations,Africa Cup of Nations,EVENT,,,en,8
a week,a week,DATE,,,en,8
the Winter Olympics,the Winter Olympics,EVENT,,,en,8
19,19,CARDINAL,,,en,8
16,16,CARDINAL,,,en,8
Read Full Article,Read Full Article,LAW,,,en,8
the T20 World Cup,the T20 World Cup,EVENT,,,en,8
tomorrow,tomorrow,DATE,,,en,7
later this month,later this month,DATE,,,en,7
last month,last month,DATE,,,en,7
175,175,CARDINAL,,,en,7
the 2026 World Cup,the 2026 World Cup,EVENT,,,en,7
Democrats,Democrats,NORP,,,en,7
Muslims,Muslims,NORP,,,en,7
Palestinians,Palestinians,NORP,,,en,7
12,12,CARDINAL,,,en,7
Feb 4,Feb 4,DATE,,,en,7
hours,hours,TIME,,,en,7
Four,Four,CARDINAL,,,en,7
100,100,CARDINAL,,,en,7
40,40,CARDINAL,,,en,7
Ukrainians,Ukrainians,NORP,,,en,7
Muslim,Muslim,NORP,,,en,7
World Cup 2026,World Cup 2026,EVENT,,,en,7
eight,eight,CARDINAL,,,en,7
February 2026,February 2026,DATE,,,en,7
January,January,DATE,,,en,7
Six,Six,CARDINAL,,,en,7
11,11,CARDINAL,,,en,7
23,23,DATE,,,en,7
20,20,CARDINAL,,,en,6
Spanish,Spanish,NORP,,,en,6
English,English,LANGUAGE,,,en,6
Israels,Israels,NORP,,,en,6
+12 chars,+12 chars,WORK_OF_ART,,,en,6
a World Cup,a World Cup,EVENT,,,en,6
four years,four years,DATE,,,en,6
Russians,Russians,NORP,,,en,6
"Monday, 23 March 2026","Monday, 23 March 2026",DATE,,,en,6
half,half,CARDINAL,,,en,6
80,80,CARDINAL,,,en,6
March 30,March 30,DATE,,,en,6
the Iran War,the Iran War,EVENT,,,en,6
just days,just days,DATE,,,en,6
2026-27,2026-27,DATE,,,en,6
7,7,CARDINAL,,,en,6
March 8,March 8,DATE,,,en,6
Gulf Arab,Gulf Arab,NORP,,,en,6
Indonesian,Indonesian,NORP,,,en,6
April 1,April 1,DATE,,,en,6
billions of dollars,billions of dollars,MONEY,,,en,6
Iraqi,Iraqi,NORP,,,en,6
48,48,CARDINAL,,,en,6
Dozens,Dozens,CARDINAL,,,en,6
Last week,Last week,DATE,,,en,6
Two weeks,Two weeks,DATE,,,en,6
Canadians,Canadians,NORP,,,en,6
Norwegian,Norwegian,NORP,,,en,6
Feb 10,Feb 10,DATE,,,en,6
20 years,20 years,DATE,,,en,6
Holocaust,Holocaust,EVENT,,,en,5
eight years,eight years,DATE,,,en,5
Mexican,Mexican,NORP,,,en,5
next month,next month,DATE,,,en,5
Gazans,Gazans,NORP,,,en,5
March 2026,March 2026,DATE,,,en,5
Saudi,Saudi,NORP,,,en,5
23 March 2026,23 March 2026,DATE,,,en,5
the coming days,the coming days,DATE,,,en,5
South Pars,South Pars,NORP,0.018518518518518517,0.07777777777777778,en,5
30,30,CARDINAL,,,en,5
More than 50,More than 50,CARDINAL,,,en,5
7%,7%,PERCENT,,,en,5
March 2,March 2,DATE,,,en,5
$7 billion,$7 billion,MONEY,,,en,5
89,89,CARDINAL,,,en,5
2026 World Cup,2026 World Cup,EVENT,,,en,5
the White House,the White House,FAC,,,en,5
Isfahan,Isfahan,NORP,,,en,5
Western,Western,NORP,,,en,5
485,485,MONEY,,,en,5
Czech,Czech,NORP,,,en,5
recent years,recent years,DATE,,,en,5
Operation Epic Fury,Operation Epic Fury,WORK_OF_ART,,,en,5
the 2026 Winter Olympics,the 2026 Winter Olympics,EVENT,,,en,5
"1,000","1,000",MONEY,,,en,5
Five,Five,CARDINAL,,,en,5
24 hours,24 hours,TIME,,,en,5
week,week,DATE,,,en,5
Season 4,Season 4,DATE,,,en,5
March 26,March 26,DATE,,,en,5
Pakistani,Pakistani,NORP,,,en,5
150,150,CARDINAL,,,en,5
25,25,CARDINAL,,,en,5
daily,daily,DATE,,,en,5
March 17,March 17,DATE,,,en,5
Feb 8,Feb 8,DATE,,,en,5
Israelis,Israelis,NORP,,,en,5
May,May,DATE,,,en,5
"April 07, 2026 (GLOBE NEWSWIRE)","April 07, 2026 (GLOBE NEWSWIRE)",DATE,,,en,5
PM,PM,TIME,,,en,5
Catholics,Catholics,NORP,,,en,5
Afghan,Afghan,NORP,,,en,5
tens of thousands,tens of thousands,CARDINAL,,,en,5
Feb 25,Feb 25,DATE,,,en,5
6th,6th,ORDINAL,,,en,5
April 15,April 15,DATE,,,en,5
65,65,CARDINAL,,,en,5
two-month,two-month,DATE,,,en,4
2028,2028,DATE,,,en,4
monthly,monthly,DATE,,,en,4
2014,2014,DATE,,,en,4
Kuwaiti,Kuwaiti,NORP,,,en,4
this weekend,this weekend,DATE,,,en,4
Tonight,Tonight,TIME,,,en,4
Qatari,Qatari,NORP,,,en,4
the year,the year,DATE,,,en,4
2005,2005,DATE,,,en,4
Jan 29,Jan 29,DATE,,,en,4
28 February,28 February,DATE,,,en,4
two months,two months,DATE,,,en,4
"Monday, March 2","Monday, March 2",DATE,,,en,4
late last year,late last year,DATE,,,en,4
Kano airport,Kano airport,FAC,,,en,4
a day,a day,DATE,,,en,4
26,26,CARDINAL,,,en,4
80%,80%,PERCENT,,,en,4
its fifth week,its fifth week,DATE,,,en,4
Hundreds,Hundreds,CARDINAL,,,en,4
Air Force One,Air Force One,PRODUCT,,,en,4
last season,last season,DATE,,,en,4
more than 80,more than 80,CARDINAL,,,en,4
April 6,April 6,DATE,,,en,4
Fars,Fars,NORP,,,en,4
Nepali,Nepali,NORP,,,en,4
49,49,CARDINAL,,,en,4
Moroccan,Moroccan,NORP,,,en,4
22,22,CARDINAL,,,en,4
Easter,Easter,WORK_OF_ART,0.041666666666666664,0.08333333333333333,en,4
"20,000","20,000",CARDINAL,,,en,4
Hutu,Hutu,NORP,,,en,4
Russias,Russias,NORP,0.425,0.8333333333333333,en,4
Nepalese,Nepalese,NORP,,,en,4
Feb 18,Feb 18,DATE,,,en,4
2016,2016,DATE,,,en,4
1989,1989,DATE,,,en,4
South American,South American,NORP,,,en,4
Feb 9,Feb 9,DATE,,,en,4
October,October,DATE,,,en,4
Byzantine,Byzantine,NORP,,,en,4
a decade,a decade,DATE,,,en,4
"March 23, 2026","March 23, 2026",DATE,,,en,4
"Monday,","Monday,",DATE,,,en,4
a full day,a full day,DATE,,,en,4
Turkmen,Turkmen,NORP,,,en,4
Danish,Danish,NORP,,,en,4
Europeans,Europeans,NORP,,,en,4
8,8,CARDINAL,,,en,4
April 13,April 13,DATE,,,en,4
Caribbean,Caribbean,NORP,0.0,0.028571428571428574,en,4
"October 28, 2025","October 28, 2025",DATE,,,en,4
July,July,DATE,,,en,4
Serbs,Serbs,NORP,,,en,4
Portuguese,Portuguese,NORP,,,en,4
North American,North American,NORP,,,en,4
2019,2019,DATE,,,en,4
at least two,at least two,CARDINAL,,,en,4
$367 million,$367 million,MONEY,,,en,4
32,32,CARDINAL,,,en,4
six-week,six-week,DATE,,,en,4
Feb 2,Feb 2,DATE,,,en,4
April 27,April 27,DATE,,,en,4
the coming months,the coming months,DATE,,,en,4
$1 billion,$1 billion,MONEY,,,en,4
2007,2007,DATE,,,en,4
$500 million,$500 million,MONEY,,,en,4
20 miles,20 miles,QUANTITY,,,en,4
14th,14th,ORDINAL,,,en,4
Tomahawk,Tomahawk,PRODUCT,,,en,4
every year,every year,DATE,,,en,4
225,225,CARDINAL,,,en,4
Feb 21,Feb 21,DATE,,,en,4
recent days,recent days,DATE,,,en,4
later this year,later this year,DATE,,,en,4
February 28,February 28,DATE,,,en,4
February 27,February 27,DATE,,,en,4
Winter Games,Winter Games,EVENT,,,en,4
November 2025,November 2025,DATE,,,en,4
eighth,eighth,ORDINAL,,,en,4
March 10,March 10,DATE,,,en,4
Islamist,Islamist,NORP,,,en,4
2%,2%,PERCENT,,,en,4
Feb 16,Feb 16,DATE,,,en,3
Baltic,Baltic,NORP,,,en,3
South African,South African,NORP,,,en,3
the decade,the decade,DATE,,,en,3
Tens of thousands,Tens of thousands,CARDINAL,,,en,3
9th,9th,ORDINAL,,,en,3
over a decade,over a decade,DATE,,,en,3
Tehrans,Tehrans,NORP,,,en,3
five-year,five-year,DATE,,,en,3
M²,M²,CARDINAL,,,en,3
2006,2006,DATE,,,en,3
78,78,DATE,,,en,3
Animeyed,Animeyed,WORK_OF_ART,,,en,3
April 5,April 5,DATE,,,en,3
3rd,3rd,ORDINAL,,,en,3
418,418,MONEY,,,en,3
375,375,MONEY,,,en,3
Belgian,Belgian,NORP,,,en,3
Earth Hour,Earth Hour,TIME,,,en,3
20th,20th,ORDINAL,,,en,3
28,28,CARDINAL,,,en,3
This year,This year,DATE,,,en,3
Egyptian,Egyptian,NORP,,,en,3
1992,1992,DATE,,,en,3
February 14,February 14,DATE,,,en,3
$10 billion,$10 billion,MONEY,,,en,3
Democrat,Democrat,NORP,,,en,3
More than a million,More than a million,CARDINAL,,,en,3
2015,2015,DATE,,,en,3
361,361,MONEY,,,en,3
the days,the days,DATE,,,en,3
14,14,CARDINAL,,,en,3
6th week,6th week,DATE,,,en,3
world cup,world cup,EVENT,,,en,3
$350 million,$350 million,MONEY,,,en,3
more than a year,more than a year,DATE,,,en,3
autumn,autumn,DATE,,,en,3
the week,the week,DATE,,,en,3
Polish,Polish,NORP,,,en,3
Scandinavian,Scandinavian,NORP,,,en,3
the early hours,the early hours,TIME,,,en,3
the Islamic Revolution,the Islamic Revolution,EVENT,,,en,3
The World Cup,The World Cup,EVENT,,,en,3
50s,50s,DATE,,,en,3
seventh,seventh,ORDINAL,,,en,3
Malaysian,Malaysian,NORP,,,en,3
Nigerians,Nigerians,NORP,,,en,3
Marine,Marine,NORP,,,en,3
weekly,weekly,DATE,,,en,3
10%,10%,PERCENT,,,en,3
pro-Iranian,pro-Iranian,NORP,,,en,3
three months,three months,DATE,,,en,3
Feb. 28,Feb. 28,DATE,,,en,3
Second,Second,ORDINAL,,,en,3
Feb. 12,Feb. 12,DATE,,,en,3
three years,three years,DATE,,,en,3
April 9,April 9,DATE,,,en,3
15 years,15 years,DATE,,,en,3
This week,This week,DATE,,,en,3
Feb 17,Feb 17,DATE,,,en,3
six weeks,six weeks,DATE,,,en,3
four years ago,four years ago,DATE,,,en,3
early Tuesday,early Tuesday,DATE,,,en,3
Winter Olympic,Winter Olympic,EVENT,,,en,3
More than 80,More than 80,CARDINAL,,,en,3
M23,M23,PRODUCT,,,en,3
$27.7 million,$27.7 million,MONEY,,,en,3
about $27.7 million,about $27.7 million,MONEY,,,en,3
Slovak,Slovak,NORP,,,en,3
late February,late February,DATE,,,en,3
last-minute,last-minute,TIME,,,en,3
FIFA World Cup 2026,FIFA World Cup 2026,EVENT,,,en,3
36,36,DATE,,,en,3
IndiGo,IndiGo,CARDINAL,,,en,3
Swiss,Swiss,NORP,,,en,3
the years,the years,DATE,,,en,3
Millions,Millions,CARDINAL,,,en,3
Jews,Jews,NORP,,,en,3
Bangladeshi,Bangladeshi,NORP,,,en,3
At least seven,At least seven,CARDINAL,,,en,3
69,69,CARDINAL,,,en,3
Indian Ocean Conference,Indian Ocean Conference,EVENT,,,en,3
three-week,three-week,DATE,,,en,3
50-50,50-50,CARDINAL,,,en,3
China Film Festival,China Film Festival,EVENT,,,en,3
the second year in a row,the second year in a row,DATE,,,en,3
2003,2003,DATE,,,en,3
World War II,World War II,EVENT,,,en,3
Pakistans,Pakistans,NORP,,,en,3
sixth,sixth,ORDINAL,,,en,3
Feb 6,Feb 6,DATE,,,en,3
Mar 25,Mar 25,DATE,,,en,3
31,31,DATE,,,en,3
Democratic,Democratic,NORP,,,en,3
Malaysians,Malaysians,NORP,,,en,3
Eighteen,Eighteen,CARDINAL,,,en,3
323,323,CARDINAL,,,en,3
90,90,MONEY,,,en,3
billions,billions,CARDINAL,,,en,3
"2,000","2,000",CARDINAL,,,en,3
March 6,March 6,DATE,,,en,3
"March 18, 2026 (GLOBE NEWSWIRE)","March 18, 2026 (GLOBE NEWSWIRE)",DATE,,,en,3
the 2025 Africa Cup of Nations,the 2025 Africa Cup of Nations,EVENT,,,en,3
Biden,Biden,NORP,,,en,3
6.44bn,6.44bn,MONEY,,,en,3
March 5,March 5,DATE,,,en,3
November,November,DATE,,,en,3
Sudans,Sudans,NORP,,,en,3
a month,a month,DATE,,,en,3
Feb 3,Feb 3,DATE,,,en,3
Cuban,Cuban,NORP,,,en,3
42,42,CARDINAL,,,en,3
1952,1952,DATE,,,en,3
The Iran war,The Iran war,EVENT,,,en,3
Hebrew,Hebrew,LANGUAGE,,,en,3
at least four,at least four,CARDINAL,,,en,3
at least 16,at least 16,CARDINAL,,,en,3
only 100 days,only 100 days,DATE,,,en,3
200 years,200 years,DATE,,,en,3
April 12,April 12,DATE,,,en,3
Ghanaian,Ghanaian,NORP,,,en,3
Hours,Hours,TIME,,,en,3
1.1%,1.1%,PERCENT,,,en,3
"1,100","1,100",CARDINAL,,,en,3
March 23,March 23,DATE,,,en,3
Saharan,Saharan,NORP,,,en,3
415,415,MONEY,,,en,3
250th,250th,ORDINAL,,,en,3
60,60,DATE,,,en,3
535,535,MONEY,,,en,3
the 1980s,the 1980s,DATE,,,en,3
Mali,Mali,NORP,0.02,0.05,en,3
|,|,CARDINAL,,,en,3
early 2024,early 2024,DATE,,,en,3
Eurovision Song Contest,Eurovision Song Contest,EVENT,0.0,0.0,en,3
95,95,CARDINAL,,,en,3
recent months,recent months,DATE,,,en,3
quarter-finals,quarter-finals,DATE,,,en,3
winter,winter,DATE,,,en,3
the past two days,the past two days,DATE,,,en,3
thousands of miles,thousands of miles,QUANTITY,,,en,3
MacBook Pro,MacBook Pro,PRODUCT,,,en,3
five days,five days,DATE,,,en,3
"March 5, 2026","March 5, 2026",DATE,,,en,3
Gen Z,Gen Z,PRODUCT,,,en,3
Eid,Eid,NORP,,,en,3
1999,1999,DATE,,,en,3
Wednesday morning,Wednesday morning,TIME,,,en,3
108,108,MONEY,,,en,3
a half century ago,a half century ago,DATE,,,en,2
71,71,CARDINAL,,,en,2
Feb. 23,Feb. 23,DATE,,,en,2
its third week,its third week,DATE,,,en,2
340,340,PRODUCT,,,en,2
Twenty square meters,Twenty square meters,QUANTITY,,,en,2
Four seasons,Four seasons,DATE,,,en,2
"October 7, 2023","October 7, 2023",DATE,,,en,2
This Friday (20th,This Friday (20th,DATE,,,en,2
Easter Sunday,Easter Sunday,EVENT,,,en,2
SAVE Act,SAVE Act,LAW,,,en,2
$200 billion,$200 billion,MONEY,,,en,2
Feb 19,Feb 19,DATE,,,en,2
the holiest days,the holiest days,DATE,,,en,2
7bn,7bn,MONEY,,,en,2
5.2bn,5.2bn,MONEY,,,en,2
Feb 23,Feb 23,DATE,,,en,2
more than 100,more than 100,CARDINAL,,,en,2
+3618,+3618,NORP,,,en,2
ONE,ONE,CARDINAL,,,en,2
"February 23, 2026","February 23, 2026",DATE,,,en,2
that day,that day,DATE,,,en,2
Azerbaijani,Azerbaijani,NORP,,,en,2
100th,100th,ORDINAL,,,en,2
15th,15th,ORDINAL,,,en,2
earlier this month,earlier this month,DATE,,,en,2
"March 22, 2026","March 22, 2026",DATE,,,en,2
more than four years,more than four years,DATE,,,en,2
Africans,Africans,NORP,,,en,2
"Sunday, March 15, 2026","Sunday, March 15, 2026",DATE,,,en,2
Fotis,Fotis,NORP,,,en,2
April 1988,April 1988,DATE,,,en,2
Britains,Britains,NORP,,,en,2
April 7,April 7,DATE,,,en,2
Unicorn Frappuccino,Unicorn Frappuccino,PRODUCT,,,en,2
around $60,around $60,MONEY,,,en,2
"Winter Olympics Video
","Winter Olympics Video
",EVENT,,,en,2
a few hours,a few hours,TIME,,,en,2
592,592,MONEY,,,en,2
Last month,Last month,DATE,,,en,2
Around a dozen,Around a dozen,CARDINAL,,,en,2
$20 million,$20 million,MONEY,,,en,2
Song of the Samurai,Song of the Samurai,WORK_OF_ART,,,en,2
May 9,May 9,DATE,,,en,2
Indians,Indians,NORP,,,en,2
the first month,the first month,DATE,,,en,2
its fourth week,its fourth week,DATE,,,en,2
Apr 5,Apr 5,DATE,,,en,2
more than 85,more than 85,CARDINAL,,,en,2
St Peter's Basilica,St Peter's Basilica,FAC,,,en,2
3.3%,3.3%,PERCENT,,,en,2
Caesar Act,Caesar Act,LAW,,,en,2
March 14,March 14,DATE,,,en,2
Less than a month,Less than a month,DATE,,,en,2
a third week,a third week,DATE,,,en,2
this morning,this morning,TIME,,,en,2
Overnight,Overnight,TIME,,,en,2
March 21,March 21,DATE,,,en,2
Ghanaians,Ghanaians,NORP,,,en,2
its sixth week,its sixth week,DATE,,,en,2
Romanian,Romanian,NORP,,,en,2
five-day,five-day,DATE,,,en,2
1%,1%,PERCENT,,,en,2
Apr 4,Apr 4,DATE,,,en,2
Feb. 22,Feb. 22,DATE,,,en,2
Easter weekend,Easter weekend,DATE,,,en,2
At least 18,At least 18,CARDINAL,,,en,2
2026-2031,2026-2031,DATE,,,en,2
Hellenistic,Hellenistic,NORP,,,en,2
Ten Years,Ten Years,DATE,,,en,2
two-day,two-day,DATE,,,en,2
the Women's Africa Cup of Nations,the Women's Africa Cup of Nations,EVENT,,,en,2
its third year,its third year,DATE,,,en,2
79,79,DATE,,,en,2
the past few days,the past few days,DATE,,,en,2
Asia-Pacific,Asia-Pacific,NORP,0.03125,0.5,en,2
more than $200 billion,more than $200 billion,MONEY,,,en,2
The Young Turks,The Young Turks,WORK_OF_ART,,,en,2
the final years of the twentieth century,the final years of the twentieth century,DATE,,,en,2
their Africa Cup of Nations,their Africa Cup of Nations,EVENT,,,en,2
Chaos,Chaos,WORK_OF_ART,,,en,2
The Riders,The Riders,WORK_OF_ART,,,en,2
one night,one night,TIME,,,en,2
5.8 percent,5.8 percent,PERCENT,,,en,2
2 months,2 months,DATE,,,en,2
"more than 3,000 megawatts","more than 3,000 megawatts",QUANTITY,,,en,2
Arrow,Arrow,PRODUCT,,,en,2
14 percent,14 percent,PERCENT,,,en,2
"April 7, 1994","April 7, 1994",DATE,,,en,2
April 2026,April 2026,DATE,,,en,2
Pearl Harbor,Pearl Harbor,FAC,,,en,2
up to a year,up to a year,DATE,,,en,2
two months later,two months later,DATE,,,en,2
more than 60,more than 60,CARDINAL,,,en,2
"8,000","8,000",CARDINAL,,,en,2
National Road 301,National Road 301,FAC,,,en,2
0430 GMT,0430 GMT,QUANTITY,,,en,2
6:30 a.m.,6:30 a.m.,TIME,,,en,2
"April 7, 1902","April 7, 1902",DATE,,,en,2
the past four years,the past four years,DATE,,,en,2
Africa Cup,Africa Cup,EVENT,,,en,2
last night's,last night's,TIME,,,en,2
Olympic,Olympic,EVENT,,,en,2
May 16,May 16,DATE,,,en,2
The Lies That Sell the Iran War,The Lies That Sell the Iran War,WORK_OF_ART,,,en,2
1941/1944,1941/1944,DATE,,,en,2
as much as 3,as much as 3,CARDINAL,,,en,2
Stra,Stra,WORK_OF_ART,,,en,2
7 February 2026,7 February 2026,DATE,,,en,2
16 2nd,16 2nd,DATE,,,en,2
"Wednesday, March 18","Wednesday, March 18",DATE,,,en,2
the Blue Water Bridge,the Blue Water Bridge,FAC,,,en,2
This 2023,This 2023,DATE,,,en,2
as much as $5,as much as $5,MONEY,,,en,2
Line of Death,Line of Death,WORK_OF_ART,,,en,2
"April 07, 2026","April 07, 2026",DATE,,,en,2
17 days,17 days,DATE,,,en,2
Super Eight,Super Eight,EVENT,,,en,2
Liberate Their Bodies From Their Souls,Liberate Their Bodies From Their Souls,WORK_OF_ART,,,en,2
the T20 World Cup's,the T20 World Cup's,EVENT,,,en,2
Belmont Harbor,Belmont Harbor,FAC,,,en,2
the USS Gerald R. Ford,the USS Gerald R. Ford,PRODUCT,,,en,2
every morning,every morning,TIME,,,en,2
39,39,DATE,,,en,2
6 April,6 April,DATE,,,en,2
the past month,the past month,DATE,,,en,2
1971,1971,DATE,,,en,2
Storm Dave,Storm Dave,PRODUCT,,,en,2
mid-2023,mid-2023,DATE,,,en,2
+27 chars,+27 chars,WORK_OF_ART,,,en,2
"1,330","1,330",MONEY,,,en,2
Apr 7,Apr 7,DATE,,,en,2
March 1,March 1,DATE,,,en,2
the World Baseball Classic,the World Baseball Classic,WORK_OF_ART,,,en,2
Chiruran: Shinsengumi Requiem,Chiruran: Shinsengumi Requiem,WORK_OF_ART,,,en,2
100%,100%,PERCENT,,,en,2
April 1323,April 1323,DATE,,,en,2
Days,Days,DATE,,,en,2
220,220,CARDINAL,,,en,2
Sunday night,Sunday night,TIME,,,en,2
Morning,Morning,TIME,,,en,2
"October 16, 2025","October 16, 2025",DATE,,,en,2
nearly 400,nearly 400,CARDINAL,,,en,2
62,62,CARDINAL,,,en,2
At least 24,At least 24,CARDINAL,,,en,2
$46 million,$46 million,MONEY,,,en,2
more than $46 million,more than $46 million,MONEY,,,en,2
168,168,CARDINAL,,,en,2
E1,E1,CARDINAL,,,en,2
World War III,World War III,EVENT,,,en,2
The Iran War Just Reopened,The Iran War Just Reopened,EVENT,,,en,2
Caspian,Caspian,NORP,,,en,2
"10,000,000","10,000,000",CARDINAL,,,en,2
Eastern European,Eastern European,NORP,,,en,2
10.00,10.00,MONEY,,,en,2
300,300,CARDINAL,,,en,2
$350 SIM,$350 SIM,MONEY,,,en,2
1951,1951,DATE,,,en,2
September last year,September last year,DATE,,,en,2
14th century,14th century,DATE,,,en,2
40 days,40 days,DATE,,,en,2
"Sunday, March 1, 2026","Sunday, March 1, 2026",DATE,,,en,2
Sister Sister,Sister Sister,WORK_OF_ART,,,en,2
Chosen Family,Chosen Family,WORK_OF_ART,,,en,2
They Will Kill You,They Will Kill You,WORK_OF_ART,,,en,2
1.2 million,1.2 million,CARDINAL,,,en,2
+4386,+4386,NORP,,,en,2
iOS 26.4,iOS 26.4,PRODUCT,,,en,2
Islamist Iranian,Islamist Iranian,NORP,,,en,2
Winter Paralympic Games,Winter Paralympic Games,EVENT,,,en,2
at least 15,at least 15,CARDINAL,,,en,2
At least 15,At least 15,CARDINAL,,,en,2
MC14,MC14,NORP,,,en,2
Central African,Central African,NORP,,,en,2
+4323 chars,+4323 chars,WORK_OF_ART,,,en,2
the 1960s,the 1960s,DATE,,,en,2
Czechs,Czechs,NORP,,,en,2
Cristóbal Colón,Cristóbal Colón,PRODUCT,,,en,2
64 years,64 years,DATE,,,en,2
the U.S. Embassy,the U.S. Embassy,FAC,,,en,2
"Tuesday, March 24","Tuesday, March 24",DATE,,,en,2
March 3,March 3,DATE,,,en,2
month,month,DATE,,,en,2
World Cup Playoff,World Cup Playoff,EVENT,,,en,2
one third,one third,CARDINAL,,,en,2
the second half,the second half,DATE,,,en,2
1.9%,1.9%,PERCENT,,,en,2
as little as 200,as little as 200,CARDINAL,,,en,2
FIFA World Cup,FIFA World Cup,EVENT,,,en,2
100 days,100 days,DATE,,,en,2
March 4,March 4,DATE,,,en,2
one-month anniversary,one-month anniversary,DATE,,,en,2
Quarter,Quarter,CARDINAL,,,en,2
Faso Cup 2026,Faso Cup 2026,EVENT,,,en,2
Facebook,Facebook,PRODUCT,,,en,2
month-long,month-long,DATE,,,en,2
less than $17,less than $17,MONEY,,,en,2
50th-anniversary,50th-anniversary,DATE,,,en,2
24,24,CARDINAL,,,en,2
Himalayan,Himalayan,NORP,,,en,2
2026 Spring,2026 Spring,DATE,,,en,2
MacBook Air,MacBook Air,PRODUCT,,,en,2
MacBook Neo,MacBook Neo,PRODUCT,,,en,2
the past two years,the past two years,DATE,,,en,2
War,War,EVENT,,,en,2
Lajes Air Base,Lajes Air Base,FAC,,,en,2
R,R,NORP,,,en,2
Republicans,Republicans,NORP,,,en,2
the War of the Spanish Succession,the War of the Spanish Succession,EVENT,,,en,2
Saudi Arabian,Saudi Arabian,NORP,,,en,2
the Great Depression,the Great Depression,EVENT,,,en,2
"March 03, 2026 (GLOBE NEWSWIRE)","March 03, 2026 (GLOBE NEWSWIRE)",DATE,,,en,2
USS Gerald R. Ford,USS Gerald R. Ford,PRODUCT,,,en,2
1701-1714,1701-1714,DATE,,,en,2
70th,70th,ORDINAL,,,en,2
"1,700","1,700",CARDINAL,,,en,2
"March 04, 2026","March 04, 2026",DATE,,,en,2
season-ending,season-ending,DATE,,,en,2
"11,200,000","11,200,000",CARDINAL,,,en,2
$800 million,$800 million,MONEY,,,en,2
Mar 24,Mar 24,DATE,,,en,2
more than a dozen,more than a dozen,CARDINAL,,,en,2
December,December,DATE,,,en,2
the next two months,the next two months,DATE,,,en,2
Mar 12,Mar 12,DATE,,,en,2
Sydney Airport,Sydney Airport,FAC,,,en,2
Feb. 26,Feb. 26,DATE,,,en,2
200,200,CARDINAL,,,en,2
88th-minute,88th-minute,TIME,,,en,2
At least six,At least six,CARDINAL,,,en,2
The Iran War,The Iran War,EVENT,,,en,2
the Regional Agreement on Legislative and Policy Priorities on Domestic Violence,the Regional Agreement on Legislative and Policy Priorities on Domestic Violence,LAW,,,en,2
66,66,CARDINAL,,,en,2
late March,late March,DATE,,,en,2
Every year,Every year,DATE,,,en,2
Southern,Southern,NORP,,,en,2
"March 10, 2026","March 10, 2026",DATE,,,en,2
the fourth quarter of 2025,the fourth quarter of 2025,DATE,,,en,2
18 years,18 years,DATE,,,en,2
at least 70,at least 70,CARDINAL,,,,2
Explorer,Explorer,PRODUCT,,,en,2
Infantino,Infantino,NORP,,,,2
$200 million,$200 million,MONEY,,,en,2
only 57,only 57,CARDINAL,,,en,2
between 1951 and 1954,between 1951 and 1954,DATE,,,en,2
30 days,30 days,DATE,,,en,2
850,850,CARDINAL,,,en,2
these days,these days,DATE,,,en,2
455,455,CARDINAL,,,en,2
dozen,dozen,CARDINAL,,,en,2
"Saturday, June 6, 2026","Saturday, June 6, 2026",DATE,,,en,2
2:00 PM GMT,2:00 PM GMT,TIME,,,en,2
36th,36th,ORDINAL,,,en,2
Englishman,Englishman,NORP,,,en,2
around 32%,around 32%,PERCENT,,,en,2
at least 8,at least 8,CARDINAL,,,en,2
#,#,CARDINAL,,,en,2
two million,two million,CARDINAL,,,en,2
a million dollars,a million dollars,MONEY,,,en,2
Q4 2025,Q4 2025,DATE,,,en,2
Feb 27,Feb 27,DATE,,,en,2
Social Democrats,Social Democrats,NORP,,,en,2
the night of March 22,the night of March 22,TIME,,,en,2
89 days,89 days,DATE,,,en,2
50th,50th,ORDINAL,,,en,2
"3,000","3,000",CARDINAL,,,en,2
at least 10,at least 10,CARDINAL,,,en,2
"around 3,000","around 3,000",CARDINAL,,,en,2
Marines,Marines,NORP,,,en,2
Feb 28,Feb 28,DATE,,,en,2
March 2023,March 2023,DATE,,,en,2
the past 18 months,the past 18 months,DATE,,,en,2
nearly four decades,nearly four decades,DATE,,,en,2
"late Saturday, March 7, 2026","late Saturday, March 7, 2026",DATE,,,en,2
"Approximately 3,000","Approximately 3,000",CARDINAL,,,en,2
Big East Tournament,Big East Tournament,EVENT,,,en,2
28 FEB,28 FEB,DATE,,,en,2
U.S. Embassy,U.S. Embassy,FAC,,,en,2
2nd,2nd,ORDINAL,,,en,2
Vatican,Vatican,FAC,-0.13333333333333333,0.5666666666666667,en,2
seven-day,seven-day,DATE,,,en,2
nearly 100,nearly 100,CARDINAL,,,en,2
more than 5%,more than 5%,PERCENT,,,en,2
up to 13,up to 13,CARDINAL,,,en,2
20260323,20260323,CARDINAL,,,en,2
19FortyFive,19FortyFive,CARDINAL,,,en,2
one litre,one litre,QUANTITY,,,en,2
60s,60s,DATE,,,en,2
MDA,MDA,PRODUCT,,,en,2
the early days,the early days,DATE,,,en,2
"Mar 9, 2026","Mar 9, 2026",DATE,,,en,2
the Berlin Film Festival,the Berlin Film Festival,EVENT,,,en,2
nearly $120,nearly $120,MONEY,,,en,2
minutes after midnight,minutes after midnight,TIME,,,en,2
27 January 2026,27 January 2026,DATE,,,en,2
at least December,at least December,DATE,,,en,2
Femicide,Femicide,PRODUCT,,,en,2
early Saturday,early Saturday,DATE,,,en,2
Last year,Last year,DATE,,,en,2
several more weeks,several more weeks,DATE,,,en,2
Congolese,Congolese,NORP,,,en,2
25%,25%,PERCENT,,,en,2
"23,000","23,000",CARDINAL,,,en,2
fifteen,fifteen,CARDINAL,,,en,2
European Championship,European Championship,EVENT,,,en,2
between September 2026,between September 2026,DATE,,,en,2
the Lincoln Memorial,the Lincoln Memorial,FAC,,,en,2
Trump,Trump,PRODUCT,,,en,2
this summer,this summer,DATE,,,en,2
each April,each April,DATE,,,en,2
the past four weeks,the past four weeks,DATE,,,en,2
more than $1,more than $1,MONEY,,,en,2
three days,three days,DATE,,,en,2
Isabel,Isabel,WORK_OF_ART,,,en,2
39th,39th,ORDINAL,,,en,2
21 hours,21 hours,TIME,,,en,2
Angel –,Angel –,WORK_OF_ART,,,en,2
"294,128","294,128",CARDINAL,,,en,2
over 400,over 400,CARDINAL,,,en,2
5million,5million,CARDINAL,,,en,2
nineteenth-century,nineteenth-century,DATE,,,en,2
hungarian,hungarian,NORP,,,en,2
Thousand-Year,Thousand-Year,DATE,,,en,2
Apr 15,Apr 15,DATE,,,en,2
"day 1,449","day 1,449",DATE,,,en,2
April 14,April 14,DATE,,,en,2
more than 50,more than 50,CARDINAL,,,en,2
"April 1, 2026 /PRNewswire/","April 1, 2026 /PRNewswire/",DATE,,,en,2
Kazakh,Kazakh,NORP,,,en,2
June 30,June 30,DATE,,,en,2
2018,2018,DATE,,,en,2
27,27,CARDINAL,,,en,2
2029,2029,DATE,,,en,2
53,53,CARDINAL,,,en,2
"10,000","10,000",MONEY,,,en,2
the Aviva Stadium,the Aviva Stadium,FAC,,,en,2
the 21st century,the 21st century,DATE,,,en,2
the final season,the final season,DATE,,,en,2
"24,000","24,000",CARDINAL,,,en,2
"Around 20,000","Around 20,000",CARDINAL,,,en,2
8 years,8 years,DATE,,,en,2
billion-dollar,billion-dollar,MONEY,,,en,2
9th April,9th April,DATE,,,en,2
7th April,7th April,DATE,,,en,2
Feb. 14,Feb. 14,DATE,,,en,2
the 45th day of 2026,the 45th day of 2026,DATE,,,en,2
ungherese,ungherese,NORP,,,en,2
320 days,320 days,DATE,,,en,2
Valentines Day,Valentines Day,DATE,,,en,2
"Feb. 14, 1929","Feb. 14, 1929",DATE,,,en,2
April 10,April 10,DATE,,,en,2
about 2 per cent,about 2 per cent,MONEY,,,en,2
Mezzeh,Mezzeh,NORP,,,en,2
Feb 1,Feb 1,DATE,,,en,2
At least 32,At least 32,CARDINAL,,,en,2
the 2026 Berlin Film Festival,the 2026 Berlin Film Festival,EVENT,,,en,2
Operation Absolute Resolve,Operation Absolute Resolve,PRODUCT,,,en,2
200m,200m,QUANTITY,,,en,2
Monterey Bay Aquarium,Monterey Bay Aquarium,FAC,,,en,2
about eight weeks,about eight weeks,DATE,,,en,2
up to 6.5 million barrels,up to 6.5 million barrels,QUANTITY,,,en,2
the Iran war curbs global supplies,the Iran war curbs global supplies,EVENT,,,en,2
the coming weeks,the coming weeks,DATE,,,en,2
one week,one week,DATE,,,en,2
February 13,February 13,DATE,,,en,2
the third day,the third day,DATE,,,en,2
April 11,April 11,DATE,,,en,2
6 metric tons,6 metric tons,QUANTITY,,,en,2
7 February to 8 March,7 February to 8 March,DATE,,,en,2
seven-year,seven-year,DATE,,,en,2
the USS Abraham Lincoln,the USS Abraham Lincoln,PRODUCT,,,en,2
300%,300%,PERCENT,,,en,2
"an estimated 100,000","an estimated 100,000",CARDINAL,,,en,2
decades-old,decades-old,DATE,,,en,2
0.1%,0.1%,PERCENT,,,en,2
winters,winters,DATE,,,en,2
12.2kg,12.2kg,QUANTITY,,,en,2
the Communications Decency Act,the Communications Decency Act,LAW,,,en,2
seven years,seven years,DATE,,,en,2
8 febbraio,8 febbraio,DATE,,,en,2
nearly two years,nearly two years,DATE,,,en,2
over 100,over 100,CARDINAL,,,en,2
45 minutes,45 minutes,TIME,,,en,2
"1,000 kilometers","1,000 kilometers",QUANTITY,,,en,2
the Milan-Cortina Opening Ceremony,the Milan-Cortina Opening Ceremony,FAC,,,en,2
51,51,CARDINAL,,,en,2
the CAF Champions League,the CAF Champions League,EVENT,,,en,2
33 percent,33 percent,PERCENT,,,en,2
January 28,January 28,DATE,,,en,2
Monday to 20 years,Monday to 20 years,DATE,,,en,2
a chaotic week,a chaotic week,DATE,,,en,2
Chagossian,Chagossian,NORP,,,en,2
Emmy,Emmy,WORK_OF_ART,,,en,2
3x,3x,CARDINAL,,,en,2
Morbi,Morbi,NORP,,,en,2
+2665,+2665,NORP,,,en,2
Renewable,Renewable,WORK_OF_ART,,,en,2
+3707,+3707,NORP,,,en,2
the Great Events,the Great Events,EVENT,,,en,2
the first six months,the first six months,DATE,,,en,2
"Nearly 700,000","Nearly 700,000",CARDINAL,,,en,2
Feb. 6,Feb. 6,DATE,,,en,2
"700,000","700,000",MONEY,,,en,2
116,116,CARDINAL,,,en,2
111,111,CARDINAL,,,en,2
three-day,three-day,DATE,,,en,2
"some 3,014 meters","some 3,014 meters",QUANTITY,,,en,2
Cricket World Cup,Cricket World Cup,EVENT,,,en,2
"about 9,888 feet","about 9,888 feet",QUANTITY,,,en,2
just over a month,just over a month,DATE,,,en,2
"approximately 20,000","approximately 20,000",CARDINAL,,,en,2
"February 5, 2026","February 5, 2026",DATE,,,en,2
Atlas Arena,Atlas Arena,FAC,,,en,2
Colonial American History,Colonial American History,EVENT,,,en,2
ten,ten,CARDINAL,,,en,2
5.2M barrels,5.2M barrels,QUANTITY,,,en,2
Section 230,Section 230,LAW,,,en,2
13 years ago,13 years ago,DATE,,,en,2
Reconstructing the Future,Reconstructing the Future,WORK_OF_ART,,,en,2
February 04,February 04,DATE,,,en,2
between 14 and 15 May 2026,between 14 and 15 May 2026,DATE,,,en,2
Saturdays FIFA U-20,Saturdays FIFA U-20,EVENT,,,en,2
annual 'March,annual 'March,DATE,,,en,2
Women’s World Cup,Women’s World Cup,EVENT,,,en,2
39%,39%,PERCENT,,,en,2
Hard Truths,Hard Truths,WORK_OF_ART,,,en,2
its second full day,its second full day,DATE,,,en,2
"April 15, 2026","April 15, 2026",DATE,,,en,2
half a year,half a year,DATE,,,en,2
Feb 11,Feb 11,DATE,,,en,2
weeknights,weeknights,TIME,,,en,2
more than five years,more than five years,DATE,,,en,2
approximately one million,approximately one million,CARDINAL,,,en,2
The Winter Olympics,The Winter Olympics,EVENT,,,en,2
December 31,December 31,DATE,,,en,2
20s,20s,CARDINAL,,,en,2
2030,2030,DATE,,,en,2
5th,5th,ORDINAL,,,en,2
35,35,CARDINAL,,,en,2
+8392,+8392,NORP,,,en,2
Sundance Film Festival,Sundance Film Festival,EVENT,,,en,2
11 April 2026,11 April 2026,DATE,,,en,2
iPhone 17,iPhone 17,PRODUCT,,,en,2
Feb 5,Feb 5,DATE,,,en,2
$7.2 million,$7.2 million,MONEY,,,en,2
"Feb 9, 2026","Feb 9, 2026",DATE,,,en,2
1976,1976,DATE,,,en,2
roughly half a billion dollars,roughly half a billion dollars,MONEY,,,en,2
podcast:1,podcast:1,PRODUCT,,,en,2
just 15 minutes,just 15 minutes,TIME,,,en,2
the first quarter of 2026,the first quarter of 2026,DATE,,,en,2
5 February 2026,5 February 2026,DATE,,,en,2
January 3,January 3,DATE,,,en,2
this spring,this spring,DATE,,,en,2
Last Week,Last Week,DATE,,,en,2
+2872 chars,+2872 chars,WORK_OF_ART,,,en,2
Georgian,Georgian,NORP,,,en,2
March 28,March 28,DATE,,,en,2
Mar 28,Mar 28,DATE,,,en,2
more than 800,more than 800,CARDINAL,,,en,2
millions of dollars,millions of dollars,MONEY,,,en,2
a single cent,a single cent,MONEY,,,en,2
Jan. 29,Jan. 29,DATE,,,en,2
World Health Day 2026,World Health Day 2026,EVENT,,,en,2
only seconds,only seconds,TIME,,,en,2
Yesterday,Yesterday,DATE,,,en,2
April 26,April 26,DATE,,,en,2
Chabahar,Chabahar,NORP,,,en,2
Testnet,Testnet,PRODUCT,,,en,2
Eight,Eight,CARDINAL,,,en,2
4th,4th,ORDINAL,,,en,2
more than two dozen,more than two dozen,CARDINAL,,,en,2
Senegalese,Senegalese,NORP,,,en,2
Haitian,Haitian,NORP,,,en,2
fourth season,fourth season,DATE,,,en,2
Goldbergs,Goldbergs,PRODUCT,,,en,2
"""On Censorship""","""On Censorship""",WORK_OF_ART,,,en,2
Trashcanistans,Trashcanistans,NORP,,,en,2
the mid-90s,the mid-90s,DATE,,,en,2
America First,America First,WORK_OF_ART,,,en,2
this years,this years,DATE,,,en,2
five and a half years,five and a half years,DATE,,,en,2
14 to 18,14 to 18,DATE,,,en,2
33,33,CARDINAL,,,en,2
Only 500,Only 500,CARDINAL,,,en,2
97,97,CARDINAL,,,en,2
39 days,39 days,DATE,,,en,2
1.1 to 1.2 billion barrels,1.1 to 1.2 billion barrels,QUANTITY,,,en,2
Southeast Asian,Southeast Asian,NORP,,,en,2
"76,600","76,600",MONEY,,,en,2
158,158,MONEY,,,en,2
the fourth season,the fourth season,DATE,,,en,2
"day 1,437","day 1,437",DATE,,,en,2
2021,2021,CARDINAL,,,en,2
Ireland T20 World Cup,Ireland T20 World Cup,EVENT,,,en,2
1.5%,1.5%,PERCENT,,,en,2
"March 28, 2026","March 28, 2026",DATE,,,en,2
the Munich Security Conference,the Munich Security Conference,EVENT,,,en,2
a couple of months,a couple of months,DATE,,,en,2
Korean,Korean,NORP,,,en,2
February 23,February 23,DATE,,,en,2
D,D,NORP,,,en,2
March 9,March 9,DATE,,,en,2
Almost exactly a year ago,Almost exactly a year ago,DATE,,,en,2
"Feb 18, 2026","Feb 18, 2026",DATE,,,en,2
35%,35%,PERCENT,,,en,2
two-thirds,two-thirds,CARDINAL,,,en,2
May 2025,May 2025,DATE,,,en,2
14%,14%,PERCENT,,,en,1
roughly 7%,roughly 7%,PERCENT,,,en,1
the Middle Ea,the Middle Ea,DATE,,,en,1
less than a month ago,less than a month ago,DATE,,,en,1
Tomorrow,Tomorrow,DATE,,,en,1
just 3.8%,just 3.8%,PERCENT,,,en,1
41.0%,41.0%,PERCENT,,,en,1
Thursday afternoon,Thursday afternoon,TIME,,,en,1
+1541,+1541,NORP,,,en,1
Sheva,Sheva,FAC,,,en,1
03/19/2026 9:20:38 AM PDT,03/19/2026 9:20:38 AM PDT,TIME,,,en,1
March 2 NICOSIA,March 2 NICOSIA,DATE,,,en,1
"Nearly 1,000","Nearly 1,000",CARDINAL,,,en,1
Iran Briefing Wars,Iran Briefing Wars,EVENT,,,en,1
03/19/2026 8:26:50 AM PDT,03/19/2026 8:26:50 AM PDT,TIME,,,en,1
"March 15, 2026","March 15, 2026",DATE,,,en,1
03/24/2026 12:49:34 PM PDT,03/24/2026 12:49:34 PM PDT,TIME,,,en,1
180,180,MONEY,,,en,1
360,360,MONEY,,,en,1
as much as £360,as much as £360,MONEY,,,en,1
+1412,+1412,NORP,,,en,1
hundreds of kilometers,hundreds of kilometers,QUANTITY,,,en,1
a brutal month,a brutal month,DATE,,,en,1
Vale,Vale,PRODUCT,,,en,1
Middle East War Rocks Iraqi Stability,Middle East War Rocks Iraqi Stability,EVENT,,,en,1
just a few minutes,just a few minutes,TIME,,,en,1
Argentinian,Argentinian,NORP,,,en,1
Lamborghinis,Lamborghinis,PRODUCT,,,en,1
late Saturday,late Saturday,DATE,,,en,1
14 years old,14 years old,DATE,,,en,1
last 20 days,last 20 days,DATE,,,en,1
2K-Year-Old Projectile Carries 'Sarcastic' Message,2K-Year-Old Projectile Carries 'Sarcastic' Message,DATE,,,en,1
4297/$4317,4297/$4317,MONEY,,,en,1
Bahia,Bahia,NORP,,,en,1
17 percent,17 percent,PERCENT,,,en,1
10:55 AM,10:55 AM,TIME,,,en,1
an estimated $20bn,an estimated $20bn,MONEY,,,en,1
nearly three weeks,nearly three weeks,DATE,,,en,1
early in the morning March 23,early in the morning March 23,TIME,,,en,1
early Monday morning,early Monday morning,TIME,,,en,1
Last Friday,Last Friday,DATE,,,en,1
"some 2,000","some 2,000",CARDINAL,,,en,1
Sunday Night,Sunday Night,TIME,,,en,1
"April 10, 2026","April 10, 2026",DATE,,,en,1
+5554,+5554,NORP,,,en,1
last Thursday,last Thursday,DATE,,,en,1
41%,41%,PERCENT,,,en,1
4:22 PM,4:22 PM,TIME,,,en,1
U.S. Iran War,U.S. Iran War,EVENT,,,en,1
5:16 AM,5:16 AM,TIME,,,en,1
+2367,+2367,NORP,,,en,1
8:07 AM,8:07 AM,TIME,,,en,1
$4243/$4266 &,$4243/$4266 &,MONEY,,,en,1
Apr 28,Apr 28,DATE,,,en,1
A couple of months,A couple of months,DATE,,,en,1
Quebecer,Quebecer,NORP,,,en,1
"August 12, 2016","August 12, 2016",DATE,,,en,1
3532/$3593,3532/$3593,MONEY,,,en,1
3544/$3588,3544/$3588,MONEY,,,en,1
12:30 PM,12:30 PM,TIME,,,en,1
Deep State” Speculations Abound Amid Iranian Crisis and Missing Scientist’s Scandal,Deep State” Speculations Abound Amid Iranian Crisis and Missing Scientist’s Scandal,WORK_OF_ART,,,en,1
OnlyFans,OnlyFans,NORP,,,en,1
47,47,DATE,,,en,1
17%,17%,PERCENT,,,en,1
Apr 26,Apr 26,DATE,,,en,1
up to 5 years,up to 5 years,DATE,,,en,1
Iran War Drains US Resources & Fractures NATO,Iran War Drains US Resources & Fractures NATO,EVENT,,,en,1
"10:25 AM
 ","10:25 AM
 ",TIME,,,en,1
up to five years,up to five years,DATE,,,en,1
15 minutes,15 minutes,TIME,,,en,1
800,800,CARDINAL,,,en,1
up to £360,up to £360,MONEY,,,en,1
24 hours ago,24 hours ago,TIME,,,en,1
20 minutes,20 minutes,TIME,,,en,1
‌its,‌its,CARDINAL,,,en,1
the previous 48 hours,the previous 48 hours,TIME,,,en,1
March 26-29,March 26-29,DATE,,,en,1
Each day,Each day,DATE,,,en,1
Apr,Apr,DATE,,,en,1
"more than 9,000","more than 9,000",CARDINAL,,,en,1
Yellow Line,Yellow Line,WORK_OF_ART,,,en,1
more than three weeks ago,more than three weeks ago,DATE,,,en,1
Several hours,Several hours,TIME,,,en,1
the seventh of the year -,the seventh of the year -,DATE,,,en,1
Kurds,Kurds,NORP,,,en,1
+1618 chars,+1618 chars,WORK_OF_ART,,,en,1
about $45,about $45,MONEY,,,en,1
1961,1961,DATE,,,en,1
Fox News Videofoxnews.com,Fox News Videofoxnews.com,WORK_OF_ART,,,en,1
0.5%,0.5%,PERCENT,,,en,1
the Yellow Line,the Yellow Line,FAC,,,en,1
Saint Petersburg - Copyright POOL/,Saint Petersburg - Copyright POOL/,FAC,,,en,1
eight-week-old,eight-week-old,DATE,,,en,1
Iran War Is Disturbing Publishing Industry’s,Iran War Is Disturbing Publishing Industry’s,EVENT,,,en,1
Fox News Video,Fox News Video,WORK_OF_ART,,,en,1
70s,70s,DATE,,,en,1
"Thursday, March 19th","Thursday, March 19th",DATE,,,en,1
the 1950s,the 1950s,DATE,,,en,1
2009,2009,DATE,,,en,1
"March 24, 2026","March 24, 2026",DATE,,,en,1
October 2025,October 2025,DATE,,,en,1
200b,200b,MONEY,,,en,1
Apr 18,Apr 18,DATE,,,en,1
two months ago,two months ago,DATE,,,en,1
between two,between two,CARDINAL,,,en,1
48 hours,48 hours,TIME,,,en,1
just 24 hours ago,just 24 hours ago,TIME,,,en,1
over $500 million,over $500 million,MONEY,,,en,1
Oman,Oman,NORP,0.002840909090909091,0.010416666666666666,en,1
a record 5.2 million barrels,a record 5.2 million barrels,QUANTITY,,,en,1
24-Hour,24-Hour,CARDINAL,,,en,1
2.6%,2.6%,PERCENT,,,en,1
up to 136,up to 136,CARDINAL,,,en,1
The Man Who Would Be King”(1888),The Man Who Would Be King”(1888),WORK_OF_ART,,,en,1
over $5K”,over $5K”,MONEY,,,en,1
watt,watt,CARDINAL,,,en,1
13 s,13 s,QUANTITY,,,en,1
Helga,Helga,PRODUCT,,,en,1
136,136,CARDINAL,,,en,1
Cole,Cole,PRODUCT,,,en,1
"March 19, 2026","March 19, 2026",DATE,,,en,1
We Negotiate With Bombs,We Negotiate With Bombs,WORK_OF_ART,,,en,1
the third week,the third week,DATE,,,en,1
"March 19, 2026 (GLOBE NEWSWIRE) --","March 19, 2026 (GLOBE NEWSWIRE) --",DATE,,,en,1
the decades,the decades,DATE,,,en,1
Just This Month,Just This Month,DATE,,,en,1
85%,85%,PERCENT,,,en,1
more than four decades,more than four decades,DATE,,,en,1
More Fight for Final Spots,More Fight for Final Spots,WORK_OF_ART,,,en,1
earlier in the week,earlier in the week,DATE,,,en,1
Ritalin,Ritalin,PRODUCT,,,en,1
eight-week,eight-week,DATE,,,en,1
approximately 40 kilometers,approximately 40 kilometers,QUANTITY,,,en,1
19%,19%,PERCENT,,,en,1
its first day,its first day,DATE,,,en,1
+4724 chars,+4724 chars,WORK_OF_ART,,,en,1
61st,61st,ORDINAL,,,en,1
Kashmiri,Kashmiri,NORP,,,en,1
the Health Silk Road,the Health Silk Road,FAC,,,en,1
Pezeshkian,Pezeshkian,NORP,,,en,1
occa,occa,DATE,,,en,1
24 March 2026,24 March 2026,DATE,,,en,1
"The post March 27, 1941","The post March 27, 1941",DATE,,,en,1
"April 25, 2026","April 25, 2026",DATE,,,en,1
Friday night,Friday night,TIME,,,en,1
Just over a week ago,Just over a week ago,DATE,,,en,1
2.1%,2.1%,PERCENT,,,en,1
16.8%,16.8%,PERCENT,,,en,1
a crucial week,a crucial week,DATE,,,en,1
Iran war,Iran war,EVENT,,,en,1
Diego Garcia,Diego Garcia,FAC,-0.225,0.275,en,1
+1428 chars,+1428 chars,WORK_OF_ART,,,en,1
Crypto Br…,Crypto Br…,NORP,,,en,1
the Iran war’s,the Iran war’s,EVENT,,,en,1
the Iran war disrupts global energy,the Iran war disrupts global energy,EVENT,,,en,1
Muslim Australians,Muslim Australians,NORP,,,en,1
the Chabahar Port,the Chabahar Port,FAC,,,en,1
a day ago,a day ago,DATE,,,en,1
U.S.-UK Diego Garcia Base,U.S.-UK Diego Garcia Base,FAC,,,en,1
+1542,+1542,NORP,,,en,1
+4591,+4591,NORP,,,en,1
11 and 15,11 and 15,CARDINAL,,,en,1
March 22 to 27,March 22 to 27,DATE,,,en,1
"about 2,500","about 2,500",CARDINAL,,,en,1
Sydney mosque,Sydney mosque,FAC,,,en,1
2011 to 2013,2011 to 2013,DATE,,,en,1
+5912,+5912,NORP,,,en,1
11 years,11 years,DATE,,,en,1
Arsenal Stadium,Arsenal Stadium,FAC,,,en,1
1912,1912,DATE,,,en,1
at least $2.1bn,at least $2.1bn,MONEY,,,en,1
over $470m,over $470m,MONEY,,,en,1
"77,000","77,000",CARDINAL,,,en,1
$470m,$470m,MONEY,,,en,1
+4112,+4112,CARDINAL,,,en,1
Broader … Indian,Broader … Indian,NORP,,,en,1
31%,31%,PERCENT,,,en,1
250,250,CARDINAL,,,en,1
nine days,nine days,DATE,,,en,1
the past 13 years,the past 13 years,DATE,,,en,1
Conference,Conference,EVENT,,,en,1
around 0.3%,around 0.3%,PERCENT,,,en,1
Three years,Three years,DATE,,,en,1
MC14 this week,MC14 this week,DATE,,,en,1
Commonwealth Games,Commonwealth Games,EVENT,,,en,1
over $583,over $583,MONEY,,,en,1
5:49 PM,5:49 PM,TIME,,,en,1
0.9 per cent,0.9 per cent,MONEY,,,en,1
almost 3%,almost 3%,PERCENT,,,en,1
fifth-generation,fifth-generation,DATE,,,en,1
03/20/2026 9:30:05 AM PDT,03/20/2026 9:30:05 AM PDT,TIME,,,en,1
41,41,CARDINAL,,,en,1
March World Cup,March World Cup,EVENT,,,en,1
two years,two years,DATE,,,en,1
96 cents,96 cents,MONEY,,,en,1
the end of Ramadan,the end of Ramadan,DATE,,,en,1
the past six months,the past six months,DATE,,,en,1
Early Warning Radar Plane Spotted Operating Over The Country,Early Warning Radar Plane Spotted Operating Over The Country,PRODUCT,,,en,1
Tobey Prinz Beach Park,Tobey Prinz Beach Park,FAC,,,en,1
around 2.1 billion,around 2.1 billion,MONEY,,,en,1
Druze,Druze,NORP,,,en,1
Syrian,Syrian,NORP,,,en,1
Computing and A,Computing and A,WORK_OF_ART,,,en,1
106.29,106.29,MONEY,,,en,1
the past five years,the past five years,DATE,,,en,1
+1302 chars,+1302 chars,WORK_OF_ART,,,en,1
+2838 chars,+2838 chars,WORK_OF_ART,,,en,1
"March 27, 1941:","March 27, 1941:",DATE,,,en,1
Brooklyn's Domino Square in Domino Park,Brooklyn's Domino Square in Domino Park,FAC,,,en,1
2.16,2.16,MONEY,,,en,1
$800m,$800m,MONEY,,,en,1
up to 50,up to 50,CARDINAL,,,en,1
20th anniversary this Sunday,20th anniversary this Sunday,DATE,,,en,1
37%,37%,PERCENT,,,en,1
+5141,+5141,NORP,,,en,1
New Zealands,New Zealands,NORP,,,en,1
"below $68,000","below $68,000",MONEY,,,en,1
14 months,14 months,DATE,,,en,1
April 24,April 24,DATE,,,en,1
"2,837 crore","2,837 crore",MONEY,,,en,1
$2.5 billion,$2.5 billion,MONEY,,,en,1
$2.4 billion,$2.4 billion,MONEY,,,en,1
Glasgow 2026,Glasgow 2026,FAC,,,en,1
1973,1973,DATE,,,en,1
Domino Park,Domino Park,FAC,,,en,1
Domino Square,Domino Square,FAC,,,en,1
Apr 27,Apr 27,DATE,,,en,1
PhD,PhD,WORK_OF_ART,,,en,1
8pm,8pm,TIME,,,en,1
1.5B,1.5B,MONEY,,,en,1
about an hour,about an hour,TIME,,,en,1
+1099,+1099,NORP,,,en,1
200B,200B,MONEY,,,en,1
"09:34, March 24, 2026","09:34, March 24, 2026",DATE,,,en,1
5 days,5 days,DATE,,,en,1
03/19/2026 10:00:26,03/19/2026 10:00:26,TIME,,,en,1
3:31 PM,3:31 PM,TIME,,,en,1
7:16 AM,7:16 AM,TIME,,,en,1
1:11 PM,1:11 PM,TIME,,,en,1
9%,9%,PERCENT,,,en,1
a single year,a single year,DATE,,,en,1
+1206,+1206,NORP,,,en,1
"April 30, 2026","April 30, 2026",DATE,,,en,1
just 2.4%,just 2.4%,PERCENT,,,en,1
about 20 per cent,about 20 per cent,MONEY,,,en,1
61%,61%,PERCENT,,,en,1
+4104,+4104,NORP,,,en,1
Sa'ar,Sa'ar,CARDINAL,,,en,1
Petrostate Curse:,Petrostate Curse:,WORK_OF_ART,,,en,1
"below $80,000","below $80,000",MONEY,,,en,1
+2206,+2206,NORP,,,en,1
13%,13%,PERCENT,,,en,1
"77,642.53","77,642.53",MONEY,,,en,1
as high as $118,as high as $118,MONEY,,,en,1
the end of June,the end of June,DATE,,,en,1
the past 24 days,the past 24 days,DATE,,,en,1
11:16 AM,11:16 AM,TIME,,,en,1
April 16,April 16,DATE,,,en,1
10th,10th,ORDINAL,,,en,1
the World Cup 2026,the World Cup 2026,EVENT,,,en,1
an injury weeks,an injury weeks,DATE,,,en,1
April 27-30,April 27-30,DATE,,,en,1
Stuxnet,Stuxnet,PRODUCT,,,en,1
the Gaza war,the Gaza war,EVENT,,,en,1
"80,000","80,000",MONEY,,,en,1
Iran Power Plant Strikes,Iran Power Plant Strikes,FAC,,,en,1
Five-Day,Five-Day,DATE,,,en,1
2:06 PM,2:06 PM,TIME,,,en,1
05:02 PM,05:02 PM,TIME,,,en,1
"June 30, 2026","June 30, 2026",DATE,,,en,1
Arrives on Set for Final Day of Filming 'The Riders',Arrives on Set for Final Day of Filming 'The Riders',WORK_OF_ART,,,en,1
2008,2008,DATE,,,en,1
15%,15%,PERCENT,,,en,1
The USS Gerald R. Ford,The USS Gerald R. Ford,PRODUCT,,,en,1
nine-month,nine-month,DATE,,,en,1
May 3,May 3,DATE,,,en,1
the Korean War on,the Korean War on,EVENT,,,en,1
187th,187th,ORDINAL,,,en,1
ANTANANARIVO,ANTANANARIVO,EVENT,,,en,1
Idling,Idling,WORK_OF_ART,,,en,1
1.19%,1.19%,PERCENT,,,en,1
West Texas Intermediate,West Texas Intermediate,PRODUCT,,,en,1
95.20,95.20,MONEY,,,en,1
0.85%,0.85%,PERCENT,,,en,1
9.14 am,9.14 am,QUANTITY,,,en,1
more than six years,more than six years,DATE,,,en,1
SEPTEMBER 3,SEPTEMBER 3,DATE,,,en,1
"1,400","1,400",CARDINAL,,,en,1
Rs 1.52 lakh,Rs 1.52 lakh,MONEY,,,en,1
April 20,April 20,DATE,,,en,1
March 13,March 13,DATE,,,en,1
100.31,100.31,MONEY,,,en,1
"50,000","50,000",MONEY,,,en,1
Watts Up With That,Watts Up With That,WORK_OF_ART,,,en,1
3 September 2025,3 September 2025,DATE,,,en,1
east African,east African,NORP,,,en,1
Pearling Path Car Parks Being Demolished,Pearling Path Car Parks Being Demolished,FAC,,,en,1
03/19/2026 1:16:33 PM PDT,03/19/2026 1:16:33 PM PDT,TIME,,,en,1
Crypto,Crypto,NORP,,,en,1
+4930,+4930,NORP,,,en,1
early Monday,early Monday,DATE,,,en,1
Taiwanese,Taiwanese,NORP,,,en,1
May 15,May 15,DATE,,,en,1
14.5%,14.5%,PERCENT,,,en,1
two years ago,two years ago,DATE,,,en,1
2 years ago,2 years ago,DATE,,,en,1
20%,20%,PERCENT,,,en,1
7:30 p.m.,7:30 p.m.,TIME,,,en,1
1.7%,1.7%,PERCENT,,,en,1
Hours later,Hours later,TIME,,,en,1
+1142,+1142,NORP,,,en,1
"30,000","30,000",MONEY,,,en,1
26.61%,26.61%,PERCENT,,,en,1
Thirty-eight days,Thirty-eight days,DATE,,,en,1
the Hannover Messe,the Hannover Messe,FAC,,,en,1
14.3m,14.3m,QUANTITY,,,en,1
+2819,+2819,CARDINAL,,,en,1
Around four hours,Around four hours,TIME,,,en,1
1.3 million,1.3 million,CARDINAL,,,en,1
+5350 chars,+5350 chars,WORK_OF_ART,,,en,1
30%,30%,PERCENT,,,en,1
Greater Israel,Greater Israel,WORK_OF_ART,,,en,1
The Promised Land,The Promised Land,WORK_OF_ART,,,en,1
+5611 chars,+5611 chars,WORK_OF_ART,,,en,1
Easter vigil,Easter vigil,FAC,,,en,1
North African,North African,NORP,,,en,1
+2031,+2031,NORP,,,en,1
F15-E,F15-E,PRODUCT,,,en,1
animation festival,animation festival,EVENT,,,en,1
an American War,an American War,EVENT,,,en,1
the Iran war jacks,the Iran war jacks,EVENT,,,en,1
the past century,the past century,DATE,,,en,1
the Lifetime Achievement Award,the Lifetime Achievement Award,WORK_OF_ART,,,en,1
Apr 3).The,Apr 3).The,DATE,,,en,1
about 200,about 200,CARDINAL,,,en,1
Good Friday Passion,Good Friday Passion,WORK_OF_ART,,,en,1
680,680,MONEY,,,en,1
4.0,4.0,CARDINAL,,,en,1
Ten,Ten,CARDINAL,,,en,1
+13020 chars,+13020 chars,WORK_OF_ART,,,en,1
St. Peter’s Square,St. Peter’s Square,FAC,,,en,1
Dem,Dem,NORP,,,en,1
the end of the month,the end of the month,DATE,,,en,1
the SundanceFilm Festival CDMX,the SundanceFilm Festival CDMX,LAW,,,en,1
the month,the month,DATE,,,en,1
At least two,At least two,CARDINAL,,,en,1
Only 32,Only 32,CARDINAL,,,en,1
late-night,late-night,TIME,,,en,1
+5442,+5442,CARDINAL,,,en,1
St. Peters Square,St. Peters Square,FAC,,,en,1
First Easter Holiday,First Easter Holiday,DATE,,,en,1
XIV,XIV,PRODUCT,,,en,1
05 April 2026 10:07 PM,05 April 2026 10:07 PM,TIME,,,en,1
Thirty-seven days,Thirty-seven days,DATE,,,en,1
37th day,37th day,DATE,,,en,1
Consentless,Consentless,WORK_OF_ART,,,en,1
08/04/2026,08/04/2026,NORP,,,en,1
5 April 2026,5 April 2026,DATE,,,en,1
six weeks ago,six weeks ago,DATE,,,en,1
Easter day,Easter day,DATE,,,en,1
Holy,Holy,FAC,,,en,1
580,580,MONEY,,,en,1
the 2026 FIFA World Cup…,the 2026 FIFA World Cup…,EVENT,,,en,1
"2,125 MPH","2,125 MPH",QUANTITY,,,en,1
"29,029 feet","29,029 feet",QUANTITY,,,en,1
"April 02, 2026 (GLOBE NEWSWIRE) -- Cre8 Enterprise Limited (Nasdaq: CRE","April 02, 2026 (GLOBE NEWSWIRE) -- Cre8 Enterprise Limited (Nasdaq: CRE",DATE,,,en,1
Cre8,Cre8,WORK_OF_ART,,,en,1
a quarter to three,a quarter to three,DATE,,,en,1
"April 02, 2026","April 02, 2026",DATE,,,en,1
+1340 chars,+1340 chars,WORK_OF_ART,,,en,1
only yesterday,only yesterday,DATE,,,en,1
Download,Download,WORK_OF_ART,,,en,1
"April 11, 2026","April 11, 2026",DATE,,,en,1
"Saturday, April 11, 2026","Saturday, April 11, 2026",DATE,,,en,1
America Firsters,America Firsters,NORP,,,en,1
Cubans,Cubans,NORP,,,en,1
Israel Firsters,Israel Firsters,NORP,,,en,1
million dollar,million dollar,MONEY,,,en,1
9:33 AM,9:33 AM,TIME,,,en,1
only a day,only a day,DATE,,,en,1
+1917 chars,+1917 chars,WORK_OF_ART,,,en,1
April 1st,April 1st,DATE,,,en,1
"294,000","294,000",CARDINAL,,,en,1
the end of May,the end of May,DATE,,,en,1
just weeks,just weeks,DATE,,,en,1
late ⁠last year,late ⁠last year,DATE,,,en,1
April 02,April 02,DATE,,,en,1
32%,32%,PERCENT,,,en,1
1:30 AM,1:30 AM,TIME,,,en,1
Netflix,Netflix,WORK_OF_ART,,,en,1
+2398 chars,+2398 chars,WORK_OF_ART,,,en,1
[Week,[Week,DATE,,,en,1
Pinnacles National Park,Pinnacles National Park,FAC,,,en,1
Weeks,Weeks,DATE,,,en,1
the golden years,the golden years,DATE,,,en,1
3-9 season,3-9 season,DATE,,,en,1
only two days,only two days,DATE,,,en,1
State Park,State Park,FAC,,,en,1
Oracle,Oracle,NORP,-0.1,0.1,en,1
14.9 years,14.9 years,DATE,,,en,1
170 million,170 million,CARDINAL,,,en,1
+ Tomahawk,+ Tomahawk,PRODUCT,,,en,1
Online Streaming Act,Online Streaming Act,LAW,,,en,1
Deg,Deg,WORK_OF_ART,,,en,1
30 Days,30 Days,DATE,,,en,1
14 Years,14 Years,DATE,,,en,1
just hours,just hours,TIME,,,en,1
the Uganda Law Soc,the Uganda Law Soc,LAW,,,en,1
+2337 chars,+2337 chars,WORK_OF_ART,,,en,1
Three weeks,Three weeks,DATE,,,en,1
Possible 2028,Possible 2028,NORP,,,en,1
El Dorado Canyon,El Dorado Canyon,WORK_OF_ART,,,en,1
9 p.m.,9 p.m.,TIME,,,en,1
39 Days,39 Days,DATE,,,en,1
Pe,Pe,WORK_OF_ART,,,en,1
Holy Week,Holy Week,EVENT,,,en,1
less than two hours,less than two hours,TIME,,,en,1
Al-Aqsa,Al-Aqsa,FAC,,,en,1
the Holy Sepulchre,the Holy Sepulchre,FAC,,,en,1
+2642 chars,+2642 chars,WORK_OF_ART,,,en,1
"4,000 years","4,000 years",DATE,,,en,1
this afternoon,this afternoon,TIME,,,en,1
46th,46th,ORDINAL,,,en,1
50 days,50 days,DATE,,,en,1
3C,3C,CARDINAL,,,en,1
more than 30 hours,more than 30 hours,TIME,,,en,1
2029-30,2029-30,DATE,,,en,1
2 million,2 million,CARDINAL,,,en,1
about a million gallons,about a million gallons,QUANTITY,,,en,1
"13,000","13,000",CARDINAL,,,en,1
7th,7th,ORDINAL,,,en,1
"almost 2,000","almost 2,000",CARDINAL,,,en,1
8-year,8-year,CARDINAL,,,en,1
"about 1,000","about 1,000",CARDINAL,,,en,1
$375 million,$375 million,MONEY,,,en,1
five weeks,five weeks,DATE,,,en,1
Ambassador Bridge,Ambassador Bridge,FAC,,,en,1
Europes,Europes,PRODUCT,,,en,1
more than half a dozen,more than half a dozen,CARDINAL,,,en,1
39th day,39th day,DATE,,,en,1
$3.5 billion,$3.5 billion,MONEY,,,en,1
10:44 PM,10:44 PM,TIME,,,en,1
million-dollar,million-dollar,MONEY,,,en,1
Orban-Vance Meeting,Orban-Vance Meeting,FAC,,,en,1
40 years ago,40 years ago,DATE,,,en,1
the past few weeks,the past few weeks,DATE,,,en,1
August,August,DATE,,,en,1
31&nbsp;August to 4 September 2026,31&nbsp;August to 4 September 2026,DATE,,,en,1
the same day,the same day,DATE,,,en,1
the Ambassador Bridge,the Ambassador Bridge,FAC,,,en,1
Rubble,Rubble,FAC,,,en,1
Swedish,Swedish,NORP,,,en,1
Easter Monday,Easter Monday,DATE,,,en,1
"April 07, 2026 (GLOBE NEWSWIRE","April 07, 2026 (GLOBE NEWSWIRE",DATE,,,en,1
8:06 a.m. eastern daylight,8:06 a.m. eastern daylight,TIME,,,en,1
the past three years,the past three years,DATE,,,en,1
More than half,More than half,CARDINAL,,,en,1
About 120,About 120,CARDINAL,,,en,1
Fr…,Fr…,NORP,,,en,1
International Airport,International Airport,FAC,,,en,1
+2975 chars,+2975 chars,WORK_OF_ART,,,en,1
Operation El Dorado Canyon,Operation El Dorado Canyon,FAC,,,en,1
At least 182,At least 182,CARDINAL,,,en,1
"April 09, 2026 (GLOBE NEWSWIRE)","April 09, 2026 (GLOBE NEWSWIRE)",DATE,,,en,1
At least 300,At least 300,CARDINAL,,,en,1
the quarter ended 31 March 2026,the quarter ended 31 March 2026,DATE,,,en,1
"12,000","12,000",CARDINAL,,,en,1
up to 93 mph,up to 93 mph,QUANTITY,,,en,1
Pakistan Pavements,Pakistan Pavements,FAC,,,en,1
$400 million,$400 million,MONEY,,,en,1
the last few months,the last few months,DATE,,,en,1
04/09/2026 8:10:21 AM PDT,04/09/2026 8:10:21 AM PDT,TIME,,,en,1
the finest days,the finest days,DATE,,,en,1
Ultra Sonic,Ultra Sonic,PRODUCT,,,en,1
Dutch,Dutch,NORP,,,en,1
+55 chars,+55 chars,WORK_OF_ART,,,en,1
007,007,CARDINAL,,,en,1
14 nights,14 nights,DATE,,,en,1
1k,1k,MONEY,,,en,1
893,893,MONEY,,,en,1
its 6th week,its 6th week,DATE,,,en,1
roughly 5.5 million,roughly 5.5 million,QUANTITY,,,en,1
MT Hotel,MT Hotel,FAC,,,en,1
around a third,around a third,CARDINAL,,,en,1
"1,800","1,800",CARDINAL,,,en,1
Q1,Q1,CARDINAL,,,en,1
eight months through 31 March,eight months through 31 March,DATE,,,en,1
the Pulitzer Center,the Pulitzer Center,FAC,,,en,1
"April 7, 2026","April 7, 2026",DATE,,,en,1
+3691 chars,+3691 chars,WORK_OF_ART,,,en,1
890,890,CARDINAL,,,en,1
10 minutes,10 minutes,TIME,,,en,1
Eswatini,Eswatini,EVENT,0.8,0.4,en,1
March 31,March 31,DATE,,,en,1
less than a decade,less than a decade,DATE,,,en,1
6 April 2026,6 April 2026,DATE,,,en,1
"over 1,000","over 1,000",CARDINAL,,,en,1
Rural Kenyans,Rural Kenyans,NORP,,,en,1
at least 16%,at least 16%,PERCENT,,,en,1
next year,next year,DATE,,,en,1
Kanye West backlashbbc.com,Kanye West backlashbbc.com,FAC,,,en,1
Over 200,Over 200,CARDINAL,,,en,1
YouTube,YouTube,PRODUCT,,,en,1
+2295,+2295,NORP,,,en,1
"more than 1,000","more than 1,000",CARDINAL,,,en,1
+2243 chars,+2243 chars,WORK_OF_ART,,,en,1
Wireless Festival,Wireless Festival,EVENT,,,en,1
the Wireless Festival,the Wireless Festival,EVENT,,,en,1
more than a m,more than a m,QUANTITY,,,en,1
the end of February,the end of February,DATE,,,en,1
March 25,March 25,DATE,,,en,1
178,178,CARDINAL,,,en,1
as much as 20,as much as 20,CARDINAL,,,en,1
+3231 chars,+3231 chars,WORK_OF_ART,,,en,1
1982,1982,DATE,,,en,1
United Nations Convention on the Law of the Sea,United Nations Convention on the Law of the Sea,LAW,,,en,1
15 April 2026,15 April 2026,DATE,,,en,1
Over 1 million,Over 1 million,CARDINAL,,,en,1
Just a few months,Just a few months,DATE,,,en,1
More than 1 million,More than 1 million,CARDINAL,,,en,1
4.6%,4.6%,PERCENT,,,en,1
a few days,a few days,DATE,,,en,1
nearly four weeks,nearly four weeks,DATE,,,en,1
Canadas,Canadas,NORP,,,en,1
last nights,last nights,DATE,,,en,1
the fall,the fall,DATE,,,en,1
Mr Gaza Project,Mr Gaza Project,WORK_OF_ART,,,en,1
around 20%,around 20%,PERCENT,,,en,1
13 April,13 April,DATE,,,en,1
Forgotten War Enters Its Fourth Year,Forgotten War Enters Its Fourth Year,EVENT,,,en,1
its final days,its final days,DATE,,,en,1
its fourth year,its fourth year,DATE,,,en,1
the Gulf conflict,the Gulf conflict,EVENT,,,en,1
2050,2050,DATE,,,en,1
+15255 chars,+15255 chars,WORK_OF_ART,,,en,1
Trump-Modi,Trump-Modi,PRODUCT,,,en,1
Iran War,Iran War,EVENT,,,en,1
Yongbyon reactor,Yongbyon reactor,FAC,,,en,1
Split,Split,FAC,,,en,1
pro-Palestine,pro-Palestine,NORP,,,en,1
the US,the US,LAW,,,en,1
+2227 chars,+2227 chars,WORK_OF_ART,,,en,1
+2665 chars,+2665 chars,WORK_OF_ART,,,en,1
a Green Future,a Green Future,PRODUCT,,,en,1
+2406,+2406,CARDINAL,,,en,1
Eath Hour,Eath Hour,EVENT,,,en,1
Layer 1,Layer 1,PRODUCT,,,en,1
A day,A day,DATE,,,en,1
+4131,+4131,NORP,,,en,1
the next two days,the next two days,DATE,,,en,1
less than 36 hours,less than 36 hours,TIME,,,en,1
"August 28, 2025","August 28, 2025",DATE,,,en,1
more than a million,more than a million,CARDINAL,,,en,1
Ecuadorian,Ecuadorian,NORP,,,en,1
between five and 10 years,between five and 10 years,DATE,,,en,1
Bahraini,Bahraini,NORP,,,en,1
"7:34 pm 
","7:34 pm 
",TIME,,,en,1
Butterfly Gathering,Butterfly Gathering,WORK_OF_ART,,,en,1
Fallas Festival,Fallas Festival,EVENT,,,en,1
+4841,+4841,NORP,,,en,1
07 April 2026,07 April 2026,TIME,,,en,1
every summer,every summer,DATE,,,en,1
"TKAmy Bizzarri
","TKAmy Bizzarri
",PRODUCT,,,en,1
Italian-American,Italian-American,NORP,,,en,1
15 years ago,15 years ago,DATE,,,en,1
the last few weeks,the last few weeks,DATE,,,en,1
"more than 1,500","more than 1,500",CARDINAL,,,en,1
at least a million,at least a million,CARDINAL,,,en,1
Three million,Three million,CARDINAL,,,en,1
117,117,CARDINAL,,,en,1
Four million,Four million,CARDINAL,,,en,1
up to 50 years ago,up to 50 years ago,DATE,,,en,1
as much as 54%,as much as 54%,PERCENT,,,en,1
"Tuesday, March 24, 2026","Tuesday, March 24, 2026",DATE,,,en,1
Aryan,Aryan,NORP,,,en,1
5:40 AM,5:40 AM,TIME,,,en,1
Uber,Uber,NORP,,,en,1
1886,1886,DATE,,,en,1
the late 19th century,the late 19th century,DATE,,,en,1
the Week,the Week,DATE,,,en,1
+2426 chars,+2426 chars,WORK_OF_ART,,,en,1
+5595,+5595,NORP,,,en,1
"100,000,000","100,000,000",MONEY,,,en,1
"March 26, 2026 (GLOBE NEWSWIRE) --","March 26, 2026 (GLOBE NEWSWIRE) --",DATE,,,en,1
+2455,+2455,CARDINAL,,,en,1
the National Mall,the National Mall,FAC,,,en,1
Each year,Each year,DATE,,,en,1
+12070 chars],+12070 chars],WORK_OF_ART,,,en,1
"Article 9
","Article 9
",WORK_OF_ART,,,en,1
Night Skies,Night Skies,WORK_OF_ART,,,en,1
Arc de Triomphe,Arc de Triomphe,FAC,,,en,1
Article 9,Article 9,WORK_OF_ART,,,en,1
1702-1713,1702-1713,DATE,,,en,1
almost 100 feet,almost 100 feet,QUANTITY,,,en,1
Yemenis,Yemenis,NORP,,,en,1
+2676 chars,+2676 chars,WORK_OF_ART,,,en,1
"March 26, 2026","March 26, 2026",DATE,,,en,1
World Cups,World Cups,EVENT,,,en,1
the past couple of years,the past couple of years,DATE,,,en,1
Basij,Basij,NORP,,,en,1
One month,One month,DATE,,,en,1
March 27,March 27,DATE,,,en,1
2026 International Friendly,2026 International Friendly,EVENT,,,en,1
+4622 chars,+4622 chars,WORK_OF_ART,,,en,1
£35m,£35m,MONEY,,,en,1
Central American,Central American,NORP,,,en,1
US Marines,US Marines,NORP,,,en,1
the 36th,the 36th,DATE,,,en,1
each year,each year,DATE,,,en,1
3:00 PM,3:00 PM,TIME,,,en,1
462465,462465,CARDINAL,,,en,1
Beyond the Screen,Beyond the Screen,WORK_OF_ART,,,en,1
+1839 chars,+1839 chars,WORK_OF_ART,,,en,1
American-Iranian,American-Iranian,NORP,,,en,1
viole,viole,PRODUCT,,,en,1
Western Sydney International Airport,Western Sydney International Airport,FAC,,,en,1
day one,day one,DATE,,,en,1
50 Years,50 Years,DATE,,,en,1
Newest International Airport,Newest International Airport,FAC,,,en,1
1-1,1-1,CARDINAL,,,en,1
next year's,next year's,DATE,,,en,1
nearly half,nearly half,CARDINAL,,,en,1
+9500,+9500,NORP,,,en,1
Bleach’s Final Season,Bleach’s Final Season,LAW,,,en,1
Shueisha,Shueisha,NORP,,,en,1
2001,2001,DATE,,,en,1
its final season,its final season,DATE,,,en,1
Fiji,Fiji,NORP,0.03571428571428571,0.03571428571428571,en,1
more than four tonnes,more than four tonnes,QUANTITY,,,en,1
Monday th…,Monday th…,DATE,,,en,1
more than 40 days,more than 40 days,DATE,,,en,1
Meghans,Meghans,NORP,,,en,1
Barely a few months ago,Barely a few months ago,DATE,,,en,1
Indias,Indias,NORP,,,en,1
the WealthBriefing European,the WealthBriefing European,EVENT,,,en,1
$700 million,$700 million,MONEY,,,en,1
late 2025,late 2025,DATE,,,en,1
Norway Iranian,Norway Iranian,NORP,,,en,1
Croatian,Croatian,NORP,,,en,1
a century,a century,DATE,,,en,1
Bint Jbail hospital,Bint Jbail hospital,FAC,,,en,1
Kuwaits international airport,Kuwaits international airport,FAC,,,en,1
Dubai: External Affairs,Dubai: External Affairs,WORK_OF_ART,,,en,1
more than a fifth,more than a fifth,CARDINAL,,,en,1
six decades,six decades,DATE,,,en,1
"more than 10,000","more than 10,000",CARDINAL,,,en,1
10 million,10 million,CARDINAL,,,en,1
7:52 AM,7:52 AM,TIME,,,en,1
"Tuesday, 31 March 2026","Tuesday, 31 March 2026",DATE,,,en,1
A… Iran Press TV,A… Iran Press TV,EVENT,,,en,1
31st day,31st day,DATE,,,en,1
communist,communist,NORP,,,en,1
Dems,Dems,NORP,,,en,1
early this week,early this week,DATE,,,en,1
More than 100,More than 100,CARDINAL,,,en,1
4:00 PM,4:00 PM,TIME,,,en,1
the World Cup f,the World Cup f,EVENT,,,en,1
57th,57th,ORDINAL,,,en,1
the weeks,the weeks,DATE,,,en,1
twelve,twelve,CARDINAL,,,en,1
eight hours,eight hours,TIME,,,en,1
114th,114th,ORDINAL,,,en,1
this Tuesday,this Tuesday,DATE,,,en,1
14).After,14).After,CARDINAL,,,en,1
03/29/2026 5:44:43 PM P,03/29/2026 5:44:43 PM P,TIME,,,en,1
Trumps Air Force One,Trumps Air Force One,FAC,,,en,1
Palm Beach International Airport,Palm Beach International Airport,FAC,,,en,1
Crikey,Crikey,NORP,,,en,1
last September,last September,DATE,,,en,1
"240,000","240,000",CARDINAL,,,en,1
8:30 AM GMT,8:30 AM GMT,TIME,,,en,1
the Well-Safe Protector Oil Rig,the Well-Safe Protector Oil Rig,FAC,,,en,1
the Stadion Bilin,the Stadion Bilin,FAC,,,en,1
+2702,+2702,NORP,,,en,1
Saturday 28 March,Saturday 28 March,DATE,,,en,1
"March 30, 2026","March 30, 2026",DATE,,,en,1
Bhakt,Bhakt,NORP,,,en,1
Echoes,Echoes,WORK_OF_ART,,,en,1
Nepal,Nepal,NORP,0.001020408163265306,0.004056122448979592,en,1
a second day,a second day,DATE,,,en,1
the month si…,the month si…,DATE,,,en,1
+9575,+9575,NORP,,,en,1
Zionism,Zionism,NORP,,,en,1
The Flight Attendant,The Flight Attendant,WORK_OF_ART,,,en,1
Feb. …,Feb. …,DATE,,,en,1
Olympic Games,Olympic Games,EVENT,,,en,1
"112,000,000","112,000,000",MONEY,,,en,1
April 8,April 8,DATE,,,en,1
Mar 30,Mar 30,DATE,,,en,1
150 Years,150 Years,DATE,,,en,1
The … Six more actors are saying bonjour,The … Six more actors are saying bonjour,WORK_OF_ART,,,en,1
"Old"" Port Wine","Old"" Port Wine",WORK_OF_ART,,,en,1
Your Honor,Your Honor,WORK_OF_ART,,,en,1
70,70,DATE,,,en,1
about 70,about 70,CARDINAL,,,en,1
Xinhua Silk Road,Xinhua Silk Road,FAC,,,en,1
March 16,March 16,DATE,,,en,1
Bessent,Bessent,NORP,,,en,1
Asian Cup,Asian Cup,EVENT,,,en,1
June 2024,June 2024,DATE,,,en,1
Mar 30).Prime,Mar 30).Prime,DATE,,,en,1
more than 600,more than 600,CARDINAL,,,en,1
anti-Zionism,anti-Zionism,NORP,,,en,1
1993,1993,DATE,,,en,1
the second year,the second year,DATE,,,en,1
Mar 7,Mar 7,DATE,,,en,1
one-third,one-third,CARDINAL,,,en,1
at least 30,at least 30,CARDINAL,,,en,1
February 15,February 15,DATE,,,en,1
Munich Security Conference,Munich Security Conference,EVENT,,,en,1
62nd,62nd,ORDINAL,,,en,1
33rd,33rd,ORDINAL,,,en,1
the NATO Defence Ministers' Meeting,the NATO Defence Ministers' Meeting,EVENT,,,en,1
Faroese,Faroese,NORP,,,en,1
one Sunday last month,one Sunday last month,DATE,,,en,1
+629 chars,+629 chars,WORK_OF_ART,,,en,1
troubling,troubling,WORK_OF_ART,,,en,1
Feb 15,Feb 15,DATE,,,en,1
Unexpected Family,Unexpected Family,WORK_OF_ART,,,en,1
early morning,early morning,TIME,,,en,1
At least 30,At least 30,CARDINAL,,,en,1
+1996,+1996,NORP,,,en,1
at least 32,at least 32,CARDINAL,,,en,1
Last Christmas,Last Christmas,DATE,,,en,1
+6200,+6200,NORP,,,en,1
last months,last months,DATE,,,en,1
the Olympic Games,the Olympic Games,EVENT,,,en,1
Guwahati airport,Guwahati airport,FAC,,,en,1
Cambodian,Cambodian,NORP,,,en,1
Christmas,Christmas,DATE,,,en,1
Almost every year,Almost every year,DATE,,,en,1
the Mighty Whale,the Mighty Whale,FAC,,,en,1
"3:44 PM
","3:44 PM
",TIME,,,en,1
Singaporean,Singaporean,NORP,,,en,1
+6915 chars,+6915 chars,WORK_OF_ART,,,en,1
Soviet,Soviet,NORP,,,en,1
last days,last days,DATE,,,en,1
last weeks,last weeks,DATE,,,en,1
World Champion,World Champion,EVENT,,,en,1
June 2025,June 2025,DATE,,,en,1
27 years,27 years,DATE,,,en,1
+87 chars],+87 chars],WORK_OF_ART,,,en,1
half-century,half-century,DATE,,,en,1
25 February,25 February,DATE,,,en,1
Su-35s,Su-35s,NORP,,,en,1
Leggi Feb 17,Leggi Feb 17,EVENT,,,en,1
"nearly 350,000","nearly 350,000",CARDINAL,,,en,1
"nearly €350,000","nearly €350,000",MONEY,,,en,1
350k,350k,MONEY,,,en,1
+7631,+7631,NORP,,,en,1
+1768 chars,+1768 chars,WORK_OF_ART,,,en,1
the T20 World Cup Super Eights,the T20 World Cup Super Eights,EVENT,,,en,1
Demetris,Demetris,NORP,,,en,1
the Pallakele International Stadium,the Pallakele International Stadium,FAC,,,en,1
the Milan Cortina Olympics,the Milan Cortina Olympics,FAC,,,en,1
February 16,February 16,DATE,,,en,1
March 28 - CNBC,March 28 - CNBC,DATE,,,en,1
the Super Eights,the Super Eights,EVENT,,,en,1
the first century,the first century,DATE,,,en,1
unbeaten century,unbeaten century,DATE,,,en,1
April 12th,April 12th,DATE,,,en,1
West Twenty-third Street,West Twenty-third Street,EVENT,,,en,1
more than thirty years,more than thirty years,DATE,,,en,1
only three,only three,CARDINAL,,,en,1
last year's,last year's,DATE,,,en,1
7:35:02 PM PST,7:35:02 PM PST,TIME,,,en,1
trans-Saharan,trans-Saharan,NORP,,,en,1
Taoyuan International Airport,Taoyuan International Airport,FAC,,,en,1
Luxury,Luxury,WORK_OF_ART,,,en,1
Daring’ Marina Person Casting,Daring’ Marina Person Casting,WORK_OF_ART,,,en,1
several years,several years,DATE,,,en,1
853,853,MONEY,,,en,1
Science A,Science A,WORK_OF_ART,,,en,1
Sixty thousand years ago,Sixty thousand years ago,DATE,,,en,1
"60,000 years ago","60,000 years ago",DATE,,,en,1
"January 18, 2026","January 18, 2026",DATE,,,en,1
"August 27, 2023","August 27, 2023",DATE,,,en,1
February 12,February 12,DATE,,,en,1
his day,his day,DATE,,,en,1
Olympian,Olympian,NORP,,,en,1
Dulles International Airport,Dulles International Airport,FAC,,,en,1
Feb 13,Feb 13,DATE,,,en,1
June 202,June 202,DATE,,,en,1
Bored Panda,Bored Panda,WORK_OF_ART,,,en,1
32nd,32nd,ORDINAL,,,en,1
the past 12 days,the past 12 days,DATE,,,en,1
the Winter Games,the Winter Games,EVENT,,,en,1
"as many as 800,000","as many as 800,000",CARDINAL,,,en,1
Between 2020 and 2022,Between 2020 and 2022,DATE,,,en,1
the next five years,the next five years,DATE,,,en,1
+1546 chars,+1546 chars,WORK_OF_ART,,,en,1
11:52 AM,11:52 AM,TIME,,,en,1
International Premieres,International Premieres,EVENT,,,en,1
pm,pm,TIME,,,en,1
Azteca Stadium,Azteca Stadium,FAC,,,en,1
+2441,+2441,NORP,,,en,1
02 13,02 13,DATE,,,en,1
Constitution Square,Constitution Square,FAC,,,en,1
the Ñico López Refinery,the Ñico López Refinery,FAC,,,en,1
291.58,291.58,CARDINAL,,,en,1
8th,8th,DATE,,,en,1
Decades,Decades,DATE,,,en,1
The USS Ford Carrier Strike Grou,The USS Ford Carrier Strike Grou,WORK_OF_ART,,,en,1
Le·g,Le·g,WORK_OF_ART,,,en,1
+5000 chars,+5000 chars,WORK_OF_ART,,,en,1
the New Year,the New Year,EVENT,,,en,1
Zionist,Zionist,NORP,,,en,1
"Conflict
","Conflict
",PRODUCT,,,en,1
"8:30 AM CSTPolitics,","8:30 AM CSTPolitics,",TIME,,,en,1
$27 billion,$27 billion,MONEY,,,en,1
Caravan of the Fox,Caravan of the Fox,WORK_OF_ART,,,en,1
00:03:07Romero,00:03:07Romero,CARDINAL,,,en,1
Super Bowl 60,Super Bowl 60,EVENT,,,en,1
Plum Blossoms,Plum Blossoms,FAC,,,en,1
58:8,58:8,CARDINAL,,,en,1
Your Light Will Break Forth Like the Dawn,Your Light Will Break Forth Like the Dawn,WORK_OF_ART,,,en,1
146,146,CARDINAL,,,en,1
169,169,CARDINAL,,,en,1
Fallen Angel – End Times’ Set As First Film — EFM,Fallen Angel – End Times’ Set As First Film — EFM,WORK_OF_ART,,,en,1
Grammy,Grammy,WORK_OF_ART,,,en,1
Hey Neighbour festival,Hey Neighbour festival,EVENT,,,en,1
Global Citizen's,Global Citizen's,PRODUCT,,,en,1
these Winter Olympics,these Winter Olympics,EVENT,,,en,1
Cortina Curling Stadium,Cortina Curling Stadium,FAC,,,en,1
Chinaâs,Chinaâs,FAC,,,en,1
the Trans-Saharan Gas Pipeline,the Trans-Saharan Gas Pipeline,FAC,,,en,1
a Winter Olympics,a Winter Olympics,EVENT,,,en,1
1990s,1990s,DATE,,,en,1
Four Years of War,Four Years of War,DATE,,,en,1
17th,17th,ORDINAL,,,en,1
02/20/2026 6:08:53 AM PST b,02/20/2026 6:08:53 AM PST b,TIME,,,en,1
10 to 15 days,10 to 15 days,DATE,,,en,1
This 14th,This 14th,DATE,,,en,1
March 17 to April 3,March 17 to April 3,DATE,,,en,1
the 2026 Women's,the 2026 Women's,FAC,,,en,1
March 17 to April 3.This 14th,March 17 to April 3.This 14th,DATE,,,en,1
AFCON 2026,AFCON 2026,DATE,,,en,1
the 2026 Women's AFCONNigéria/@brandiconimageMorocco,the 2026 Women's AFCONNigéria/@brandiconimageMorocco,FAC,,,en,1
Board of Peace’,Board of Peace’,EVENT,,,en,1
+6812 chars,+6812 chars,WORK_OF_ART,,,en,1
Second Thought: US,Second Thought: US,WORK_OF_ART,,,en,1
opening day,opening day,DATE,,,en,1
Some two dozen,Some two dozen,CARDINAL,,,en,1
2.3 million,2.3 million,CARDINAL,,,en,1
his Gaza Peace Plan,his Gaza Peace Plan,EVENT,,,en,1
Prabowo,Prabowo,NORP,,,en,1
more than $7bn,more than $7bn,MONEY,,,en,1
0.98,0.98,MONEY,,,en,1
11.30,11.30,MONEY,,,en,1
inaugural,inaugural,DATE,,,en,1
Nine,Nine,CARDINAL,,,en,1
03:59,03:59,TIME,,,en,1
"Feb 19, 2026","Feb 19, 2026",DATE,,,en,1
October 2024,October 2024,DATE,,,en,1
the Berlin International Film Festival,the Berlin International Film Festival,EVENT,,,en,1
+7659 chars,+7659 chars,WORK_OF_ART,,,en,1
"more than 4,300 miles","more than 4,300 miles",QUANTITY,,,en,1
one day in 1978,one day in 1978,DATE,,,en,1
minutes,minutes,TIME,,,en,1
250km,250km,QUANTITY,,,en,1
Four years,Four years,DATE,,,en,1
the end of the day,the end of the day,DATE,,,en,1
Irishman,Irishman,NORP,,,en,1
Montessori,Montessori,WORK_OF_ART,,,en,1
4:00 PM CSTLast,4:00 PM CSTLast,TIME,,,en,1
"Feb 22, 2026","Feb 22, 2026",DATE,,,en,1
January 2025,January 2025,DATE,,,en,1
just months,just months,DATE,,,en,1
Last July,Last July,DATE,,,en,1
800 years,800 years,DATE,,,en,1
Nearly four years ago,Nearly four years ago,DATE,,,en,1
$1.6 million,$1.6 million,MONEY,,,en,1
thousands of years,thousands of years,DATE,,,en,1
1980,1980,DATE,,,en,1
years ago,years ago,DATE,,,en,1
Kenyan,Kenyan,NORP,,,en,1
Kenyans,Kenyans,NORP,,,en,1
34,34,DATE,,,en,1
this Saturday,this Saturday,DATE,,,en,1
the 2026 Six Nations Round 3,the 2026 Six Nations Round 3,EVENT,,,en,1
about 95 million years,about 95 million years,DATE,,,en,1
"February 20, 2026","February 20, 2026",DATE,,,en,1
Uzbek,Uzbek,NORP,,,en,1
early December,early December,DATE,,,en,1
"7,000km","7,000km",QUANTITY,,,en,1
the Ukraine war,the Ukraine war,EVENT,,,en,1
nearly a year,nearly a year,DATE,,,en,1
1 billion,1 billion,CARDINAL,,,en,1
2026Brussels,2026Brussels,CARDINAL,,,en,1
"February 18, 2026","February 18, 2026",DATE,,,en,1
West African,West African,NORP,,,en,1
At least 37,At least 37,CARDINAL,,,en,1
last Wednesday,last Wednesday,DATE,,,en,1
54,54,CARDINAL,,,en,1
the Super Bowl,the Super Bowl,EVENT,,,en,1
the T20 World Cup Super Eight,the T20 World Cup Super Eight,EVENT,,,en,1
the High Ground,the High Ground,FAC,,,en,1
+4721,+4721,CARDINAL,,,en,1
"123M
","123M
",QUANTITY,,,en,1
204,204,CARDINAL,,,en,1
first-year,first-year,DATE,,,en,1
Allianz Stadium,Allianz Stadium,FAC,,,en,1
Wednesday night,Wednesday night,TIME,,,en,1
more than 15 years,more than 15 years,DATE,,,en,1
the day earlier,the day earlier,DATE,,,en,1
One week ahead of the fourth anniversary,One week ahead of the fourth anniversary,DATE,,,en,1
Nearly four years,Nearly four years,DATE,,,en,1
Nigers,Nigers,NORP,,,en,1
Which Annie Gives It,Which Annie Gives It,WORK_OF_ART,,,en,1
festival,festival,EVENT,,,en,1
14 February 2026,14 February 2026,DATE,,,en,1
17 February 2026,17 February 2026,DATE,,,en,1
17 to 19 February 2026,17 to 19 February 2026,DATE,,,en,1
€81 million,€81 million,MONEY,,,en,1
more than two thousand years ago,more than two thousand years ago,DATE,,,en,1
Denial,Denial,WORK_OF_ART,,,en,1
+1680 chars,+1680 chars,WORK_OF_ART,,,en,1
a dozen,a dozen,CARDINAL,,,en,1
a sunny day,a sunny day,DATE,,,en,1
Tokyo Tower,Tokyo Tower,FAC,,,en,1
nighttime,nighttime,TIME,,,en,1
Dolphins,Dolphins,PRODUCT,,,en,1
February 19,February 19,DATE,,,en,1
3 p.m.,3 p.m.,TIME,,,en,1
10 day,10 day,DATE,,,en,1
10 days,10 days,DATE,,,en,1
"February 6, 2026","February 6, 2026",DATE,,,en,1
the 10 days,the 10 days,DATE,,,en,1
only a 10th,only a 10th,CARDINAL,,,en,1
as billions of dollars,as billions of dollars,MONEY,,,en,1
over 40,over 40,CARDINAL,,,en,1
Wokeism,Wokeism,WORK_OF_ART,,,en,1
"Feb. 19, 2026 (GLOBE NEWSWIRE)","Feb. 19, 2026 (GLOBE NEWSWIRE)",DATE,,,en,1
11:00 AM CSTGeor,11:00 AM CSTGeor,TIME,,,en,1
Crossfire,Crossfire,PRODUCT,,,en,1
PRATIP ACHARYA,PRATIP ACHARYA,PRODUCT,,,en,1
the Mumbai Climate Week,the Mumbai Climate Week,EVENT,,,en,1
more than five decades,more than five decades,DATE,,,en,1
Italyhas,Italyhas,NORP,,,en,1
the Faraglioni di,the Faraglioni di,PRODUCT,,,en,1
the Super Eight,the Super Eight,EVENT,,,en,1
179,179,CARDINAL,,,en,1
the past few months,the past few months,DATE,,,en,1
Downing Street,Downing Street,FAC,,,en,1
27 February 2026,27 February 2026,DATE,,,en,1
22nd,22nd,DATE,,,en,1
International Landscape Study Days,International Landscape Study Days,EVENT,,,en,1
"8,000 miles","8,000 miles",QUANTITY,,,en,1
18421846,18421846,DATE,,,en,1
+1638,+1638,NORP,,,en,1
IPCC,IPCC,PRODUCT,,,en,1
Fourty,Fourty,CARDINAL,,,en,1
four decades,four decades,DATE,,,en,1
seasons,seasons,DATE,,,en,1
year-long,year-long,DATE,,,en,1
day three,day three,DATE,,,en,1
43,43,CARDINAL,,,en,1
less than a week,less than a week,DATE,,,en,1
South Kordofan,South Kordofan,NORP,,,en,1
Kordofan,Kordofan,NORP,,,en,1
+7303,+7303,CARDINAL,,,en,1
7:00 PM,7:00 PM,TIME,,,en,1
12 aprile,12 aprile,DATE,,,en,1
+1661 chars,+1661 chars,WORK_OF_ART,,,en,1
The End of Victory Culture,The End of Victory Culture,WORK_OF_ART,,,en,1
Brisbane Stadium,Brisbane Stadium,FAC,,,en,1
16 October,16 October,DATE,,,en,1
Men's Rugby World Cup,Men's Rugby World Cup,EVENT,,,en,1
$900m,$900m,MONEY,,,en,1
Decades-Old 'Genius Class' Pipeline Is Quietly Fueling Its AI Challenge,Decades-Old 'Genius Class' Pipeline Is Quietly Fueling Its AI Challenge,DATE,,,en,1
the last months,the last months,DATE,,,en,1
Zimbabweans,Zimbabweans,NORP,,,en,1
opposizione,opposizione,ORDINAL,,,en,1
four days,four days,DATE,,,en,1
"Feb 03, 2026","Feb 03, 2026",DATE,,,en,1
Alagoas,Alagoas,NORP,,,en,1
the European Championships,the European Championships,EVENT,,,en,1
early January,early January,DATE,,,en,1
the day before,the day before,DATE,,,en,1
August 2024,August 2024,DATE,,,en,1
neo-Nazi,neo-Nazi,NORP,,,en,1
'Day,'Day,DATE,,,en,1
Twenty-nine-year-old,Twenty-nine-year-old,CARDINAL,,,en,1
about 20,about 20,CARDINAL,,,en,1
Between 9 and 11 February 2023,Between 9 and 11 February 2023,DATE,,,en,1
Nazi,Nazi,NORP,,,en,1
"Saturday, Feb. 21.</li></ul","Saturday, Feb. 21.</li></ul",DATE,,,en,1
"Friday, Feb. 6","Friday, Feb. 6",DATE,,,en,1
+1260 chars,+1260 chars,WORK_OF_ART,,,en,1
earlier this year,earlier this year,DATE,,,en,1
Uralkali,Uralkali,NORP,,,en,1
"July 12, 2025","July 12, 2025",DATE,,,en,1
January 7,January 7,DATE,,,en,1
New Start,New Start,WORK_OF_ART,,,en,1
"Abstract
Background
Mental","Abstract
Background
Mental",WORK_OF_ART,,,en,1
+8202,+8202,NORP,,,en,1
Late Monday evening,Late Monday evening,DATE,,,en,1
the 2026 Guinness Six Nations,the 2026 Guinness Six Nations,EVENT,,,en,1
socialista,socialista,NORP,,,en,1
Secondo un nuovo sondaggio,Secondo un nuovo sondaggio,WORK_OF_ART,,,en,1
+6511,+6511,NORP,,,en,1
Lincoln Memorial,Lincoln Memorial,FAC,,,en,1
two centuries,two centuries,DATE,,,en,1
Southern African,Southern African,NORP,,,en,1
99%,99%,PERCENT,,,en,1
Mezzeh airport,Mezzeh airport,FAC,,,en,1
26 & 27 February:,26 & 27 February:,DATE,,,en,1
over 200 years,over 200 years,DATE,,,en,1
Nice Indian,Nice Indian,NORP,,,en,1
"January 29, 2026","January 29, 2026",DATE,,,en,1
Nobel Peac,Nobel Peac,WORK_OF_ART,,,en,1
The past few weeks,The past few weeks,DATE,,,en,1
the last century,the last century,DATE,,,en,1
over $9 billion,over $9 billion,MONEY,,,en,1
+1253 chars,+1253 chars,WORK_OF_ART,,,en,1
season,season,DATE,,,en,1
Ai Weiweis,Ai Weiweis,WORK_OF_ART,,,en,1
January 2027,January 2027,DATE,,,en,1
one year to 31,one year to 31,DATE,,,en,1
one year to 31 January 2027,one year to 31 January 2027,DATE,,,en,1
every night,every night,TIME,,,en,1
June 1,June 1,DATE,,,en,1
W,W,NORP,,,en,1
"over 3,000 kilometers","over 3,000 kilometers",QUANTITY,,,en,1
50 billion,50 billion,MONEY,,,en,1
$157 million,$157 million,MONEY,,,en,1
28 January 2026,28 January 2026,DATE,,,en,1
+13910,+13910,NORP,,,en,1
22 years,22 years,DATE,,,en,1
1988,1988,DATE,,,en,1
The Karate Kid,The Karate Kid,WORK_OF_ART,,,en,1
Inception,Inception,WORK_OF_ART,,,en,1
Before Sunrise,Before Sunrise,WORK_OF_ART,,,en,1
The Thing,The Thing,WORK_OF_ART,,,en,1
+3562 chars,+3562 chars,WORK_OF_ART,,,en,1
seasonal summer,seasonal summer,DATE,,,en,1
more than two years,more than two years,DATE,,,en,1
9.9%,9.9%,PERCENT,,,en,1
Air Base,Air Base,FAC,,,en,1
Diori Hamani International Airport,Diori Hamani International Airport,FAC,,,en,1
U19 Cricket World Cup 2026,U19 Cricket World Cup 2026,EVENT,,,en,1
the Nigeria Tax Act 2025,the Nigeria Tax Act 2025,LAW,,,en,1
https://punchng.com/tax-reforms-can-unlock-oil-gas-value/,https://punchng.com/tax-reforms-can-unlock-oil-gas-value/,CARDINAL,,,en,1
the Tax Act 2025,the Tax Act 2025,LAW,,,en,1
Nnamdi Azikiwe Interna,Nnamdi Azikiwe Interna,FAC,,,en,1
the Presidential Wing,the Presidential Wing,FAC,,,en,1
43.6%,43.6%,PERCENT,,,en,1
1.6%,1.6%,PERCENT,,,en,1
2.2%,2.2%,PERCENT,,,en,1
3.8%,3.8%,PERCENT,,,en,1
17.0%,17.0%,PERCENT,,,en,1
Colombian,Colombian,NORP,,,en,1
26.6%,26.6%,PERCENT,,,en,1
1．,1．,CARDINAL,,,en,1
Jan 31,Jan 31,DATE,,,en,1
$40 million,$40 million,MONEY,,,en,1
OpenClaw,OpenClaw,PRODUCT,,,en,1
0.5% to 2.6%,0.5% to 2.6%,PERCENT,,,en,1
February 7,February 7,DATE,,,en,1
the next month,the next month,DATE,,,en,1
the T20 World Cup 2026,the T20 World Cup 2026,EVENT,,,en,1
nightly,nightly,DATE,,,en,1
"Saturday, January 31","Saturday, January 31",DATE,,,en,1
San Francisco International Airpo,San Francisco International Airpo,FAC,,,en,1
penultimate,penultimate,ORDINAL,,,en,1
the late afternoon,the late afternoon,TIME,,,en,1
"October 19, 2017","October 19, 2017",DATE,,,en,1
+3652,+3652,NORP,,,en,1
early afternoon,early afternoon,TIME,,,en,1
smaller than 200ml,smaller than 200ml,CARDINAL,,,en,1
Fidan,Fidan,NORP,,,en,1
the Tesero Cross-Country Skiing Stadium,the Tesero Cross-Country Skiing Stadium,FAC,,,en,1
50 year,50 year,DATE,,,en,1
2022.Prosecutor,2022.Prosecutor,CARDINAL,,,en,1
between 1967,between 1967,DATE,,,en,1
last week's,last week's,DATE,,,en,1
the 3rd roundAfter last week's,the 3rd roundAfter last week's,DATE,,,en,1
38%,38%,PERCENT,,,en,1
+10231,+10231,NORP,,,en,1
1st,1st,ORDINAL,,,en,1
gli sforzi,gli sforzi,NORP,,,en,1
a breakthrough year,a breakthrough year,DATE,,,en,1
Lamministrazione Trump,Lamministrazione Trump,WORK_OF_ART,,,en,1
9,9,CARDINAL,,,en,1
31 January,31 January,DATE,,,en,1
nearly a dozen,nearly a dozen,CARDINAL,,,en,1
its opening weekend,its opening weekend,DATE,,,en,1
"just over €37,600","just over €37,600",MONEY,,,en,1
Sixty hours,Sixty hours,TIME,,,en,1
at least 60 hours,at least 60 hours,TIME,,,en,1
a blockbuster year,a blockbuster year,DATE,,,en,1
Febuary 13,Febuary 13,DATE,,,en,1
£3.1 million,£3.1 million,MONEY,,,en,1
"Abstract
Cardiovascular","Abstract
Cardiovascular",WORK_OF_ART,,,en,1
Life Is Possible Again,Life Is Possible Again,WORK_OF_ART,,,en,1
Armenian,Armenian,NORP,,,en,1
"3,313 tonnes","3,313 tonnes",QUANTITY,,,en,1
+4049,+4049,NORP,,,en,1
"February 11, 2026","February 11, 2026",DATE,,,en,1
the end of March,the end of March,DATE,,,en,1
the summers of 2023,the summers of 2023,DATE,,,en,1
the 2023–2024 summers,the 2023–2024 summers,DATE,,,en,1
Peruvian,Peruvian,NORP,,,en,1
+5480,+5480,NORP,,,en,1
"Thursday, February 12","Thursday, February 12",DATE,,,en,1
7.8kg,7.8kg,QUANTITY,,,en,1
Third,Third,ORDINAL,,,en,1
16 Years Old,16 Years Old,DATE,,,en,1
Under 16 Years Old,Under 16 Years Old,DATE,,,en,1
18-Million,18-Million,CARDINAL,,,en,1
last night,last night,TIME,,,en,1
Armenians,Armenians,NORP,,,en,1
Zorlu Performing Arts Center,Zorlu Performing Arts Center,FAC,,,en,1
"Abstract
Tuberculosis","Abstract
Tuberculosis",WORK_OF_ART,,,en,1
arboviruses,arboviruses,PRODUCT,,,en,1
Cornerstone Launching The Untitled Film At EFM,Cornerstone Launching The Untitled Film At EFM,WORK_OF_ART,,,en,1
White House,White House,FAC,,,en,1
Türk,Türk,NORP,,,en,1
Joins Cast,Joins Cast,WORK_OF_ART,,,en,1
the 1920s,the 1920s,DATE,,,en,1
20 February / Call for Contributions,20 February / Call for Contributions,DATE,,,en,1
five years to seven,five years to seven,DATE,,,en,1
83,83,DATE,,,en,1
"February 21, 2025","February 21, 2025",DATE,,,en,1
9 febbraio,9 febbraio,TIME,,,en,1
workdays,workdays,DATE,,,en,1
"February 08, 2026","February 08, 2026",DATE,,,en,1
third season,third season,DATE,,,en,1
Puritans,Puritans,NORP,,,en,1
1630-1640,1630-1640,DATE,,,en,1
The 2026 Winter Olympics,The 2026 Winter Olympics,WORK_OF_ART,,,en,1
Moscow Visit,Moscow Visit,FAC,,,en,1
consentire,consentire,NORP,,,en,1
93,93,CARDINAL,,,en,1
2026 Winter Games,2026 Winter Games,EVENT,,,en,1
I Can’t Pass This Up,I Can’t Pass This Up,WORK_OF_ART,,,en,1
Survivor 50,Survivor 50,WORK_OF_ART,,,en,1
Season 4 Update During,Season 4 Update During,DATE,,,en,1
‘The White Lotus,‘The White Lotus,WORK_OF_ART,,,en,1
6x,6x,CARDINAL,,,en,1
Season 3,Season 3,DATE,,,en,1
the National Drug Law Enforcement Agency,the National Drug Law Enforcement Agency,LAW,,,en,1
Bummed” She Didn’t Get ‘The White Lotus,Bummed” She Didn’t Get ‘The White Lotus,WORK_OF_ART,,,en,1
+1200 chars,+1200 chars,WORK_OF_ART,,,en,1
"Thursday, Feb. 5 through Saturday, March 14.</li></ul","Thursday, Feb. 5 through Saturday, March 14.</li></ul",DATE,,,en,1
the last day,the last day,DATE,,,en,1
the final day,the final day,DATE,,,en,1
madison silver,madison silver,FAC,,,en,1
1977,1977,DATE,,,en,1
anti-Soviet,anti-Soviet,NORP,,,en,1
7:24:31 AM PST,7:24:31 AM PST,TIME,,,en,1
October 26,October 26,DATE,,,en,1
1966,1966,DATE,,,en,1
1963,1963,DATE,,,en,1
Between 1630 and 1640,Between 1630 and 1640,DATE,,,en,1
1640,1640,DATE,,,en,1
Fourteen-year-old,Fourteen-year-old,DATE,,,en,1
just 80,just 80,CARDINAL,,,en,1
March 2019,March 2019,DATE,,,en,1
02/08/2026 8:35:51 AM PST,02/08/2026 8:35:51 AM PST,TIME,,,en,1
Detain and Deport No,Detain and Deport No,WORK_OF_ART,,,en,1
‌groups,‌groups,FAC,,,en,1
+2274 chars,+2274 chars,WORK_OF_ART,,,en,1
di,di,WORK_OF_ART,,,en,1
il,il,NORP,,,en,1
1.589kg,1.589kg,QUANTITY,,,en,1
"7 Words"" Live In Poland With A Fan On Guitar","7 Words"" Live In Poland With A Fan On Guitar",WORK_OF_ART,,,en,1
Feb 7,Feb 7,DATE,,,en,1
Caucasian,Caucasian,NORP,,,en,1
this night,this night,TIME,,,en,1
Madison Square Garden,Madison Square Garden,FAC,,,en,1
MADISON SQUARE GARDEN,MADISON SQUARE GARDEN,FAC,,,en,1
81-72,81-72,DATE,,,en,1
"February 06, 2026","February 06, 2026",DATE,,,en,1
San Siro Stadium,San Siro Stadium,FAC,,,en,1
FEBRUARY 06,FEBRUARY 06,DATE,,,en,1
around 20 percent,around 20 percent,PERCENT,,,en,1
1688-1697,1688-1697,DATE,,,en,1
the end of the Nine Years War,the end of the Nine Years War,DATE,,,en,1
July 8,July 8,DATE,,,en,1
"July 8, 2025","July 8, 2025",DATE,,,en,1
6 months,6 months,DATE,,,en,1
the Dallas Cowboys,the Dallas Cowboys,FAC,,,en,1
"August 2, 2027","August 2, 2027",DATE,,,en,1
"Monday, February 23, 2026","Monday, February 23, 2026",DATE,,,en,1
over one million,over one million,CARDINAL,,,en,1
just 17 minutes,just 17 minutes,TIME,,,en,1
At least 17,At least 17,CARDINAL,,,en,1
03/11/2026 10:52:24 PM PDT,03/11/2026 10:52:24 PM PDT,TIME,,,en,1
the summer of 2011,the summer of 2011,DATE,,,en,1
$70 billion,$70 billion,MONEY,,,en,1
+28,+28,NORP,,,en,1
Beirut waterfront,Beirut waterfront,FAC,,,en,1
the less than two weeks,the less than two weeks,DATE,,,en,1
3.61,3.61,MONEY,,,en,1
+11803,+11803,NORP,,,en,1
"more than 2,600 years","more than 2,600 years",DATE,,,en,1
Vieux Port,Vieux Port,FAC,,,en,1
A year,A year,DATE,,,en,1
the Metropolitano Stadium,the Metropolitano Stadium,FAC,,,en,1
+6476,+6476,NORP,,,en,1
26 March,26 March,DATE,,,en,1
July 1,July 1,DATE,,,en,1
2-5%,2-5%,PERCENT,,,en,1
spring,spring,DATE,,,en,1
more than a week,more than a week,DATE,,,en,1
30 tonnes,30 tonnes,QUANTITY,,,en,1
Mar 26,Mar 26,DATE,,,en,1
2012,2012,DATE,,,en,1
$1.5 billion,$1.5 billion,MONEY,,,en,1
late last month,late last month,DATE,,,en,1
$8.1 billion,$8.1 billion,MONEY,,,en,1
Nordics,Nordics,NORP,,,en,1
secondary,secondary,ORDINAL,,,en,1
the early hours of March 11,the early hours of March 11,TIME,,,en,1
90B,90B,MONEY,,,en,1
Shia,Shia,NORP,,,en,1
approximately 10,approximately 10,CARDINAL,,,en,1
around 10,around 10,CARDINAL,,,en,1
Southwest,Southwest,NORP,,,en,1
+4426 chars,+4426 chars,WORK_OF_ART,,,en,1
773,773,CARDINAL,,,en,1
early March,early March,DATE,,,en,1
the War of Redemption,the War of Redemption,EVENT,,,en,1
$367m,$367m,MONEY,,,en,1
a year,a year,DATE,,,en,1
March 2025,March 2025,DATE,,,en,1
+3141 chars,+3141 chars,WORK_OF_ART,,,en,1
the following day,the following day,DATE,,,en,1
day,day,DATE,,,en,1
Day 13,Day 13,DATE,,,en,1
+8859 chars,+8859 chars,WORK_OF_ART,,,en,1
Matildas,Matildas,NORP,0.5249999999999999,0.375,en,1
about 20%,about 20%,PERCENT,,,en,1
Constantine,Constantine,LANGUAGE,,,en,1
nearly 700,nearly 700,CARDINAL,,,en,1
1903,1903,DATE,,,en,1
Beiruts,Beiruts,NORP,0.0,0.09999999999999999,en,1
Beirut beachfront,Beirut beachfront,FAC,,,en,1
two decades,two decades,DATE,,,en,1
more than 500,more than 500,CARDINAL,,,en,1
145,145,CARDINAL,,,en,1
above $100,above $100,MONEY,,,en,1
the end of this month,the end of this month,DATE,,,en,1
just five months,just five months,DATE,,,en,1
Shia Muslim,Shia Muslim,NORP,,,en,1
Explorer SUV,Explorer SUV,PRODUCT,,,en,1
+3480,+3480,NORP,,,en,1
its eighth day,its eighth day,DATE,,,en,1
almost a fifth,almost a fifth,CARDINAL,,,en,1
a second week,a second week,DATE,,,en,1
Bahrain Desalination Plant,Bahrain Desalination Plant,FAC,,,en,1
+1910,+1910,NORP,,,en,1
At least ten,At least ten,CARDINAL,,,en,1
BahrainAP News Iran Sustains Strikes,BahrainAP News Iran Sustains Strikes,FAC,,,en,1
Last two,Last two,CARDINAL,,,en,1
Malakkal,Malakkal,NORP,,,en,1
the final weekend,the final weekend,DATE,,,en,1
next week's,next week's,DATE,,,en,1
Providence,Providence,WORK_OF_ART,0.0,0.1,en,1
Two weeks ago,Two weeks ago,DATE,,,en,1
Georgetown,Georgetown,FAC,0.0,0.016666666666666666,en,1
8 p.m.,8 p.m.,TIME,,,en,1
14-16,14-16,DATE,,,en,1
43.9%,43.9%,PERCENT,,,en,1
47.5%,47.5%,PERCENT,,,en,1
85.8,85.8,CARDINAL,,,en,1
Vietnamese,Vietnamese,NORP,,,en,1
"08:49 PM
","08:49 PM
",TIME,,,en,1
a day earlier,a day earlier,DATE,,,en,1
+3852 chars,+3852 chars,WORK_OF_ART,,,en,1
the night,the night,TIME,,,en,1
Thai,Thai,NORP,,,en,1
US Embassy,US Embassy,FAC,,,en,1
787-9,787-9,PRODUCT,,,en,1
just 5 months,just 5 months,DATE,,,en,1
2 Games for Free,2 Games for Free,EVENT,,,en,1
+3524 chars,+3524 chars,WORK_OF_ART,,,en,1
chatbot,chatbot,PRODUCT,,,en,1
the Iran War Is,the Iran War Is,EVENT,,,en,1
more than a decade,more than a decade,DATE,,,en,1
Sahelian,Sahelian,NORP,,,en,1
the back row,the back row,DATE,,,en,1
the Six Nations,the Six Nations,EVENT,,,en,1
the regular season,the regular season,DATE,,,en,1
Mizzous,Mizzous,NORP,,,en,1
7 March,7 March,DATE,,,en,1
"Tuesday, March 17.</li></ul","Tuesday, March 17.</li></ul",DATE,,,en,1
"Thursday, March 5","Thursday, March 5",DATE,,,en,1
$111 billion,$111 billion,MONEY,,,en,1
These Day,These Day,WORK_OF_ART,,,en,1
2.5 nights,2.5 nights,DATE,,,en,1
"1,894","1,894",MONEY,,,en,1
"2,529","2,529",MONEY,,,en,1
"2,190","2,190",CARDINAL,,,en,1
one-day,one-day,DATE,,,en,1
120,120,MONEY,,,en,1
Day 10,Day 10,DATE,,,en,1
over $110,over $110,MONEY,,,en,1
Fertilisers,Fertilisers,NORP,,,en,1
the next crop season,the next crop season,DATE,,,en,1
Oak Woods Cemetery,Oak Woods Cemetery,FAC,,,en,1
the age of 84,the age of 84,DATE,,,en,1
Acropolis,Acropolis,FAC,,,en,1
about a week old,about a week old,DATE,,,en,1
Kodansha,Kodansha,NORP,,,en,1
the last days,the last days,DATE,,,en,1
Piracy Shield,Piracy Shield,WORK_OF_ART,,,en,1
14.2 million-euro,14.2 million-euro,MONEY,,,en,1
Consolidating the Foundation and Making All-out Efforts to Promote the Steady and Long-term Progress of Chinese Modernization,Consolidating the Foundation and Making All-out Efforts to Promote the Steady and Long-term Progress of Chinese Modernization,WORK_OF_ART,,,en,1
Kazakhsta,Kazakhsta,LANGUAGE,,,en,1
+12,+12,NORP,,,en,1
Forty-year-old,Forty-year-old,DATE,,,en,1
National Security Act,National Security Act,LAW,,,en,1
more than 5 percent,more than 5 percent,PERCENT,,,en,1
"over 3,000","over 3,000",CARDINAL,,,en,1
Fifteen years ago,Fifteen years ago,DATE,,,en,1
14 pct,14 pct,MONEY,,,en,1
the end of th,the end of th,DATE,,,en,1
+4852,+4852,NORP,,,en,1
Cloudflare,Cloudflare,PRODUCT,,,en,1
"March 18, 2026 (GLOBE NEWSWIRE) -- ESET","March 18, 2026 (GLOBE NEWSWIRE) -- ESET",DATE,,,en,1
"2 March, days","2 March, days",DATE,,,en,1
Just two months,Just two months,DATE,,,en,1
football!Two months,football!Two months,DATE,,,en,1
+2934,+2934,NORP,,,en,1
Two months,Two months,DATE,,,en,1
Rese,Rese,NORP,,,en,1
2031,2031,CARDINAL,,,en,1
USD 5 Billion,USD 5 Billion,MONEY,,,en,1
Cup of Nations,Cup of Nations,EVENT,,,en,1
the early hours of Wednesday,the early hours of Wednesday,TIME,,,en,1
Two months late,Two months late,DATE,,,en,1
30 minutes,30 minutes,TIME,,,en,1
early trading,early trading,DATE,,,en,1
ninth,ninth,ORDINAL,,,en,1
+4792 chars,+4792 chars,WORK_OF_ART,,,en,1
two days,two days,DATE,,,en,1
112,112,MONEY,,,en,1
6.5%,6.5%,PERCENT,,,en,1
110,110,MONEY,,,en,1
Ten Days,Ten Days,DATE,,,en,1
+2498,+2498,NORP,,,en,1
Fifteen years,Fifteen years,DATE,,,en,1
Azeri,Azeri,NORP,,,en,1
16 lakh tonnes,16 lakh tonnes,QUANTITY,,,en,1
2 lakh tonnes,2 lakh tonnes,QUANTITY,,,en,1
3.2 lakh tonnes,3.2 lakh tonnes,QUANTITY,,,en,1
3%,3%,PERCENT,,,en,1
"January 22, 2014","January 22, 2014",DATE,,,en,1
2.4%,2.4%,PERCENT,,,en,1
the same week one,the same week one,DATE,,,en,1
+3712,+3712,NORP,,,en,1
Shut The F*ck Up,Shut The F*ck Up,WORK_OF_ART,,,en,1
200bn,200bn,MONEY,,,en,1
Bab field,Bab field,FAC,,,en,1
early Thursday,early Thursday,DATE,,,en,1
Mar 19,Mar 19,DATE,,,en,1
West Asia War:,West Asia War:,EVENT,,,en,1
03/18/2026 6:12:01 PM PDT,03/18/2026 6:12:01 PM PDT,TIME,,,en,1
"Mar, 2026
 ","Mar, 2026
 ",DATE,,,en,1
a decade later,a decade later,DATE,,,en,1
4%,4%,PERCENT,,,en,1
the last couple years,the last couple years,DATE,,,en,1
World Baseball Classic,World Baseball Classic,EVENT,,,en,1
38,38,DATE,,,en,1
November 8,November 8,DATE,,,en,1
hundreds of thousands,hundreds of thousands,CARDINAL,,,en,1
midnight,midnight,TIME,,,en,1
Ovation Holly,Ovation Holly,FAC,,,en,1
the Dolby Theatre at,the Dolby Theatre at,FAC,,,en,1
Sunday evening,Sunday evening,TIME,,,en,1
the 2026 Oscars,the 2026 Oscars,FAC,,,en,1
Hollywood Boulevard,Hollywood Boulevard,FAC,,,en,1
Oscars night,Oscars night,FAC,,,en,1
+2433,+2433,NORP,,,en,1
03/15/2026 5:00:13 AM,03/15/2026 5:00:13 AM,TIME,,,en,1
third week,third week,DATE,,,en,1
Houthis,Houthis,NORP,0.06666666666666667,0.16666666666666666,en,1
the Qatar Grand Prix,the Qatar Grand Prix,EVENT,,,en,1
War with Iran:,War with Iran:,EVENT,,,en,1
World Championship,World Championship,EVENT,,,en,1
29 November,29 November,DATE,,,en,1
22 November,22 November,DATE,,,en,1
At least four,At least four,CARDINAL,,,en,1
16th day,16th day,DATE,,,en,1
the early hours of Sunday,the early hours of Sunday,TIME,,,en,1
day 16,day 16,DATE,,,en,1
Iran & Lebanon,Iran & Lebanon,FAC,,,en,1
about $100,about $100,MONEY,,,en,1
+1881 chars,+1881 chars,WORK_OF_ART,,,en,1
| Date:,| Date:,DATE,,,en,1
At least 16,At least 16,CARDINAL,,,en,1
approximately one fifth,approximately one fifth,CARDINAL,,,en,1
"Around 5,000","Around 5,000",CARDINAL,,,en,1
Oil Flows Redirected,Oil Flows Redirected,PRODUCT,,,en,1
45,45,DATE,,,en,1
This 1971,This 1971,EVENT,,,en,1
Plymouth Road Runner,Plymouth Road Runner,FAC,,,en,1
More than nine months later,More than nine months later,DATE,,,en,1
June 24,June 24,DATE,,,en,1
$105 billion,$105 billion,MONEY,,,en,1
€90 billion,€90 billion,MONEY,,,en,1
5AM,5AM,CARDINAL,,,en,1
Friday the 13th,Friday the 13th,DATE,,,en,1
day 13,day 13,DATE,,,en,1
onMarch 17,onMarch 17,DATE,,,en,1
Stamford Bridge,Stamford Bridge,FAC,,,en,1
6-pct,6-pct,NORP,,,en,1
June through August,June through August,DATE,,,en,1
U.S. Marines,U.S. Marines,NORP,,,en,1
spans 36 dates,spans 36 dates,DATE,,,en,1
150 million cubic feet,150 million cubic feet,QUANTITY,,,en,1
330,330,CARDINAL,,,en,1
more than one million,more than one million,CARDINAL,,,en,1
one million,one million,CARDINAL,,,en,1
Dream of Another Summer,Dream of Another Summer,WORK_OF_ART,,,en,1
the past six year,the past six year,DATE,,,en,1
Summer,Summer,DATE,,,en,1
"more than 1,400","more than 1,400",CARDINAL,,,en,1
about 10%,about 10%,PERCENT,,,en,1
$100 billion,$100 billion,MONEY,,,en,1
2 weeks,2 weeks,DATE,,,en,1
March 7,March 7,DATE,,,en,1
more than 25%,more than 25%,PERCENT,,,en,1
A week,A week,DATE,,,en,1
Harry Reid International Airport,Harry Reid International Airport,FAC,,,en,1
50s and 60s,50s and 60s,DATE,,,en,1
another thrilling month,another thrilling month,DATE,,,en,1
‌end,‌end,CARDINAL,,,en,1
"some 8,000","some 8,000",CARDINAL,,,en,1
Indonesians,Indonesians,NORP,,,en,1
the Year 2026,the Year 2026,DATE,,,en,1
Falklands,Falklands,NORP,,,en,1
Underwater Photographer of the Year,Underwater Photographer of the Year,WORK_OF_ART,,,en,1
Stunning Photo of Resilient Elephant Seal Pups Wins Underwater Photographer of the Year 2026,Stunning Photo of Resilient Elephant Seal Pups Wins Underwater Photographer of the Year 2026,WORK_OF_ART,,,en,1
Pro-Palestinian,Pro-Palestinian,NORP,,,en,1
over 200,over 200,CARDINAL,,,en,1
+3534,+3534,NORP,,,en,1
a good year,a good year,DATE,,,en,1
more than 30,more than 30,CARDINAL,,,en,1
Danish PM,Danish PM,TIME,,,en,1
late Tuesday,late Tuesday,DATE,,,en,1
At least 25,At least 25,CARDINAL,,,en,1
at least 25,at least 25,CARDINAL,,,en,1
"Friday, June","Friday, June",DATE,,,en,1
"Thursday, June 118pm","Thursday, June 118pm",DATE,,,en,1
VPN,VPN,PRODUCT,,,en,1
just over three months,just over three months,DATE,,,,1
World Cup co,World Cup co,EVENT,,,,1
2004,2004,DATE,,,en,1
up to three years,up to three years,DATE,,,en,1
367 million dollars,367 million dollars,MONEY,,,en,1
026,026,CARDINAL,,,en,1
Africa U-17 Cup of Nations,Africa U-17 Cup of Nations,EVENT,,,en,1
37,37,CARDINAL,,,en,1
Swift,Swift,PRODUCT,,,en,1
March 1.Photo,March 1.Photo,DATE,,,en,1
the 1979 Islamic Revolution,the 1979 Islamic Revolution,EVENT,,,en,1
the Winter Paralympics,the Winter Paralympics,FAC,,,en,1
March 15,March 15,DATE,,,en,1
the Olympic truce,the Olympic truce,EVENT,,,en,1
another night,another night,TIME,,,en,1
2nd day,2nd day,DATE,,,en,1
4.50,4.50,CARDINAL,,,en,1
around 60 tons,around 60 tons,QUANTITY,,,en,1
86,86,DATE,,,en,1
750,750,CARDINAL,,,en,1
the Birkett Six-Hour Relay,the Birkett Six-Hour Relay,EVENT,,,en,1
Six brilliant hours,Six brilliant hours,TIME,,,en,1
recent weeks,recent weeks,DATE,,,en,1
"1,465","1,465",CARDINAL,,,en,1
the first night,the first night,TIME,,,en,1
last June,last June,DATE,,,en,1
the early hours of Saturday morning,the early hours of Saturday morning,TIME,,,en,1
the Iranian New Year,the Iranian New Year,EVENT,,,en,1
Seventh,Seventh,ORDINAL,,,en,1
93 million,93 million,CARDINAL,,,en,1
90 Million,90 Million,CARDINAL,,,en,1
Irania,Irania,WORK_OF_ART,,,en,1
Paralympic Winter Games,Paralympic Winter Games,EVENT,,,en,1
the 2026 Paralympic Winter Games,the 2026 Paralympic Winter Games,EVENT,,,en,1
Paralympics,Paralympics,FAC,,,en,1
Caribbeans,Caribbeans,NORP,,,en,1
Manipulate[GeoGraphics,Manipulate[GeoGraphics,WORK_OF_ART,,,en,1
a 1st,a 1st,DATE,,,en,1
Coexistence,Coexistence,WORK_OF_ART,,,en,1
Direct Connection Requirement,Direct Connection Requirement,LAW,,,en,1
Russia Genocide Case: Declaratory Relief,Russia Genocide Case: Declaratory Relief,EVENT,,,en,1
Moldovans,Moldovans,NORP,,,en,1
"100,000","100,000",CARDINAL,,,en,1
January 2026,January 2026,DATE,,,en,1
12 per cent,12 per cent,MONEY,,,en,1
12%,12%,PERCENT,,,en,1
Jamnagar,Jamnagar,NORP,-0.7,1.0,en,1
the last four years,the last four years,DATE,,,en,1
four gruelling years,four gruelling years,DATE,,,en,1
This month,This month,DATE,,,en,1
Greens,Greens,NORP,,,en,1
the Gaza War,the Gaza War,EVENT,,,en,1
Feb. 18,Feb. 18,DATE,,,en,1
+1645,+1645,NORP,,,en,1
"October 12, 2023","October 12, 2023",DATE,,,en,1
Hospital Boat,Hospital Boat,WORK_OF_ART,,,en,1
WTF Is Going on With Trump,WTF Is Going on With Trump,WORK_OF_ART,,,en,1
Blockchain,Blockchain,FAC,,,en,1
its fifth year,its fifth year,DATE,,,en,1
Jim Crow 2.0,Jim Crow 2.0,WORK_OF_ART,,,en,1
+5307,+5307,NORP,,,en,1
+3513,+3513,NORP,,,en,1
"about 1,000 kilometers","about 1,000 kilometers",QUANTITY,,,en,1
500 kilometer,500 kilometer,QUANTITY,,,en,1
the next morning,the next morning,TIME,,,en,1
the USS “Liberty,the USS “Liberty,PRODUCT,,,en,1
the USS Liberty,the USS Liberty,PRODUCT,,,en,1
the next few months,the next few months,DATE,,,en,1
Super Eights,Super Eights,WORK_OF_ART,,,en,1
2013,2013,DATE,,,en,1
pro-Russian,pro-Russian,NORP,,,en,1
the coming months',the coming months',DATE,,,en,1
April 13 to 23,April 13 to 23,DATE,,,en,1
⁠the coming months,⁠the coming months,DATE,,,en,1
2026 FIFA World Cup,2026 FIFA World Cup,EVENT,,,en,1
the legendar Violence,the legendar Violence,FAC,,,en,1
Blackish,Blackish,NORP,,,en,1
$350m,$350m,MONEY,,,en,1
7pm,7pm,TIME,,,en,1
"Wednesday, February 26","Wednesday, February 26",DATE,,,en,1
MA Chidambaram Stadium,MA Chidambaram Stadium,FAC,,,en,1
World Cup Super Eights,World Cup Super Eights,EVENT,,,en,1
a fifth year,a fifth year,DATE,,,en,1
six hours,six hours,TIME,,,en,1
2:47 AM,2:47 AM,TIME,,,en,1
nights,nights,TIME,,,en,1
nearly $2 billion,nearly $2 billion,MONEY,,,en,1
100 Years,100 Years,DATE,,,en,1
"Wednesday, Feb. 25","Wednesday, Feb. 25",DATE,,,en,1
almost two hours,almost two hours,TIME,,,en,1
Rec… HBO Max,Rec… HBO Max,WORK_OF_ART,,,en,1
February 24,February 24,DATE,,,en,1
Philippine,Philippine,NORP,,,en,1
+1451 chars,+1451 chars,WORK_OF_ART,,,en,1
"55,000","55,000",CARDINAL,,,en,1
+3613,+3613,NORP,,,en,1
23rd,23rd,DATE,,,en,1
"553,000","553,000",MONEY,,,en,1
"1,600 miles","1,600 miles",QUANTITY,,,en,1
a sixth day,a sixth day,DATE,,,en,1
No Clear Plan,No Clear Plan,WORK_OF_ART,,,en,1
17:54:1,17:54:1,CARDINAL,,,en,1
イランの無人機がアゼルバイジャンの飛地ナヒチェバンを攻撃,イランの無人機がアゼルバイジャンの飛地ナヒチェバンを攻撃,PRODUCT,,,en,1
Aug. 38,Aug. 38,DATE,,,en,1
Bangladesh Catholic,Bangladesh Catholic,NORP,,,en,1
August 2027,August 2027,DATE,,,en,1
Asian Catholics,Asian Catholics,NORP,,,en,1
04,04,DATE,,,en,1
Irani,Irani,NORP,,,en,1
Balkan,Balkan,NORP,,,en,1
HMS Dragon,HMS Dragon,PRODUCT,,,en,1
"some 2,500km","some 2,500km",QUANTITY,,,en,1
Mar 5,Mar 5,DATE,,,en,1
Safavid,Safavid,LANGUAGE,,,en,1
1501,1501,CARDINAL,,,en,1
centuries,centuries,DATE,,,en,1
the Call of Duty,the Call of Duty,LAW,,,en,1
next 72 hours,next 72 hours,TIME,,,en,1
June 5,June 5,DATE,,,en,1
Happening Inside Iran,Happening Inside Iran,WORK_OF_ART,,,en,1
Daylight Saving Time,Daylight Saving Time,WORK_OF_ART,,,en,1
Hypos,Hypos,NORP,,,en,1
Daily,Daily,DATE,,,en,1
+24,+24,NORP,,,en,1
Thursday 14,Thursday 14,DATE,,,en,1
"Mar 5, 2026","Mar 5, 2026",DATE,,,en,1
2.5,2.5,CARDINAL,,,en,1
"more than $553,000","more than $553,000",MONEY,,,en,1
Omokri,Omokri,NORP,,,en,1
Nigerian Muslims,Nigerian Muslims,NORP,,,en,1
"around $35,000","around $35,000",MONEY,,,en,1
Mar 6,Mar 6,DATE,,,en,1
almost 90 million,almost 90 million,CARDINAL,,,en,1
more than six days,more than six days,DATE,,,en,1
99 percent,99 percent,PERCENT,,,en,1
Angola,Angola,NORP,0.0,0.001724137931034483,en,1
"March 6, 2026","March 6, 2026",DATE,,,en,1
Friday Afternoon ResearchBuzz,Friday Afternoon ResearchBuzz,TIME,,,en,1
Politico,Politico,NORP,,,en,1
the late 1600s,the late 1600s,DATE,,,en,1
Cherry Blossoms,Cherry Blossoms,PRODUCT,,,en,1
Jebel Ali Port,Jebel Ali Port,FAC,,,en,1
about one-sixth,about one-sixth,CARDINAL,,,en,1
' season,' season,DATE,,,en,1
the Nakhchivan Au,the Nakhchivan Au,FAC,,,en,1
Thursday evening,Thursday evening,TIME,,,en,1
the Eurovision Song Contest 2026,the Eurovision Song Contest 2026,EVENT,,,en,1
the 2026,the 2026,EVENT,,,en,1
145%,145%,PERCENT,,,en,1
the Chinese Century,the Chinese Century,EVENT,,,en,1
$46M,$46M,MONEY,,,en,1
several months,several months,DATE,,,en,1
A year later,A year later,DATE,,,en,1
2 summers,2 summers,DATE,,,en,1
"at least 1,045","at least 1,045",CARDINAL,,,en,1
Austrian,Austrian,NORP,,,en,1
only six,only six,CARDINAL,,,en,1
Strengthening Southern Europe’s,Strengthening Southern Europe’s,NORP,,,en,1
+10702,+10702,NORP,,,en,1
470,470,MONEY,,,en,1
Senior Night at Madison Square Garden,Senior Night at Madison Square Garden,TIME,,,en,1
"February 28, 2026","February 28, 2026",DATE,,,en,1
"March 2, 2026","March 2, 2026",DATE,,,en,1
"March 02, 2026","March 02, 2026",DATE,,,en,1
"10:09, March 03, 2026","10:09, March 03, 2026",DATE,,,en,1
4302.03.2026,4302.03.2026,CARDINAL,,,en,1
+3086,+3086,NORP,,,en,1
the US Embassy,the US Embassy,FAC,,,en,1
⁠in,⁠in,CARDINAL,,,en,1
⁠on Monday,⁠on Monday,DATE,,,en,1
Sokoto,Sokoto,FAC,0.0,0.1,en,1
World War 3 news:,World War 3 news:,EVENT,,,en,1
Wait for Melbourne,Wait for Melbourne,WORK_OF_ART,,,en,1
2 March,2 March,DATE,,,en,1
early this morning,early this morning,TIME,,,en,1
RAF base,RAF base,FAC,,,en,1
every day,every day,DATE,,,en,1
UPSC Prelims 2026,UPSC Prelims 2026,EVENT,,,en,1
its third day,its third day,DATE,,,en,1
1946,1946,DATE,,,en,1
+7301,+7301,NORP,,,en,1
+1624 chars,+1624 chars,WORK_OF_ART,,,en,1
$215 Delivered,$215 Delivered,MONEY,,,en,1
later this week,later this week,DATE,,,en,1
Gen Z’s,Gen Z’s,PRODUCT,,,en,1
Nitto,Nitto,WORK_OF_ART,,,en,1
priso,priso,WORK_OF_ART,,,en,1
"Abstract
","Abstract
",WORK_OF_ART,,,en,1
Formula 1,Formula 1,PRODUCT,,,en,1
F1,F1,CARDINAL,,,en,1
F1 2026,F1 2026,CARDINAL,,,en,1
+13833,+13833,NORP,,,en,1
a fifth day Wednesday,a fifth day Wednesday,DATE,,,en,1
"Wednesday, March 4th","Wednesday, March 4th",DATE,,,en,1
Senior Night at Madison Square,Senior Night at Madison Square,TIME,,,en,1
Tuesday night,Tuesday night,TIME,,,en,1
Senior Night,Senior Night,TIME,,,en,1
"June 11, 2026","June 11, 2026",DATE,,,en,1
Cup 2026,Cup 2026,EVENT,,,en,1
fourth day,fourth day,DATE,,,en,1
"$4,185 to $8,680","$4,185 to $8,680",MONEY,,,en,1
+7353 chars],+7353 chars],WORK_OF_ART,,,en,1
the FIFA World Cup,the FIFA World Cup,EVENT,,,en,1
2:30 am Eastern time,2:30 am Eastern time,TIME,,,en,1
2020,2020,DATE,,,en,1
+4843,+4843,NORP,,,en,1
at least 11,at least 11,CARDINAL,,,en,1
21,21,CARDINAL,,,en,1
"up to $1,000","up to $1,000",MONEY,,,en,1
+8650,+8650,NORP,,,en,1
Mexica,Mexica,NORP,,,en,1
11.33,11.33,MONEY,,,en,1
as little as $11,as little as $11,MONEY,,,en,1
This years,This years,DATE,,,en,1
0.75%,0.75%,PERCENT,,,en,1
