week,sentiment_mean,sentiment_std,subjectivity_mean,subjectivity_std,counting
2025-41,0.2636905658810328,1.0145344483061605,0.31024844369700305,0.746121001766892,25.0
2025-42,-0.006000070920198547,0.7311936291464961,0.0782853468644675,0.7984793960911684,60.0
2025-43,-0.09925368579333613,0.8889460018830649,0.01992203091267066,0.8575205462322816,71.0
2025-44,0.01764961264650241,0.7301265300372362,0.17643762865931206,0.7616949596020213,60.0
2025-45,0.002689020041837397,0.7746646003125846,0.08447601391039135,0.7820842439410038,132.0
2025-46,0.09061993824617717,0.7778524362327359,0.06956116057590293,0.8831871050692157,108.0
2025-47,0.15316120072851722,0.8906153581456531,-0.4240948362792821,0.6864761499919438,6.0
