week,sentiment_mean,sentiment_std,subjectivity_mean,subjectivity_std,counting
2025-41,0.2293322301310932,1.0754200824923932,0.272472636474542,0.9224054261488492,25.0
2025-42,-0.0051819153151933224,0.8150336974469315,0.12310210946957907,0.8777929101380083,67.0
2025-43,-0.016899492517969933,0.9845163870755865,0.07170511403783704,0.8625892706542326,102.0
2025-44,0.022159467099320623,0.8101542988741561,0.0759197564198524,0.8317591802690495,116.0
2025-45,0.043330892312279164,0.8493648401572945,0.011478419646520292,0.8651478412944087,192.0
2025-46,-0.010793269366570258,0.9065000140963413,0.04148883120928135,0.9522880671876427,196.0
2025-47,0.014614778835112939,0.7158361404492509,0.060539770233747736,0.763182394431404,177.0
